id,topic,scene,grammar,vocab,spanish,english,note
greet-meet-01,Greetings & introductions,Meeting someone,1,1,"{1:Hola}, {2:me llamo} {3:Ana}.","{1:Hi}, {2:my name is} {3:Ana}.",Me llamo literally means 'I call myself'.
greet-meet-02,Greetings & introductions,Meeting someone,1,1,¿{1:Cómo} {2:te llamas}?,{1:What}{2:'s your name}?,Literally 'How do you call yourself?'
greet-meet-03,Greetings & introductions,Meeting someone,1,1,{1:Encantad[o|a]}.,{1:Nice to meet you}.,"The ending matches the speaker: encantado (man), encantada (woman)."
greet-meet-04,Greetings & introductions,Meeting someone,1,1,{1:Soy} {2:de} {3:Inglaterra}.,{1:I'm} {2:from} {3:England}.,
greet-meet-05,Greetings & introductions,Meeting someone,1,1,¿{1:De dónde} {2:eres}?,{1:Where} {2:are you} {1:from}?,Spanish keeps 'from where' together at the start.
greet-meet-06,Greetings & introductions,Meeting someone,1,1,"{1:Vivo} {2:en Londres}, {3:pero} {4:trabajo} {5:desde casa}.","{1:I live} {2:in London}, {3:but} {4:I work} {5:from home}.",No 'I' needed: the verb ending already says who.
greet-meet-11,Greetings & introductions,Meeting someone,1,1,{1:Mucho gusto}.,{1:Pleased to meet you}.,
greet-meet-12,Greetings & introductions,Meeting someone,1,1,"{1:Este es} {2:mi marido}, {3:Tom}.","{1:This is} {2:my husband}, {3:Tom}.",
greet-meet-13,Greetings & introductions,Meeting someone,1,1,"{1:Soy} {2:ingl[és|esa]}, {3:pero} {4:mi madre} {5:es} {6:de aquí}.","{1:I'm} {2:English}, {3:but} {4:my mother} {5:is} {6:from here}.",
greet-meet-14,Greetings & introductions,Meeting someone,1,1,{1:Tengo} {2:cuarenta y dos años}.,{1:I'm} {2:forty-two}.,
greet-meet-15,Greetings & introductions,Meeting someone,1,2,{1:Estoy aquí} {2:por trabajo}.,{1:I'm here} {2:for work}.,
greet-meet-16,Greetings & introductions,Meeting someone,1,2,{1:Estoy} {2:de vacaciones} {3:con mi familia}.,{1:I'm} {2:on holiday} {3:with my family}.,
greet-meet-17,Greetings & introductions,Meeting someone,1,2,{1:Somos} {2:vecinos}; {3:vivo} {4:en el tercero}.,{1:We're} {2:neighbours}; {3:I live} {4:on the third floor}.,
greet-meet-18,Greetings & introductions,Meeting someone,1,2,{1:Te presento} a {2:mi compañera de trabajo}.,{1:This is} {2:my colleague}.,
greet-meet-19,Greetings & introductions,Meeting someone,1,3,{1:Me dedico} {2:a la fisioterapia}.,{1:I work} {2:as a physiotherapist}.,
greet-meet-20,Greetings & introductions,Meeting someone,1,3,"{1:Nací} {2:en Escocia}, {3:pero} {4:me crie} {5:en Gales}.","{1:I was born} {2:in Scotland}, {3:but} {4:I grew up} {5:in Wales}.",
greet-meet-07,Greetings & introductions,Meeting someone,2,1,{1:Llegué} {2:aquí} {3:hace} {4:dos semanas}.,{1:I arrived} {2:here} {4:two weeks} {3:ago}.,hace + time = 'ago'. Llegué is the preterite: a finished action.
greet-meet-08,Greetings & introductions,Meeting someone,2,1,{1:Llevo} {2:tres meses} {3:aprendiendo} {4:español}.,{1:I've been} {3:learning} {4:Spanish} {1:for} {2:three months}.,llevar + time + -ando/-iendo = 'have been doing for'.
greet-meet-21,Greetings & introductions,Meeting someone,2,1,"{1:Nos conocimos} {2:en la boda de Lucía}, ¿{3:verdad}?","{1:We met} {2:at Lucía's wedding}, {3:didn't we}?",
greet-meet-22,Greetings & introductions,Meeting someone,2,2,{1:Me mudé} {2:aquí} {3:por mi pareja}.,{1:I moved} {2:here} {3:because of my partner}.,
greet-meet-23,Greetings & introductions,Meeting someone,2,2,{1:Siempre} {2:he querido} {3:vivir} {4:aquí}.,{2:I've} {1:always} {2:wanted} {3:to live} {4:here}.,
greet-meet-24,Greetings & introductions,Meeting someone,2,3,{1:Me han hablado} {2:mucho} {3:de ti}.,{1:I've heard} {2:a lot} {3:about you}.,
greet-meet-09,Greetings & introductions,Meeting someone,3,1,"{1:Si} {2:hablaras} {3:más despacio}, {4:te} {5:entendería} {6:mejor}.","{1:If} {2:you spoke} {3:more slowly}, {5:I'd understand} {4:you} {6:better}.","Si + imperfect subjunctive, then the conditional: an 'if' that isn't real."
greet-meet-10,Greetings & introductions,Meeting someone,3,1,{1:Me alegro} de que {2:por fin} {3:nos hayamos conocido}.,{1:I'm glad} {3:we've} {2:finally} {3:met}.,Feelings + que take the subjunctive (hayamos).
greet-meet-25,Greetings & introductions,Meeting someone,3,2,"{1:Si} {2:no} {3:me hubieras saludado}, {4:no} {5:te habría reconocido}.","{1:If} {3:you had}{2:n't} {3:said hello}, {5:I would}{4:n't} {5:have recognised you}.",
greet-meet-26,Greetings & introductions,Meeting someone,3,2,{1:Me encantaría} que {2:conocieras} a {3:mis amigos}.,{1:I'd love} {2:you to meet} {3:my friends}.,
greet-chat-01,Greetings & introductions,Small talk,1,1,¿{1:Qué tal}?,{1:How's it going}?,
greet-chat-02,Greetings & introductions,Small talk,1,1,"{1:Muy bien}, {2:gracias}. ¿{3:Y tú}?","{1:Very well}, {2:thanks}. {3:And you}?",
greet-chat-03,Greetings & introductions,Small talk,1,1,{1:Me} {2:gusta} {3:mucho} {4:esta ciudad}.,{1:I} {3:really} {2:like} {4:this city}.,gustar works backwards: literally 'this city pleases me a lot'.
greet-chat-04,Greetings & introductions,Small talk,1,1,"{1:Hace} {2:mucho calor} {3:hoy}, ¿{4:verdad}?","{1:It's} {2:really hot} {3:today}, {4:isn't it}?",Weather uses hacer: literally 'it makes a lot of heat'. ¿verdad? works like 'isn't it?'
greet-chat-10,Greetings & introductions,Small talk,1,1,¿{1:Qué tal} {2:el fin de semana}?,{1:How was} {2:your weekend}?,
greet-chat-11,Greetings & introductions,Small talk,1,1,"{1:Todo bien}, {2:gracias}.","{1:All good}, {2:thanks}.",
greet-chat-12,Greetings & introductions,Small talk,1,1,¿{1:Vives} {2:por aquí}?,{1:Do you live} {2:around here}?,
greet-chat-13,Greetings & introductions,Small talk,1,1,¡{1:Qué} {2:día} {3:tan bonito}!,{1:What} {3:a lovely} {2:day}!,
greet-chat-05,Greetings & introductions,Small talk,1,2,¿{1:A qué} {2:te dedicas}?,{1:What} {2:do you do}?,Literally 'To what do you dedicate yourself?' The usual way to ask about someone's job.
greet-chat-14,Greetings & introductions,Small talk,1,2,{1:Hoy} {2:hay} {3:mucha gente} {4:en la calle}.,{2:There are} {3:lots of people} {4:out} {1:today}.,
greet-chat-15,Greetings & introductions,Small talk,1,2,¿{1:Vienes} {2:mucho} {3:por aquí}?,{1:Do you come} {3:here} {2:often}?,
greet-chat-16,Greetings & introductions,Small talk,1,2,{1:Me encanta} {2:tu perro}. ¿{3:Cómo se llama}?,{1:I love} {2:your dog}. {3:What's his name}?,
greet-chat-17,Greetings & introductions,Small talk,1,2,{1:Hace} {2:un tiempo} {3:raro} {4:para esta época}.,{1:It's} {3:strange} {2:weather} {4:for the time of year}.,
greet-chat-21,Greetings & introductions,Small talk,1,2,{1:Hace mucho} que {2:no} {3:te veo}.,{3:I have}{2:n't} {3:seen you} {1:for ages}.,
greet-chat-18,Greetings & introductions,Small talk,1,3,{1:El tráfico} {2:está} {3:fatal} {4:esta mañana}.,{1:The traffic} {2:is} {3:awful} {4:this morning}.,
greet-chat-06,Greetings & introductions,Small talk,2,1,¿{1:Has estado} {2:alguna vez} {3:en Inglaterra}?,{1:Have you} {2:ever} {1:been} {3:to England}?,The present perfect for life experiences.
greet-chat-07,Greetings & introductions,Small talk,2,1,{1:El fin de semana pasado} {2:fuimos} {3:a la playa} {4:con unos amigos}.,{1:Last weekend} {2:we went} {3:to the beach} {4:with some friends}.,fuimos = we went (preterite of ir).
greet-chat-19,Greetings & introductions,Small talk,2,1,¿{1:Qué} {2:hiciste} {3:ayer}?,{1:What} {2:did you do} {3:yesterday}?,
greet-chat-20,Greetings & introductions,Small talk,2,2,¿{1:Has visto} {2:el partido} {3:de anoche}?,{1:Did you see} {3:last night's} {2:match}?,
greet-chat-22,Greetings & introductions,Small talk,2,2,{1:Me han dicho} que {2:te vas} {3:de viaje}.,{1:I hear} {2:you're going} {3:away}.,
greet-chat-23,Greetings & introductions,Small talk,2,3,{1:Este verano} {2:ha sido} {3:un horno}.,{1:This summer} {2:has been} {3:boiling}.,
greet-chat-08,Greetings & introductions,Small talk,3,1,{1:Espero} que {2:te guste} {3:la comida} {4:de aquí}.,{1:I hope} {2:you like} {3:the food} {4:here}.,Espero que + subjunctive: hopes and wishes.
greet-chat-09,Greetings & introductions,Small talk,3,1,"{1:Si} {2:hubiera sabido} que {3:hacía} {4:tanto frío}, {5:habría traído} {6:un abrigo}.","{1:If} {2:I'd known} {3:it was} {4:this cold}, {5:I'd have brought} {6:a coat}.","A past 'if': si + pluperfect subjunctive, then the conditional perfect."
greet-chat-24,Greetings & introductions,Small talk,3,2,¿{1:Qué} {2:harías} {3:si} {4:te tocara} {5:la lotería}?,{1:What} {2:would you do} {3:if} {4:you won} {5:the lottery}?,
greet-chat-25,Greetings & introductions,Small talk,3,2,{1:No me extraña} que {2:necesites} {3:vacaciones} {4:con tanto trabajo}.,{1:No wonder} {2:you need} {3:a holiday} {4:with all that work}.,
greet-bye-01,Greetings & introductions,Saying goodbye,1,1,"{1:Adiós}, {2:hasta luego}.","{1:Bye}, {2:see you later}.",
greet-bye-02,Greetings & introductions,Saying goodbye,1,1,{1:Hasta mañana}.,{1:See you tomorrow}.,Literally 'until tomorrow'.
greet-bye-03,Greetings & introductions,Saying goodbye,1,1,{1:Tengo que} {2:irme}.,{1:I have to} {2:go}.,irse = to leave. irme = 'take myself off'.
greet-bye-07,Greetings & introductions,Saying goodbye,1,1,{1:Hasta pronto}.,{1:See you soon}.,
greet-bye-08,Greetings & introductions,Saying goodbye,1,1,{1:Nos vemos}.,{1:See you}.,
greet-bye-09,Greetings & introductions,Saying goodbye,1,1,{1:Buenas noches}.,{1:Good night}.,
greet-bye-10,Greetings & introductions,Saying goodbye,1,1,{1:Hasta el lunes}.,{1:See you on Monday}.,
greet-bye-11,Greetings & introductions,Saying goodbye,1,1,{1:Ya} {2:es} {3:muy tarde}.,{2:It's} {3:very late} {1:now}.,
greet-bye-12,Greetings & introductions,Saying goodbye,1,2,"{1:Me voy} {2:ya}, que {3:mañana} {4:madrugo}.",{1:I'm off} {2:now}; {4:I've got an early start} {3:tomorrow}.,
greet-bye-13,Greetings & introductions,Saying goodbye,1,2,{1:Gracias por} {2:todo}.,{1:Thanks for} {2:everything}.,
greet-bye-14,Greetings & introductions,Saying goodbye,1,2,{1:Dale recuerdos} {2:a tu madre}.,{1:Give my regards} {2:to your mother}.,
greet-bye-15,Greetings & introductions,Saying goodbye,1,2,{1:Tenemos que} {2:repetirlo}.,{1:We must} {2:do this again}.,
greet-bye-16,Greetings & introductions,Saying goodbye,1,3,{1:Me tengo que ir} {2:corriendo}.,{1:I have to} {2:dash}.,
greet-bye-04,Greetings & introductions,Saying goodbye,2,1,{1:Me lo he pasado} {2:muy bien}.,{1:I've had} {2:a great time}.,pasárselo bien = to have a good time.
greet-bye-17,Greetings & introductions,Saying goodbye,2,1,{1:Ha sido} {2:un placer}.,{1:It's been} {2:a pleasure}.,
greet-bye-18,Greetings & introductions,Saying goodbye,2,1,{1:Cuídate} {2:mucho}.,{1:Take} {2:good} {1:care}.,
greet-bye-19,Greetings & introductions,Saying goodbye,2,2,{1:Te llamo} {2:la semana que viene}.,{1:I'll call you} {2:next week}.,
greet-bye-20,Greetings & introductions,Saying goodbye,2,2,{1:Escríbeme} {2:cuando} {3:puedas}.,{1:Write to me} {2:when} {3:you can}.,
greet-bye-21,Greetings & introductions,Saying goodbye,2,2,{1:Saluda} a {2:todos} {3:de mi parte}.,{1:Say hello} {2:to everyone} {3:for me}.,
greet-bye-06,Greetings & introductions,Saying goodbye,3,1,{1:Ojalá} {2:pudiéramos} {3:quedarnos} {4:más tiempo}.,{1:I wish} {2:we could} {3:stay} {4:longer}.,Ojalá + imperfect subjunctive: a wish that probably won't come true.
greet-bye-22,Greetings & introductions,Saying goodbye,3,1,{1:Que tengas} {2:buen viaje}.,{1:Have} {2:a good trip}.,"Que + subjunctive, a set way of wishing someone well."
greet-bye-23,Greetings & introductions,Saying goodbye,3,1,{1:Que} {2:te vaya} {3:bien}.,{1:I hope} {2:it goes} {3:well}.,
greet-bye-05,Greetings & introductions,Saying goodbye,3,2,{1:Avísame} {2:cuando} {3:llegues} {4:a casa}.,{1:Let me know} {2:when} {3:you get} {4:home}.,cuando + subjunctive for a moment that hasn't happened yet.
greet-bye-24,Greetings & introductions,Saying goodbye,3,2,"{1:Si} {2:vuelves} {3:por aquí}, {4:avísame}.","{1:If} {2:you're} {3:ever back this way}, {4:let me know}.",
greet-bye-25,Greetings & introductions,Saying goodbye,3,2,{1:Ojalá} {2:nos veamos} {3:pronto}.,{1:I hope} {2:we see each other} {3:soon}.,
greet-polite-01,Greetings & introductions,Polite basics,1,1,{1:Muchas gracias}.,{1:Thank you very much}.,
greet-polite-02,Greetings & introductions,Polite basics,1,1,{1:De nada}.,{1:You're welcome}.,Literally 'of nothing'.
greet-polite-03,Greetings & introductions,Polite basics,1,1,{1:Lo siento} {2:mucho}.,{1:I'm} {2:very} {1:sorry}.,
greet-polite-04,Greetings & introductions,Polite basics,1,1,{1:Con permiso}.,{1:Excuse me}.,Said when squeezing past someone or leaving the table.
greet-polite-05,Greetings & introductions,Polite basics,1,1,{1:No pasa nada}.,{1:Don't worry about it}.,Literally 'nothing happens'.
greet-polite-06,Greetings & introductions,Polite basics,1,1,¿{1:Puedo} {2:pasar}?,{1:Can I} {2:come in}?,
greet-polite-07,Greetings & introductions,Polite basics,1,1,{1:Por supuesto}.,{1:Of course}.,
greet-polite-08,Greetings & introductions,Polite basics,1,1,{1:Gracias} {2:por} {3:venir}.,{1:Thanks} {2:for} {3:coming}.,After a preposition Spanish uses the infinitive where English uses -ing.
greet-polite-09,Greetings & introductions,Polite basics,1,1,{1:Perdona} {2:por} {3:llegar tarde}.,{1:Sorry} {2:for} {3:being late}.,
greet-polite-17,Greetings & introductions,Polite basics,1,1,¡{1:Salud}!,{1:Bless you}!,Said when someone sneezes.
greet-polite-18,Greetings & introductions,Polite basics,1,1,{1:Muy amable}.,{1:That's very kind}.,
greet-polite-19,Greetings & introductions,Polite basics,1,1,{1:No hay de qué}.,{1:Not at all}.,A reply to thanks.
greet-polite-10,Greetings & introductions,Polite basics,1,2,{1:Disculpa} {2:la molestia}.,{1:Sorry for} {2:the bother}.,
greet-polite-11,Greetings & introductions,Polite basics,1,2,{1:Te} {2:agradezco} {3:mucho} {4:la ayuda}.,{2:I'm} {3:really} {2:grateful} {1:to you} {4:for the help}.,
greet-polite-20,Greetings & introductions,Polite basics,1,2,{1:Siento} {2:interrumpir}.,{1:Sorry} {2:to interrupt}.,
greet-polite-21,Greetings & introductions,Polite basics,1,2,¿{1:Le importa} {2:si} {3:me siento} {4:aquí}?,{1:Do you mind} {2:if} {3:I sit} {4:here}?,
greet-polite-22,Greetings & introductions,Polite basics,1,2,{1:Gracias} {2:de todas formas}.,{1:Thanks} {2:anyway}.,
greet-polite-23,Greetings & introductions,Polite basics,1,2,"{1:Disculpe}, ¿{2:me deja} {3:pasar}?","{1:Excuse me}, {2:could I} {3:get past}?",
greet-polite-24,Greetings & introductions,Polite basics,1,3,{1:Te agradezco} {2:muchísimo} {3:el detalle}.,{1:Thank you} {2:so much} {3:for the thought}.,
greet-polite-12,Greetings & introductions,Polite basics,2,1,¿{1:Le importaría} {2:cerrar} {3:la ventana}?,{1:Would you mind} {2:closing} {3:the window}?,importar works like gustar: 'would it matter to you?'
greet-polite-13,Greetings & introductions,Polite basics,2,1,{1:Me ha encantado} {2:conocerte}.,{1:It's been lovely} {2:meeting you}.,
greet-polite-25,Greetings & introductions,Polite basics,2,1,{1:Gracias por} {2:avisarme}.,{1:Thanks for} {2:letting me know}.,
greet-polite-26,Greetings & introductions,Polite basics,2,2,{1:Disculpa} {2:el desorden}.,{1:Excuse} {2:the mess}.,
greet-polite-27,Greetings & introductions,Polite basics,2,2,"{1:Si} {2:no} {3:es} {4:molestia}, ¿{5:me podría} {6:ayudar}?","{1:If} {3:it's} {2:no} {4:trouble}, {5:could you} {6:help} {5:me}?",
greet-polite-14,Greetings & introductions,Polite basics,3,1,{1:Siento} {2:no} {3:haber podido} {4:venir}.,{1:I'm sorry} {3:I could}{2:n't} {4:come}.,haber + participle: 'not to have been able'.
greet-polite-28,Greetings & introductions,Polite basics,3,1,"{1:Perdona}, {2:no} {3:te había visto}.","{1:Sorry}, {3:I had}{2:n't} {3:seen you}.",
greet-polite-15,Greetings & introductions,Polite basics,3,2,{1:Te agradecería} que {2:me avisaras} {3:antes}.,{1:I'd appreciate it if} {2:you let me know} {3:beforehand}.,Conditional + que + imperfect subjunctive: a polite request.
greet-polite-16,Greetings & introductions,Polite basics,3,2,{1:No} {2:hacía falta} que {3:te molestaras}.,{3:You} {2:did}{1:n't} {2:have to} {3:go to the trouble}.,
greet-languages-01,Greetings & introductions,Languages & learning,1,1,{1:Hablo} {2:un poco de} {3:español}.,{1:I speak} {2:a little} {3:Spanish}.,
greet-languages-02,Greetings & introductions,Languages & learning,1,1,{1:No} {2:entiendo} {3:esta palabra}.,{2:I do}{1:n't} {2:understand} {3:this word}.,
greet-languages-03,Greetings & introductions,Languages & learning,1,1,¿{1:Cómo} {2:se dice} {3:'window'} {4:en español}?,{1:How} {2:do you say} {3:'window'} {4:in Spanish}?,A fixed survival question: learn it as a chunk.
greet-languages-04,Greetings & introductions,Languages & learning,1,1,¿{1:Puedes} {2:hablar} {3:más despacio}?,{1:Can you} {2:speak} {3:more slowly}?,
greet-languages-05,Greetings & introductions,Languages & learning,1,2,¿{1:Qué} {2:significa} {3:'madrugar'}?,{1:What} {2:does} {3:'madrugar'} {2:mean}?,
greet-languages-06,Greetings & introductions,Languages & learning,1,2,{1:Estoy aprendiendo} {2:español} {3:con una aplicación}.,{1:I'm learning} {2:Spanish} {3:with an app}.,
greet-languages-07,Greetings & introductions,Languages & learning,1,2,{1:Me cuesta} {2:mucho} {3:la pronunciación}.,{1:I find} {3:pronunciation} {2:really} {1:hard}.,costar here works like gustar: 'pronunciation costs me a lot'.
greet-languages-16,Greetings & introductions,Languages & learning,1,2,{1:Hablo} {2:mejor} {3:de lo que} {4:escribo}.,{1:I speak} {2:better} {3:than} {4:I write}.,
greet-languages-17,Greetings & introductions,Languages & learning,1,2,¿{1:Me corriges} {2:si} {3:digo} {4:algo mal}?,{1:Will you correct me} {2:if} {3:I say} {4:something wrong}?,
greet-languages-18,Greetings & introductions,Languages & learning,1,2,{1:Leo} {2:el periódico} {3:en español} {4:para practicar}.,{1:I read} {2:the paper} {3:in Spanish} {4:to practise}.,
greet-languages-08,Greetings & introductions,Languages & learning,1,3,{1:Me confundo} {2:siempre} {3:con} {4:los verbos irregulares}.,{1:I} {2:always} {1:get mixed up} {3:with} {4:irregular verbs}.,
greet-languages-19,Greetings & introductions,Languages & learning,1,3,{1:Lo tengo} {2:en la punta de la lengua}.,{1:It's} {2:on the tip of my tongue}.,
greet-languages-20,Greetings & introductions,Languages & learning,1,3,{1:Estoy} {2:haciendo} {3:un curso intensivo}.,{1:I'm} {2:doing} {3:an intensive course}.,
greet-languages-09,Greetings & introductions,Languages & learning,2,1,¿{1:Me} {2:lo} {3:puedes} {4:escribir}?,{3:Can you} {4:write} {2:it} {4:down} {1:for me}?,
greet-languages-10,Greetings & introductions,Languages & learning,2,1,{1:Llevo} {2:un año} {3:yendo} {4:a clases de español}.,{1:I've been} {3:going} {4:to Spanish classes} {1:for} {2:a year}.,
greet-languages-11,Greetings & introductions,Languages & learning,2,1,"{1:Estudié} {2:francés} {3:en el colegio}, {4:pero} {5:lo} {6:he olvidado} {7:casi todo}.","{1:I studied} {2:French} {3:at school}, {4:but} {6:I've forgotten} {7:almost all} {5:of it}.",
greet-languages-21,Greetings & introductions,Languages & learning,2,1,¿{1:Cómo} {2:se dice} {3:esto} {4:en español}?,{1:How} {2:do you say} {3:this} {4:in Spanish}?,
greet-languages-22,Greetings & introductions,Languages & learning,2,1,"{1:Perdón}, {2:no} {3:te he entendido}.","{1:Sorry}, {3:I did}{2:n't} {3:understand you}.",
greet-languages-12,Greetings & introductions,Languages & learning,2,2,"{1:Antes} {2:no} {3:entendía} {4:nada}, {5:pero} {6:ahora} {7:sigo} {8:las conversaciones}.","{1:Before}, {3:I did}{2:n't} {3:understand} {4:anything}, {5:but} {6:now} {7:I can follow} {8:conversations}.",The imperfect for how things used to be.
greet-languages-23,Greetings & introductions,Languages & learning,2,2,{1:Se me ha olvidado} {2:la palabra}.,{1:I've forgotten} {2:the word}.,
greet-languages-24,Greetings & introductions,Languages & learning,2,2,{1:Antes me daba vergüenza} {2:hablar}.,{1:I used to be too embarrassed} {2:to speak}.,
greet-languages-13,Greetings & introductions,Languages & learning,3,1,{1:Ojalá} {2:hubiera empezado} {3:a aprender} {4:antes}.,{1:I wish} {2:I'd started} {3:learning} {4:sooner}.,Ojalá + pluperfect subjunctive: regret about the past.
greet-languages-25,Greetings & introductions,Languages & learning,3,1,{1:Ojalá} {2:pudiera} {3:pensar} {4:en español}.,{1:I wish} {2:I could} {3:think} {4:in Spanish}.,
greet-languages-14,Greetings & introductions,Languages & learning,3,2,"{1:Si} {2:practicara} {3:más} {4:a menudo}, {5:hablaría} {6:con más fluidez}.","{1:If} {2:I practised} {3:more} {4:often}, {5:I'd speak} {6:more fluently}.",
greet-languages-15,Greetings & introductions,Languages & learning,3,2,"{1:Me corrigen} {2:cuando} {3:me equivoco}, {4:lo cual} {5:agradezco} {6:mucho}.","{1:People correct me} {2:when} {3:I make mistakes}, {4:which} {5:I} {6:really} {5:appreciate}.","lo cual = 'which', referring back to a whole idea."
greet-languages-26,Greetings & introductions,Languages & learning,3,3,"{1:Por mucho que} {2:estudie}, {3:el subjuntivo} {4:se me resiste}.","{1:However much} {2:I study}, {3:the subjunctive} {4:still defeats me}.",
greet-life-01,Greetings & introductions,Your life story,1,1,{1:Tengo} {2:treinta y cinco años}.,{1:I'm} {2:thirty-five}.,Age uses tener: 'I have 35 years'.
greet-life-02,Greetings & introductions,Your life story,1,1,{1:Estoy casad[o|a]} {2:y} {3:tengo} {4:dos hijos}.,{1:I'm married} {2:and} {3:I have} {4:two children}.,
greet-life-15,Greetings & introductions,Your life story,1,1,{1:Vivo} {2:con mi pareja} {3:y} {4:dos gatos}.,{1:I live} {2:with my partner} {3:and} {4:two cats}.,
greet-life-16,Greetings & introductions,Your life story,1,2,{1:Tengo} {2:dos nietos}.,{1:I have} {2:two grandchildren}.,
greet-life-17,Greetings & introductions,Your life story,1,2,{1:Estoy divorciad[o|a]}.,{1:I'm divorced}.,
greet-life-18,Greetings & introductions,Your life story,1,2,{1:Soy} {2:[el|la] mayor} {3:de tres hermanos}.,{1:I'm} {2:the eldest} {3:of three}.,
greet-life-19,Greetings & introductions,Your life story,1,2,{1:Llevo} {2:veinte años} {3:casad[o|a]}.,{1:I've been} {3:married} {1:for} {2:twenty years}.,
greet-life-03,Greetings & introductions,Your life story,2,1,{1:Nací} {2:en Manchester}.,{1:I was born} {2:in Manchester}.,
greet-life-04,Greetings & introductions,Your life story,2,1,{1:Conocí} a {2:mi pareja} {3:en la universidad}.,{1:I met} {2:my partner} {3:at university}.,
greet-life-05,Greetings & introductions,Your life story,2,1,{1:Nunca} {2:he vivido} {3:sol[o|a]}.,{2:I've} {1:never} {2:lived} {3:on my own}.,
greet-life-20,Greetings & introductions,Your life story,2,1,"{1:De joven}, {2:viajaba} {3:muchísimo}.","{1:When I was young}, {2:I used to travel} {3:a lot}.",
greet-life-06,Greetings & introductions,Your life story,2,2,{1:Crecí} {2:en un pueblo} {3:pequeño} {4:cerca del mar}.,{1:I grew up} {2:in a} {3:small} {2:town} {4:near the sea}.,
greet-life-07,Greetings & introductions,Your life story,2,2,"{1:Cuando} {2:tenía} {3:dieciocho años}, {4:me mudé} {5:a Londres}.","{1:When} {2:I was} {3:eighteen}, {4:I moved} {5:to London}.","Imperfect for the background (tenía), preterite for the event (me mudé)."
greet-life-08,Greetings & introductions,Your life story,2,2,{1:Viví} {2:tres años} {3:en el extranjero}.,{1:I lived} {3:abroad} {1:for} {2:three years}.,
greet-life-09,Greetings & introductions,Your life story,2,2,"{1:De niñ[o|a]}, {2:quería} {3:ser} {4:astronauta}.","{1:As a child}, {2:I wanted} {3:to be} {4:an astronaut}.",
greet-life-10,Greetings & introductions,Your life story,2,2,{1:Estoy jubilad[o|a]} {2:desde hace} {3:dos años}.,{1:I've been retired} {2:for} {3:two years}.,"desde hace + time = 'for', when it's still true now."
greet-life-21,Greetings & introductions,Your life story,2,2,{1:Estudié} {2:Historia} {3:en Leeds}.,{1:I studied} {2:history} {3:in Leeds}.,
greet-life-22,Greetings & introductions,Your life story,2,2,{1:Me jubilé} {2:a los sesenta}.,{1:I retired} {2:at sixty}.,
greet-life-23,Greetings & introductions,Your life story,2,2,{1:Me he mudado} {2:cinco veces} {3:en diez años}.,{1:I've moved} {2:five times} {3:in ten years}.,
greet-life-11,Greetings & introductions,Your life story,3,1,"{1:Si} {2:no} {3:me hubiera mudado}, {4:no} {5:te habría conocido}.","{1:If} {3:I had}{2:n't} {3:moved}, {5:I would}{4:n't} {5:have met you}.",
greet-life-12,Greetings & introductions,Your life story,3,2,"{1:Cuando} {2:me jubile}, {3:quiero} {4:vivir} {5:en el campo}.","{1:When} {2:I retire}, {3:I want} {4:to live} {5:in the countryside}.",cuando + subjunctive for the future.
greet-life-13,Greetings & introductions,Your life story,3,2,"{1:Mis padres} {2:querían} que {3:estudiara} {4:Medicina}, {5:pero} {6:yo} {7:elegí} {8:Historia}.","{1:My parents} {2:wanted} {3:me to study} {4:medicine}, {5:but} {6:I} {7:chose} {8:history}.",querer que + subjunctive: wanting someone else to do something.
greet-life-14,Greetings & introductions,Your life story,3,2,"{1:Para cuando} {2:cumpla} {3:cuarenta}, {4:habré visitado} {5:todos los continentes}.","{1:By the time} {2:I turn} {3:forty}, {4:I'll have visited} {5:every continent}.",
greet-life-24,Greetings & introductions,Your life story,3,2,{1:Nunca} {2:pensé} que {3:acabaría} {4:viviendo} {5:en el extranjero}.,{2:I} {1:never} {2:thought} {3:I'd end up} {4:living} {5:abroad}.,
greet-life-25,Greetings & introductions,Your life story,3,2,{1:Ojalá} {2:hubiera aprendido} {3:a tocar el piano} {4:de pequeñ[o|a]}.,{1:I wish} {2:I'd learnt} {3:to play the piano} {4:as a child}.,
greet-friends-01,Greetings & introductions,Friends of friends,1,1,{1:Este} {2:es} {3:mi amigo Pablo}.,{1:This} {2:is} {3:my friend Pablo}.,
greet-friends-02,Greetings & introductions,Friends of friends,1,1,¿{1:Nos conocemos}?,{1:Have we met}?,Literally 'do we know each other?'
greet-friends-03,Greetings & introductions,Friends of friends,1,1,{1:Trabajamos} {2:juntos}.,{1:We work} {2:together}.,
greet-friends-04,Greetings & introductions,Friends of friends,1,1,¿{1:De qué} {2:os conocéis}?,{1:How} {2:do you two know each other}?,"os conocéis is the vosotros form, Spain only."
greet-friends-16,Greetings & introductions,Friends of friends,1,1,{1:Es} {2:amiga} {3:de mi hermana}.,{1:She's} {2:a friend} {3:of my sister's}.,
greet-friends-17,Greetings & introductions,Friends of friends,1,1,{1:Creo} que {2:no} {3:nos conocemos}.,{1:I} {2:don't} {1:think} {3:we've met}.,
greet-friends-18,Greetings & introductions,Friends of friends,1,1,{1:Somos amigos} {2:desde el colegio}.,{1:We've been friends} {2:since school}.,
greet-friends-05,Greetings & introductions,Friends of friends,1,2,{1:Me suena} {2:tu cara}.,{2:Your face} {1:looks familiar}.,sonar = to ring a bell. Works like gustar.
greet-friends-06,Greetings & introductions,Friends of friends,1,2,{1:Te presento} a {2:mi pareja}.,{1:Let me introduce} {2:my partner}.,
greet-friends-07,Greetings & introductions,Friends of friends,1,2,{1:Tenemos} {2:un amigo} {3:en común}.,{1:We have} {2:a} {3:mutual} {2:friend}.,
greet-friends-19,Greetings & introductions,Friends of friends,1,2,{1:Me suena} {2:tu nombre}.,{2:Your name} {1:rings a bell}.,
greet-friends-08,Greetings & introductions,Friends of friends,2,1,{1:Nos conocimos} {2:en la boda} {3:de Laura}.,{1:We met} {2:at} {3:Laura's} {2:wedding}.,
greet-friends-09,Greetings & introductions,Friends of friends,2,1,{1:Fuimos} {2:juntos} {3:al colegio}.,{1:We went} {3:to school} {2:together}.,
greet-friends-10,Greetings & introductions,Friends of friends,2,1,{1:Me han hablado} {2:muy bien} {3:de ti}.,{1:I've heard} {2:great things} {3:about you}.,
greet-friends-20,Greetings & introductions,Friends of friends,2,1,{1:Pablo} {2:me ha hablado} {3:mucho} {4:de ti}.,{1:Pablo} {2:has told me} {3:a lot} {4:about you}.,
greet-friends-21,Greetings & introductions,Friends of friends,2,1,{1:Vino} {2:con su novio}.,{1:She came} {2:with her boyfriend}.,
greet-friends-22,Greetings & introductions,Friends of friends,2,1,"{1:Ven}, que {2:te presento} a {3:todos}.","{1:Come on}, {2:I'll introduce you} {3:to everyone}.",
greet-friends-11,Greetings & introductions,Friends of friends,2,2,{1:Hacía} {2:años} que {3:no} {4:nos veíamos}.,{4:We had}{3:n't} {4:seen each other} {1:for} {2:years}.,hacía + time + que no = 'hadn't... for'.
greet-friends-23,Greetings & introductions,Friends of friends,2,2,"{1:Este} {2:es} {3:mi primo}, {4:del que te hablé}.","{1:This} {2:is} {3:my cousin}, {4:the one I told you about}.",
greet-friends-24,Greetings & introductions,Friends of friends,2,2,{1:Nos caímos bien} {2:desde el principio}.,{1:We got on} {2:from the start}.,
greet-friends-12,Greetings & introductions,Friends of friends,3,1,"{1:Si} {2:no} {3:me lo hubieras dicho}, {4:no} {5:te habría reconocido}.","{1:If} {3:you had}{2:n't} {3:told me}, {5:I would}{4:n't} {5:have recognised you}.",
greet-friends-13,Greetings & introductions,Friends of friends,3,1,{1:Me alegro mucho} de que {2:hayas venido}.,{1:I'm really glad} {2:you've come}.,
greet-friends-14,Greetings & introductions,Friends of friends,3,2,{1:Parece mentira} que {2:hayan pasado} {3:diez años}.,{1:It's hard to believe} {3:ten years} {2:have passed}.,Literally 'it seems a lie that...'.
greet-friends-25,Greetings & introductions,Friends of friends,3,2,{1:Me alegra} que {2:os llevéis} {3:bien}.,{1:I'm glad} {2:you get on} {3:well}.,
greet-friends-26,Greetings & introductions,Friends of friends,3,2,"{1:Si} {2:hubiera sabido} que {3:erais} {4:amigos}, {5:os habría invitado} {6:juntos}.","{1:If} {2:I'd known} {3:you were} {4:friends}, {5:I'd have invited you} {6:together}.",
greet-friends-15,Greetings & introductions,Friends of friends,3,3,{1:No} {2:me extrañaría} que {3:acabarais} {4:siendo} {5:muy buenos amigos}.,{2:I would}{1:n't} {2:be surprised if} {3:you ended up} {4:being} {5:really good friends}.,
greet-country-01,Greetings & introductions,Talking about your country,1,1,{1:Inglaterra} {2:es} {3:muy verde}.,{1:England} {2:is} {3:very green}.,
greet-country-02,Greetings & introductions,Talking about your country,1,1,{1:En mi país} {2:llueve} {3:mucho}.,{1:In my country} {2:it rains} {3:a lot}.,
greet-country-03,Greetings & introductions,Talking about your country,1,1,{1:Londres} {2:es} {3:muy caro}.,{1:London} {2:is} {3:very expensive}.,
greet-country-04,Greetings & introductions,Talking about your country,1,1,{1:Allí} {2:la gente} {3:cena} {4:muy pronto}.,{2:People} {3:eat dinner} {4:very early} {1:there}.,
greet-country-16,Greetings & introductions,Talking about your country,1,1,{1:Los ingleses} {2:hablamos} {3:mucho} {4:del tiempo}.,{1:We English} {2:talk} {3:a lot} {4:about the weather}.,
greet-country-05,Greetings & introductions,Talking about your country,1,2,{1:Vivo} {2:a una hora} {3:de Londres}.,{1:I live} {2:an hour} {3:from London}.,
greet-country-06,Greetings & introductions,Talking about your country,1,2,{1:Mi ciudad} {2:es} {3:famosa} {4:por su catedral}.,{1:My city} {2:is} {3:famous} {4:for its cathedral}.,
greet-country-07,Greetings & introductions,Talking about your country,1,2,{1:Echo de menos} {2:el té} {3:de mi país}.,{1:I miss} {2:the tea} {3:from back home}.,
greet-country-17,Greetings & introductions,Talking about your country,1,2,{1:Escocia} {2:es} {3:muy montañosa}.,{1:Scotland} {2:is} {3:very mountainous}.,
greet-country-18,Greetings & introductions,Talking about your country,1,2,{1:Los pubs} {2:cierran} {3:bastante pronto}.,{1:Pubs} {2:close} {3:quite early}.,
greet-country-19,Greetings & introductions,Talking about your country,1,2,{1:Echo de menos} {2:los paseos} {3:por el campo}.,{1:I miss} {2:walks} {3:in the countryside}.,
greet-country-20,Greetings & introductions,Talking about your country,1,2,{1:La gente} {2:es} {3:más reservada} {4:que aquí}.,{1:People} {2:are} {3:more reserved} {4:than here}.,
greet-country-08,Greetings & introductions,Talking about your country,1,3,{1:Es} {2:una zona} {3:muy industrial}.,{1:It's} {2:a} {3:very industrial} {2:area}.,
greet-country-21,Greetings & introductions,Talking about your country,1,3,{1:En invierno} {2:anochece} {3:a las cuatro}.,{1:In winter} {2:it gets dark} {3:at four}.,
greet-country-22,Greetings & introductions,Talking about your country,1,3,{1:La sanidad} {2:es} {3:pública}.,{1:Healthcare} {2:is} {3:public}.,
greet-country-09,Greetings & introductions,Talking about your country,2,1,"{1:Cuando} {2:era} {3:joven}, {4:mi pueblo} {5:era} {6:muy diferente}.","{1:When} {2:I was} {3:young}, {4:my town} {5:was} {6:very different}.",
greet-country-10,Greetings & introductions,Talking about your country,2,2,{1:El país} {2:ha cambiado} {3:mucho} {4:en los últimos años}.,{1:The country} {2:has changed} {3:a lot} {4:in recent years}.,
greet-country-23,Greetings & introductions,Talking about your country,2,2,{1:Allí} {2:se conduce} {3:por la izquierda}.,{2:People drive} {3:on the left} {1:there}.,
greet-country-24,Greetings & introductions,Talking about your country,2,2,{1:Antes había} {2:más fábricas}.,{1:There used to be} {2:more factories}.,
greet-country-11,Greetings & introductions,Talking about your country,2,3,{1:La industria} {2:se basaba} {3:en el carbón}.,{1:Industry} {2:was based} {3:on coal}.,
greet-country-12,Greetings & introductions,Talking about your country,3,1,"{1:Si} {2:vinieras} {3:a Inglaterra}, {4:te enseñaría} {5:mi ciudad}.","{1:If} {2:you came} {3:to England}, {4:I'd show you} {5:my city}.",
greet-country-13,Greetings & introductions,Talking about your country,3,2,{1:Me sorprende} que {2:aquí} {3:haya} {4:tanta gente} {5:en la calle} {6:por la noche}.,{1:It surprises me} {3:there are} {4:so many people} {5:out} {6:at night} {2:here}.,
greet-country-14,Greetings & introductions,Talking about your country,3,2,{1:No creo} que {2:haya} {3:un sitio} {4:más bonito} {5:en primavera}.,{1:I don't think} {2:there's} {3:a} {4:prettier} {3:place} {5:in spring}.,
greet-country-25,Greetings & introductions,Talking about your country,3,2,{1:Me sorprende} que {2:aquí} {3:se cene} {4:tan tarde}.,{1:I'm surprised} {3:people have dinner} {4:so late} {2:here}.,
greet-country-26,Greetings & introductions,Talking about your country,3,2,"{1:Cuando} {2:vengas} {3:a verme}, {4:te llevaré} {5:a un pub típico}.","{1:When} {2:you come} {3:to visit me}, {4:I'll take you} {5:to a traditional pub}.",
greet-country-15,Greetings & introductions,Talking about your country,3,3,"{1:Aunque} {2:el clima} {3:deje mucho que desear}, {4:la gente} {5:es} {6:muy acogedora}.","{1:Although} {2:the weather} {3:leaves a lot to be desired}, {4:the people} {5:are} {6:very welcoming}.",
greet-formal-01,Greetings & introductions,Formal introductions,1,1,"{1:Buenos días}, {2:señor} {3:García}.","{1:Good morning}, {2:Mr} {3:García}.",
greet-formal-02,Greetings & introductions,Formal introductions,1,1,{1:Usted} {2:primero}.,{2:After} {1:you}.,
greet-formal-03,Greetings & introductions,Formal introductions,1,2,{1:Le presento} a {2:mi jefa}.,{1:Let me introduce} {2:my boss}.,Le presento is the formal 'let me introduce you to'.
greet-formal-04,Greetings & introductions,Formal introductions,1,2,{1:Trabajo} {2:en el departamento} {3:de ventas}.,{1:I work} {2:in the} {3:sales} {2:department}.,
greet-formal-05,Greetings & introductions,Formal introductions,1,2,{1:Es} {2:un placer}.,{1:It's} {2:a pleasure}.,
greet-formal-06,Greetings & introductions,Formal introductions,1,2,{1:Aquí} {2:tiene} {3:mi tarjeta}.,{1:Here}{2:'s} {3:my card}.,
greet-formal-07,Greetings & introductions,Formal introductions,1,2,{1:Le agradezco} {2:la invitación}.,{1:Thank you} {2:for the invitation}.,
greet-formal-16,Greetings & introductions,Formal introductions,1,2,{1:Le agradezco} {2:su tiempo}.,{1:Thank you} {2:for your time}.,
greet-formal-17,Greetings & introductions,Formal introductions,1,2,¿{1:Me permite} {2:su abrigo}?,{1:May I take} {2:your coat}?,
greet-formal-08,Greetings & introductions,Formal introductions,1,3,{1:Vengo} {2:en representación} {3:de la empresa}.,{1:I'm here} {2:on behalf} {3:of the company}.,
greet-formal-18,Greetings & introductions,Formal introductions,2,1,{1:Encantad[o|a] de conocerle}.,{1:Delighted to meet you}.,
greet-formal-09,Greetings & introductions,Formal introductions,2,2,{1:Nos conocimos} {2:en la conferencia} {3:del año pasado}.,{1:We met} {2:at} {3:last year's} {2:conference}.,
greet-formal-10,Greetings & introductions,Formal introductions,2,2,{1:Me han hablado} {2:muy bien} {3:de usted}.,{1:People have spoken} {2:very highly} {3:of you}.,
greet-formal-19,Greetings & introductions,Formal introductions,2,2,{1:Disculpe} {2:la espera}.,{1:Sorry} {2:to keep you waiting}.,
greet-formal-20,Greetings & introductions,Formal introductions,2,2,"{1:Tome asiento}, {2:por favor}.","{1:Take a seat}, {2:please}.",
greet-formal-21,Greetings & introductions,Formal introductions,2,2,{1:Soy} {2:la persona} {3:con la que} {4:habló} {5:por teléfono}.,{1:I'm} {2:the person} {4:you spoke} {3:to} {5:on the phone}.,
greet-formal-22,Greetings & introductions,Formal introductions,2,2,{1:Gracias por} {2:recibirnos}.,{1:Thank you for} {2:seeing us}.,
greet-formal-23,Greetings & introductions,Formal introductions,2,2,{1:Le escribiré} {2:un correo} {3:con los detalles}.,{1:I'll write you} {2:an email} {3:with the details}.,
greet-formal-24,Greetings & introductions,Formal introductions,2,2,{1:Sería} {2:un placer} {3:colaborar} {4:con ustedes}.,{1:It would be} {2:a pleasure} {3:to work} {4:with you}.,
greet-formal-11,Greetings & introductions,Formal introductions,2,3,{1:Permítame} {2:presentarme}.,{1:Allow me} {2:to introduce myself}.,
greet-formal-12,Greetings & introductions,Formal introductions,3,1,{1:Espero} que {2:volvamos} {3:a vernos} {4:pronto}.,{1:I hope} {2:we'll} {3:see each other} {2:again} {4:soon}.,
greet-formal-13,Greetings & introductions,Formal introductions,3,2,"{1:Si} {2:necesita} {3:cualquier cosa}, {4:no} {5:dude en} {6:contactarme}.","{1:If} {2:you need} {3:anything}, {5:do}{4:n't} {5:hesitate to} {6:contact me}.",
greet-formal-14,Greetings & introductions,Formal introductions,3,3,{1:Me pidió} que {2:le diera recuerdos}.,{1:She asked me} {2:to give you her regards}.,
greet-formal-15,Greetings & introductions,Formal introductions,3,3,{1:Sería} {2:un honor} que {3:aceptara} {4:nuestra invitación}.,{1:It would be} {2:an honour} {3:if you accepted} {4:our invitation}.,
greet-formal-25,Greetings & introductions,Formal introductions,3,3,{1:Me gustaría} que {2:conociera} a {3:mi socio}.,{1:I'd like} {2:you to meet} {3:my business partner}.,
greet-formal-26,Greetings & introductions,Formal introductions,3,3,{1:Le ruego} que {2:me disculpe} {3:por el retraso}.,{1:Please} {2:forgive me} {3:for the delay}.,
hotel-checkin-04,Hotel,Checking in,1,1,¿{1:Necesita} {2:mi pasaporte}?,{1:Do you need} {2:my passport}?,Necesita is the polite 'you' (usted).
hotel-checkin-05,Hotel,Checking in,1,1,¿{1:A qué hora} {2:es} {3:el desayuno}?,{1:What time} {2:is} {3:breakfast}?,
hotel-checkin-06,Hotel,Checking in,1,1,{1:Mi habitación} {2:todavía} {3:no} {4:está} {5:lista}.,{1:My room} {4:is}{3:n't} {5:ready} {2:yet}.,lista ends in -a because habitación is feminine.
hotel-checkin-11,Hotel,Checking in,1,1,"{1:Buenas tardes}, {2:tengo} {3:una habitación reservada}.","{1:Good afternoon}, {2:I have} {3:a room booked}.",
hotel-checkin-12,Hotel,Checking in,1,1,{1:Es} {2:para dos noches}.,{1:It's} {2:for two nights}.,
hotel-checkin-13,Hotel,Checking in,1,1,¿{1:Hay} {2:wifi} {3:en las habitaciones}?,{1:Is there} {2:wifi} {3:in the rooms}?,
hotel-checkin-01,Hotel,Checking in,1,2,"{1:Hola}, {2:tengo} {3:una reserva}.","{1:Hello}, {2:I have} {3:a reservation}.",
hotel-checkin-02,Hotel,Checking in,1,2,{1:Estoy} {2:en el vestíbulo}.,{1:I'm} {2:in the lobby}.,
hotel-checkin-03,Hotel,Checking in,1,2,{1:La reserva} {2:está} {3:a nombre de} {4:García}.,{1:The reservation} {2:is} {3:under the name} {4:García}.,
hotel-checkin-14,Hotel,Checking in,1,2,¿{1:En qué planta} {2:está} {3:la habitación}?,{1:What floor} {2:is} {3:the room} {1:on}?,
hotel-checkin-15,Hotel,Checking in,1,2,¿{1:Dónde} {2:está} {3:el ascensor}?,{1:Where}{2:'s} {3:the lift}?,
hotel-checkin-16,Hotel,Checking in,1,2,¿{1:Puedo} {2:cambiar} {3:a una habitación} {4:con bañera}?,{1:Can I} {2:change} {3:to a room} {4:with a bath}?,
hotel-checkin-17,Hotel,Checking in,1,2,¿{1:Tienen} {2:aparcamiento}?,{1:Do you have} {2:parking}?,
hotel-checkin-18,Hotel,Checking in,1,3,{1:Prefiero} {2:una habitación} {3:con vistas al mar}.,{1:I'd prefer} {2:a room} {3:with a sea view}.,
hotel-checkin-19,Hotel,Checking in,1,3,{1:Necesitamos} {2:una cuna} {3:para el bebé}.,{1:We need} {2:a cot} {3:for the baby}.,
hotel-checkin-20,Hotel,Checking in,1,3,¿{1:Hasta qué hora} {2:está abierta} {3:la recepción}?,{1:Until what time} {2:is} {3:reception} {2:open}?,
hotel-checkin-07,Hotel,Checking in,2,2,{1:Reservé} {2:una habitación} {3:doble} {4:para tres noches}.,{1:I booked} {2:a} {3:double} {2:room} {4:for three nights}.,The adjective usually comes after the noun.
hotel-checkin-08,Hotel,Checking in,2,2,¿{1:Podría} {2:dejar} {3:las maletas} {4:aquí} {5:hasta las tres}?,{1:Could I} {2:leave} {3:my bags} {4:here} {5:until three}?,Podría (conditional) makes a request softer and more polite.
hotel-checkin-21,Hotel,Checking in,2,2,{1:Llegaremos} {2:sobre las once} {3:de la noche}.,{1:We'll arrive} {2:around eleven} {3:at night}.,
hotel-checkin-22,Hotel,Checking in,2,2,"{1:Rellene} {2:esta ficha}, {3:por favor}.","{1:Could you fill in} {2:this form}, {3:please}?",
hotel-checkin-23,Hotel,Checking in,2,3,{1:Pagué} {2:por adelantado} {3:en la web}.,{1:I paid} {2:in advance} {3:on the website}.,
hotel-checkin-24,Hotel,Checking in,2,3,¿{1:Me podría dar} {2:un plano} {3:de la ciudad}?,{1:Could you give me} {2:a map} {3:of the city}?,
hotel-checkin-09,Hotel,Checking in,3,2,"{1:Mientras} {2:estaba sentad[o|a]} {3:en el vestíbulo}, {4:el recepcionista} {5:me} {6:dijo} que {7:mi habitación} {8:todavía} {9:se estaba preparando}.","{1:As} {2:I sat} {3:in the lobby}, {4:the receptionist} {6:told} {5:me} {7:my room} {9:was} {8:still} {9:being prepared}.","The imperfect sets the scene, the preterite interrupts it. 'Se estaba preparando' is a passive with se."
hotel-checkin-10,Hotel,Checking in,3,2,"{1:Al llegar}, {2:me dijeron} que {3:habían vendido} {4:más habitaciones} {5:de las que} {6:tenían}.","{1:When I arrived}, {2:they told me} {3:they'd sold} {4:more rooms} {5:than} {6:they had}.",Al + infinitive = 'on doing'. Habían vendido is the pluperfect: 'had sold'.
hotel-checkin-25,Hotel,Checking in,3,2,{1:Pedí} que {2:las camas} {3:estuvieran} {4:separadas}.,{1:I asked for} {2:the beds} {3:to be} {4:separate}.,
hotel-room-01,Hotel,In the room,1,1,{1:La habitación} {2:es} {3:muy bonita}.,{1:The room} {2:is} {3:very nice}.,
hotel-room-10,Hotel,In the room,1,1,{1:La ventana} {2:no} {3:cierra} {4:bien}.,{1:The window} {3:does}{2:n't} {3:close} {4:properly}.,
hotel-room-11,Hotel,In the room,1,1,{1:Hace} {2:mucho calor} {3:en la habitación}.,{1:It's} {2:very hot} {3:in the room}.,
hotel-room-02,Hotel,In the room,1,2,{1:No hay} {2:toallas}.,{1:There are no} {2:towels}.,hay = there is / there are.
hotel-room-03,Hotel,In the room,1,2,{1:El aire acondicionado} {2:no} {3:funciona}.,{1:The air conditioning} {3:does}{2:n't} {3:work}.,no goes straight before the verb.
hotel-room-04,Hotel,In the room,1,2,¿{1:Me} {2:puede} {3:traer} {4:otra almohada}?,{2:Can you} {3:bring} {1:me} {4:another pillow}?,The pronoun (me) comes before the verb in Spanish.
hotel-room-12,Hotel,In the room,1,2,{1:No} {2:hay} {3:papel higiénico}.,{2:There's} {1:no} {3:toilet paper}.,
hotel-room-13,Hotel,In the room,1,2,{1:La luz} {2:del baño} {3:no se enciende}.,{1:The light} {2:in the bathroom} {3:won't come on}.,
hotel-room-14,Hotel,In the room,1,2,¿{1:Cómo funciona} {2:la calefacción}?,{1:How does} {2:the heating} {1:work}?,
hotel-room-05,Hotel,In the room,1,3,{1:El grifo} {2:del baño} {3:gotea}.,{1:The tap} {2:in the bathroom} {3:is dripping}.,del = de + el.
hotel-room-06,Hotel,In the room,1,3,{1:El mando} {2:de la tele} {3:no tiene} {4:pilas}.,{1:The remote} {2:for the TV} {3:has no} {4:batteries}.,
hotel-room-15,Hotel,In the room,1,3,{1:Hay} {2:moho} {3:en la ducha}.,{1:There's} {2:mould} {3:in the shower}.,
hotel-room-16,Hotel,In the room,1,3,{1:La caja fuerte} {2:no} {3:se abre}.,{1:The safe} {3:wo}{2:n't} {3:open}.,
hotel-room-17,Hotel,In the room,1,3,{1:Necesito} {2:un adaptador} {3:para el enchufe}.,{1:I need} {2:an adaptor} {3:for the socket}.,
hotel-room-18,Hotel,In the room,1,3,{1:El extractor} {2:hace} {3:mucho ruido}.,{1:The extractor fan} {2:makes} {3:a lot of noise}.,
hotel-room-07,Hotel,In the room,2,1,{1:Anoche} {2:no} {3:pude} {4:dormir} {5:por el ruido}.,{1:Last night} {3:I could}{2:n't} {4:sleep} {5:because of the noise}.,pude = I could (preterite of poder): one specific night.
hotel-room-08,Hotel,In the room,2,2,{1:La ducha} {2:lleva} {3:dos días} {4:sin} {5:agua caliente}.,{1:The shower} {2:has had} {4:no} {5:hot water} {2:for} {3:two days}.,llevar + time + sin = 'have gone without... for'.
hotel-room-19,Hotel,In the room,2,2,"{1:Han limpiado} {2:la habitación}, {3:pero} {4:no} {5:han cambiado} {6:las toallas}.","{1:They've cleaned} {2:the room}, {3:but} {5:they have}{4:n't} {5:changed} {6:the towels}.",
hotel-room-20,Hotel,In the room,2,2,{1:Se ha ido} {2:la luz}.,{2:The power} {1:has gone off}.,
hotel-room-21,Hotel,In the room,2,3,{1:Mándeme} {2:a alguien} {3:para arreglar} {4:la persiana}.,{1:Please send} {2:someone} {3:to fix} {4:the blind}.,
hotel-room-22,Hotel,In the room,2,3,{1:Me he quedado} {2:fuera} {3:sin la tarjeta}.,{1:I've locked myself} {2:out} {3:without the key card}.,
hotel-room-23,Hotel,In the room,2,3,¿{1:Podrían} {2:traerme} {3:una manta} {4:más}?,{1:Could you} {2:bring me} {4:another} {3:blanket}?,
hotel-room-09,Hotel,In the room,3,2,{1:Le agradecería} que {2:me cambiara} {3:a otra habitación} {4:más tranquila}.,"{1:I'd be grateful if} {2:you could move me} {3:to another}, {4:quieter} {3:room}.",Conditional + que + imperfect subjunctive: a very polite request.
hotel-room-24,Hotel,In the room,3,2,"{1:No} {2:molesten} {3:hasta mediodía}, {4:por favor}.",{4:Please} {2:do}{1:n't} {2:disturb us} {3:until midday}.,
hotel-room-25,Hotel,In the room,3,3,"{1:Si} {2:hubiera sabido} que {3:daba} {4:a la calle}, {5:habría pedido} {6:otra}.","{1:If} {2:I'd known} {3:it faced} {4:the street}, {5:I'd have asked for} {6:another one}.",
hotel-checkout-01,Hotel,Checking out,1,1,¿{1:A qué hora} {2:hay que} {3:dejar} {4:la habitación}?,{1:What time} {2:do I have to} {3:leave} {4:the room}?,hay que = 'one has to'.
hotel-checkout-02,Hotel,Checking out,1,1,{1:Aquí tiene} {2:la llave}.,{1:Here's} {2:the key}.,"Aquí tiene: literally 'here you have', said when handing something over."
hotel-checkout-03,Hotel,Checking out,1,1,¿{1:Me} {2:puede} {3:pedir} {4:un taxi} {5:para las diez}?,{2:Can you} {3:order} {1:me} {4:a taxi} {5:for ten o'clock}?,
hotel-checkout-08,Hotel,Checking out,1,1,{1:Queremos} {2:dejar la habitación}.,{1:We'd like} {2:to check out}.,
hotel-checkout-09,Hotel,Checking out,1,1,¿{1:Puedo} {2:pagar} {3:ahora}?,{1:Can I} {2:pay} {3:now}?,
hotel-checkout-04,Hotel,Checking out,1,2,{1:Hay} {2:un error} {3:en la factura}.,{1:There's} {2:a mistake} {3:on the bill}.,
hotel-checkout-10,Hotel,Checking out,1,2,¿{1:Puedo} {2:dejar} {3:la maleta} {4:en consigna}?,{1:Can I} {2:leave} {3:my suitcase} {4:in storage}?,
hotel-checkout-11,Hotel,Checking out,1,2,¿{1:Me da} {2:una factura} {3:a nombre de la empresa}?,{1:Could I have} {2:an invoice} {3:in the company's name}?,
hotel-checkout-12,Hotel,Checking out,1,2,{1:Necesito} {2:salir} {3:un poco más tarde}.,{1:I need} {2:to check out} {3:a bit later}.,
hotel-checkout-13,Hotel,Checking out,1,2,¿{1:Cuánto} {2:cuesta} {3:quedarse} {4:hasta las dos}?,{1:How much} {2:is it} {3:to stay} {4:until two}?,
hotel-checkout-14,Hotel,Checking out,1,3,¿{1:Qué} {2:es} {3:este cargo}?,{1:What}{2:'s} {3:this charge}?,
hotel-checkout-15,Hotel,Checking out,1,3,{1:La tasa turística} {2:se paga} {3:aparte}.,{1:The tourist tax} {2:is paid} {3:separately}.,
hotel-checkout-16,Hotel,Checking out,2,1,{1:Nos lo hemos pasado} {2:muy bien}.,{1:We've had} {2:a really good time}.,
hotel-checkout-05,Hotel,Checking out,2,2,{1:No} {2:he usado} {3:el minibar}.,{2:I have}{1:n't} {2:used} {3:the minibar}.,Spain uses the present perfect for something in a period that isn't over yet (this stay).
hotel-checkout-06,Hotel,Checking out,2,2,{1:Ha sido} {2:una estancia} {3:estupenda}; {4:volveremos} {5:seguro}.,{1:It's been} {2:a} {3:wonderful} {2:stay}; {4:we'll} {5:definitely} {4:be back}.,volveremos is the future: 'we will return'.
hotel-checkout-17,Hotel,Checking out,2,2,"¿{1:Me llama} {2:un taxi}, {3:por favor}?","{1:Could you call me} {2:a taxi}, {3:please}?",
hotel-checkout-18,Hotel,Checking out,2,2,{1:Me he dejado} {2:el cargador} {3:en la habitación}.,{1:I've left} {2:my charger} {3:in the room}.,
hotel-checkout-19,Hotel,Checking out,2,2,{1:Solo tomé} {2:un agua} {3:del minibar}.,{1:I only had} {2:a water} {3:from the minibar}.,
hotel-checkout-21,Hotel,Checking out,2,2,{1:Mándeme} {2:la factura} {3:por correo electrónico}.,{1:Send me} {2:the invoice} {3:by email}.,
hotel-checkout-20,Hotel,Checking out,2,3,{1:Ya} {2:lo pagué} {3:al hacer la reserva}.,{2:I} {1:already} {2:paid for it} {3:when I booked}.,
hotel-checkout-22,Hotel,Checking out,3,2,{1:Me gustaría} que {2:revisaran} {3:la cuenta} {4:otra vez}.,{1:I'd like} {2:you to check} {3:the bill} {4:again}.,
hotel-checkout-25,Hotel,Checking out,3,2,"{1:Aunque} {2:me ofrezcan} {3:un descuento}, {4:no} {5:volveré}.","{1:Even if} {2:they offer me} {3:a discount}, {5:I wo}{4:n't} {5:come back}.",
hotel-checkout-07,Hotel,Checking out,3,3,{1:Me dijeron} que {2:me devolverían} {3:la fianza} {4:en cuanto} {5:revisaran} {6:la habitación}.,{1:They told me} {2:they'd give me back} {3:the deposit} {4:as soon as} {5:they'd checked} {6:the room}.,"Reported speech: the future becomes the conditional, and en cuanto takes the subjunctive."
hotel-checkout-23,Hotel,Checking out,3,3,"{1:Si} {2:me hubieran avisado} {3:del recargo}, {4:habría salido} {5:antes}.","{1:If} {2:you'd told me} {3:about the surcharge}, {4:I'd have checked out} {5:earlier}.",
hotel-checkout-24,Hotel,Checking out,3,3,{1:Me aseguraron} que {2:la cancelación} {3:sería} {4:gratuita}.,{1:They assured me} {2:the cancellation} {3:would be} {4:free}.,
hotel-booking-01,Hotel,Booking ahead,1,1,¿{1:Tienen} {2:habitaciones} {3:libres} {4:para el viernes}?,{1:Do you have} {2:any} {3:free} {2:rooms} {4:for Friday}?,
hotel-booking-02,Hotel,Booking ahead,1,1,¿{1:Cuánto} {2:cuesta} {3:por noche}?,{1:How much} {2:is it} {3:per night}?,
hotel-booking-16,Hotel,Booking ahead,1,1,¿{1:Admiten} {2:perros}?,{1:Do you allow} {2:dogs}?,
hotel-booking-03,Hotel,Booking ahead,1,2,{1:Quiero} {2:reservar} {3:una habitación}.,{1:I'd like to} {2:book} {3:a room}.,
hotel-booking-04,Hotel,Booking ahead,1,2,¿{1:El desayuno} {2:está incluido}?,{2:Is} {1:breakfast} {2:included}?,
hotel-booking-05,Hotel,Booking ahead,1,2,{1:Somos} {2:dos adultos} {3:y} {4:un niño}.,{1:We're} {2:two adults} {3:and} {4:a child}.,
hotel-booking-06,Hotel,Booking ahead,1,2,¿{1:La habitación} {2:tiene} {3:vistas} {4:al mar}?,{2:Does} {1:the room} {2:have} {3:a} {4:sea} {3:view}?,
hotel-booking-07,Hotel,Booking ahead,1,2,¿{1:Hay} {2:aparcamiento} {3:gratuito}?,{1:Is there} {3:free} {2:parking}?,
hotel-booking-17,Hotel,Booking ahead,1,2,{1:Quiero} {2:cambiar} {3:las fechas} {4:de mi reserva}.,{1:I'd like} {2:to change} {3:the dates} {4:of my booking}.,
hotel-booking-18,Hotel,Booking ahead,1,2,{1:Preferimos} {2:dos camas} {3:individuales}.,{1:We'd prefer} {2:two} {3:single} {2:beds}.,
hotel-booking-19,Hotel,Booking ahead,1,3,¿{1:Tienen} {2:habitaciones} {3:adaptadas}?,{1:Do you have} {3:accessible} {2:rooms}?,
hotel-booking-20,Hotel,Booking ahead,1,3,¿{1:Cuál es} {2:la política de cancelación}?,{1:What's} {2:the cancellation policy}?,
hotel-booking-21,Hotel,Booking ahead,1,3,¿{1:Hay} {2:tarifa} {3:para estancias largas}?,{1:Is there} {2:a rate} {3:for long stays}?,
hotel-booking-08,Hotel,Booking ahead,2,1,{1:Me gustaría} {2:una habitación} {3:tranquila}.,{1:I'd like} {2:a} {3:quiet} {2:room}.,
hotel-booking-09,Hotel,Booking ahead,2,1,"{1:Llegaremos} {2:tarde}, {3:sobre las once de la noche}.","{1:We'll arrive} {2:late}, {3:around eleven at night}.",
hotel-booking-10,Hotel,Booking ahead,2,2,{1:Hice} {2:la reserva} {3:por internet} {4:hace} {5:un mes}.,{1:I made} {2:the booking} {3:online} {5:a month} {4:ago}.,
hotel-booking-11,Hotel,Booking ahead,2,2,{1:Le he mandado} {2:un correo} {3:para confirmar} {4:la reserva}.,{1:I've sent you} {2:an email} {3:to confirm} {4:the booking}.,
hotel-booking-22,Hotel,Booking ahead,2,2,{1:Reservé} {2:con una agencia}.,{1:I booked} {2:through an agency}.,
hotel-booking-23,Hotel,Booking ahead,2,2,¿{1:Podrían} {2:confirmarme} {3:la reserva} {4:por escrito}?,{1:Could you} {2:confirm} {3:the booking} {4:in writing}?,
hotel-booking-12,Hotel,Booking ahead,2,3,¿{1:Se puede} {2:cancelar} {3:sin} {4:penalización}?,{1:Can I} {2:cancel} {3:without} {4:a penalty}?,"se puede = 'can one', a general rule rather than a personal favour."
hotel-booking-24,Hotel,Booking ahead,2,3,{1:Te he reenviado} {2:la confirmación}.,{1:I've forwarded you} {2:the confirmation}.,
hotel-booking-25,Hotel,Booking ahead,3,1,{1:Busco} {2:un hotel} que {3:tenga} {4:piscina}.,{1:I'm looking for} {2:a hotel} {3:that has} {4:a pool}.,
hotel-booking-13,Hotel,Booking ahead,3,2,¿{1:Podrían} {2:guardarnos} {3:la habitación} {4:aunque} {5:lleguemos} {6:después de medianoche}?,{1:Could you} {2:hold} {3:the room} {2:for us} {4:even if} {5:we arrive} {6:after midnight}?,
hotel-booking-26,Hotel,Booking ahead,3,2,"{1:Si} {2:hubiera reservado} {3:antes}, {4:me habría salido} {5:más barato}.","{1:If} {2:I'd booked} {3:earlier}, {4:it would have been} {5:cheaper}.",
hotel-booking-14,Hotel,Booking ahead,3,3,"{1:Necesitaría} {2:una cuna} {3:para el bebé}, {4:si} {5:fuera posible}.","{1:I'd need} {2:a cot} {3:for the baby}, {4:if} {5:possible}.",
hotel-booking-15,Hotel,Booking ahead,3,3,"{1:En caso de que} {2:tengamos que} {3:cancelar}, ¿{4:nos devolverían} {5:el importe íntegro}?","{1:In case} {2:we have to} {3:cancel}, {4:would you refund us} {5:the full amount}?",en caso de que always takes the subjunctive.
hotel-services-01,Hotel,Hotel services,1,1,¿{1:Hay} {2:gimnasio} {3:en el hotel}?,{1:Is there} {2:a gym} {3:in the hotel}?,
hotel-services-02,Hotel,Hotel services,1,1,¿{1:Me} {2:puede} {3:despertar} {4:a las seis}?,{2:Can you} {3:wake} {1:me} {3:up} {4:at six}?,
hotel-services-15,Hotel,Hotel services,1,1,¿{1:A qué hora} {2:cierra} {3:el bar}?,{1:What time} {2:does} {3:the bar} {2:close}?,
hotel-services-03,Hotel,Hotel services,1,2,¿{1:Cuál es} {2:la contraseña} {3:del wifi}?,{1:What's} {3:the wifi} {2:password}?,
hotel-services-04,Hotel,Hotel services,1,2,¿{1:A qué hora} {2:abre} {3:la piscina}?,{1:What time} {2:does} {3:the pool} {2:open}?,
hotel-services-05,Hotel,Hotel services,1,2,¿{1:Tienen} {2:servicio} {3:de lavandería}?,{1:Do you have} {2:a} {3:laundry} {2:service}?,
hotel-services-06,Hotel,Hotel services,1,2,{1:El ascensor} {2:está} {3:fuera de servicio}.,{1:The lift} {2:is} {3:out of order}.,
hotel-services-16,Hotel,Hotel services,1,2,¿{1:Hay} {2:servicio de habitaciones}?,{1:Is there} {2:room service}?,
hotel-services-17,Hotel,Hotel services,1,2,¿{1:Me pueden} {2:guardar} {3:las maletas}?,{1:Can you} {2:keep} {3:my bags} {1:for me}?,
hotel-services-18,Hotel,Hotel services,1,2,{1:Necesito} {2:una plancha}.,{1:I need} {2:an iron}.,
hotel-services-19,Hotel,Hotel services,1,2,{1:Quiero} {2:reservar} {3:un masaje} {4:para mañana}.,{1:I'd like} {2:to book} {3:a massage} {4:for tomorrow}.,
hotel-services-20,Hotel,Hotel services,1,2,"{1:Si} {2:necesita} {3:un taxi}, {4:se lo pedimos} {5:nosotros}.","{1:If} {2:you need} {3:a taxi}, {5:we} {4:can order one for you}.",
hotel-services-07,Hotel,Hotel services,1,3,{1:Necesito} {2:un adaptador} {3:de enchufe}.,{1:I need} {2:a} {3:plug} {2:adaptor}.,
hotel-services-21,Hotel,Hotel services,1,3,¿{1:Cuánto} {2:cuesta} {3:el traslado} {4:al aeropuerto}?,{1:How much} {2:is} {3:the transfer} {4:to the airport}?,
hotel-services-22,Hotel,Hotel services,2,1,"{1:Llamé} a {2:recepción}, {3:pero} {4:nadie} {5:contestó}.","{1:I rang} {2:reception}, {3:but} {4:nobody} {5:answered}.",
hotel-services-08,Hotel,Hotel services,2,2,¿{1:Podría} {2:recomendarme} {3:un restaurante} {4:cerca}?,{1:Could you} {2:recommend} {3:a restaurant} {4:nearby}?,
hotel-services-09,Hotel,Hotel services,2,2,{1:Ayer} {2:dejé} {3:unas camisas} {4:para lavar}.,{1:Yesterday} {2:I left} {3:some shirts} {4:to be washed}.,
hotel-services-10,Hotel,Hotel services,2,2,¿{1:Me} {2:las} {3:pueden} {4:subir} {5:a la habitación}?,{3:Can you} {4:bring} {2:them} {4:up} {5:to the room} {1:for me}?,las = them (las camisas).
hotel-services-11,Hotel,Hotel services,2,2,{1:Pedí} {2:servicio de habitaciones} {3:hace} {4:una hora} {5:y} {6:todavía} {7:no} {8:ha llegado}.,{1:I ordered} {2:room service} {4:an hour} {3:ago} {5:and} {8:it} {6:still} {8:has}{7:n't} {8:arrived}.,
hotel-services-23,Hotel,Hotel services,2,2,{1:Súbanme} {2:el desayuno} {3:a la habitación}.,{1:Please bring} {2:breakfast} {1:up} {3:to my room}.,
hotel-services-24,Hotel,Hotel services,2,2,{1:Me han dejado} {2:un mensaje} {3:en recepción}.,{1:Someone's left me} {2:a message} {3:at reception}.,
hotel-services-12,Hotel,Hotel services,3,2,{1:Me gustaría} que {2:alguien} {3:me ayudara} {4:con las maletas}.,{1:I'd like} {2:someone} {3:to help me} {4:with my bags}.,
hotel-services-13,Hotel,Hotel services,3,2,"{1:Si} {2:necesita} {3:algo más}, {4:no dude} {5:en llamar} {6:a recepción}.","{1:If} {2:you need} {3:anything else}, {4:don't hesitate} {5:to call} {6:reception}.",No dude is a negative usted command (subjunctive form).
hotel-services-25,Hotel,Hotel services,3,2,{1:Me gustaría} que {2:me despertaran} {3:a las siete}.,{1:I'd like} {2:a wake-up call} {3:at seven}.,
hotel-services-14,Hotel,Hotel services,3,3,"{1:Le recomiendo} que {2:reserve} {3:mesa} {4:con antelación}, {5:porque} {6:suele llenarse}.","{1:I'd recommend} {2:booking} {3:a table} {4:in advance}, {5:because} {6:it tends to fill up}.",recomendar que + subjunctive. soler = to tend to.
hotel-hostel-01,Hotel,Hostels & camping,1,1,¿{1:Hay} {2:camas} {3:libres} {4:esta noche}?,{1:Are there} {2:any} {3:free} {2:beds} {4:tonight}?,
hotel-hostel-02,Hotel,Hostels & camping,1,1,¿{1:Puedo} {2:usar} {3:la cocina}?,{1:Can I} {2:use} {3:the kitchen}?,
hotel-hostel-12,Hotel,Hostels & camping,1,1,¿{1:Cuánto} {2:cuesta} {3:una cama} {4:por noche}?,{1:How much} {2:is} {3:a bed} {4:per night}?,
hotel-hostel-13,Hotel,Hostels & camping,1,1,¿{1:A qué hora} {2:cierran} {3:la puerta}?,{1:What time} {2:do you lock} {3:the door}?,
hotel-hostel-03,Hotel,Hostels & camping,1,2,{1:Es} {2:un dormitorio} {3:compartido}.,{1:It's} {2:a} {3:shared} {2:dormitory}.,
hotel-hostel-04,Hotel,Hostels & camping,1,2,¿{1:Dónde} {2:están} {3:las taquillas}?,{1:Where} {2:are} {3:the lockers}?,
hotel-hostel-14,Hotel,Hostels & camping,1,2,{1:Quiero} {2:la litera de abajo}.,{1:I'd like} {2:the bottom bunk}.,
hotel-hostel-15,Hotel,Hostels & camping,1,2,¿{1:Tenéis} {2:candados} {3:para las taquillas}?,{1:Do you have} {2:padlocks} {3:for the lockers}?,
hotel-hostel-16,Hotel,Hostels & camping,1,2,¿{1:Se puede} {2:lavar ropa} {3:aquí}?,{1:Can you} {2:do laundry} {3:here}?,
hotel-hostel-05,Hotel,Hostels & camping,1,3,{1:Queremos} {2:montar} {3:la tienda} {4:aquí}.,{1:We want} {2:to put up} {3:the tent} {4:here}.,
hotel-hostel-17,Hotel,Hostels & camping,1,3,{1:Las duchas} {2:son} {3:compartidas}.,{1:The showers} {2:are} {3:shared}.,
hotel-hostel-18,Hotel,Hostels & camping,1,3,{1:Mi compañero de habitación} {2:ronca} {3:muchísimo}.,{1:My roommate} {2:snores} {3:terribly}.,
hotel-hostel-06,Hotel,Hostels & camping,2,2,¿{1:Se puede} {2:hacer fuego} {3:en el camping}?,{1:Can you} {2:light a fire} {3:at the campsite}?,
hotel-hostel-07,Hotel,Hostels & camping,2,2,{1:Alguien} {2:se ha llevado} {3:mi toalla}.,{1:Someone}{2:'s taken} {3:my towel}.,
hotel-hostel-19,Hotel,Hostels & camping,2,2,"{1:Apaga} {2:la luz}, {3:por favor}.","{1:Turn off} {2:the light}, {3:please}.",
hotel-hostel-20,Hotel,Hostels & camping,2,2,{1:Conocí} a {2:gente} {3:de todo el mundo}.,{1:I met} {2:people} {3:from all over the world}.,
hotel-hostel-08,Hotel,Hostels & camping,2,3,{1:Se me ha olvidado} {2:el saco de dormir}.,{1:I've forgotten} {2:my sleeping bag}.,Literally 'the sleeping bag has forgotten itself on me': this se takes the blame off you.
hotel-hostel-21,Hotel,Hostels & camping,2,3,{1:Alquilamos} {2:una parcela} {3:junto al lago}.,{1:We rented} {2:a pitch} {3:by the lake}.,
hotel-hostel-22,Hotel,Hostels & camping,2,3,{1:Se nos coló} {2:una avispa} {3:en la tienda}.,{2:A wasp} {1:got into} {3:the tent}.,
hotel-hostel-23,Hotel,Hostels & camping,3,1,{1:No} {2:hagáis} {3:ruido} {4:después de las once}.,{1:Don't} {2:make} {3:noise} {4:after eleven}.,
hotel-hostel-09,Hotel,Hostels & camping,3,2,{1:Es mejor} que {2:no} {3:dejes} {4:nada} {5:de valor} {6:en la habitación}.,{1:It's best} {2:not} {3:to leave} {4:anything} {5:valuable} {6:in the room}.,
hotel-hostel-10,Hotel,Hostels & camping,3,2,"{1:Si} {2:hubiéramos traído} {3:una linterna}, {4:no} {5:nos habríamos perdido}.","{1:If} {2:we'd brought} {3:a torch}, {5:we would}{4:n't} {5:have got lost}.",
hotel-hostel-11,Hotel,Hostels & camping,3,2,{1:Buscamos} {2:un albergue} que {3:no} {4:esté} {5:muy lejos} {6:del centro}.,{1:We're looking for} {2:a hostel} {4:that is}{3:n't} {5:too far} {6:from the centre}.,
hotel-hostel-24,Hotel,Hostels & camping,3,2,{1:Es mejor} que {2:reserves}; {3:en agosto} {4:se llena}.,{1:It's best} {2:to book}; {4:it fills up} {3:in August}.,
hotel-hostel-25,Hotel,Hostels & camping,3,3,{1:Nos pidieron} que {2:recogiéramos} {3:la basura} {4:antes de irnos}.,{1:They asked us} {2:to pick up} {3:our rubbish} {4:before leaving}.,
hotel-complaints-01,Hotel,Complaining at the hotel,1,1,{1:La habitación} {2:está} {3:sucia}.,{1:The room} {2:is} {3:dirty}.,
hotel-complaints-02,Hotel,Complaining at the hotel,1,1,{1:Hace} {2:mucho frío} {3:en la habitación}.,{1:It's} {2:very cold} {3:in the room}.,
hotel-complaints-03,Hotel,Complaining at the hotel,1,2,{1:Las sábanas} {2:no} {3:están} {4:limpias}.,{1:The sheets} {3:are}{2:n't} {4:clean}.,
hotel-complaints-04,Hotel,Complaining at the hotel,1,2,{1:La habitación} {2:huele} {3:a tabaco}.,{1:The room} {2:smells} {3:of smoke}.,oler a = to smell of.
hotel-complaints-05,Hotel,Complaining at the hotel,1,2,{1:El wifi} {2:no} {3:funciona} {4:en mi planta}.,{1:The wifi} {3:does}{2:n't} {3:work} {4:on my floor}.,
hotel-complaints-16,Hotel,Complaining at the hotel,1,2,{1:La ducha} {2:no} {3:tiene} {4:presión}.,{1:The shower} {3:has} {2:no} {4:pressure}.,
hotel-complaints-17,Hotel,Complaining at the hotel,1,2,{1:La habitación} {2:no} {3:se parece} {4:a la de las fotos}.,{1:The room} {3:looks} {2:nothing} {3:like} {4:the photos}.,
hotel-complaints-06,Hotel,Complaining at the hotel,1,3,{1:Hay} {2:obras} {3:al lado} {4:desde las siete}.,{1:There's been} {2:building work} {3:next door} {4:since seven o'clock}.,
hotel-complaints-07,Hotel,Complaining at the hotel,1,3,{1:Exijo} {2:hablar} {3:con el director} {4:antes de} {5:pagar}.,{1:I insist on} {2:speaking} {3:to the manager} {4:before} {5:paying}.,
hotel-complaints-18,Hotel,Complaining at the hotel,1,3,{1:Hay} {2:cucarachas} {3:en el baño}.,{1:There are} {2:cockroaches} {3:in the bathroom}.,
hotel-complaints-19,Hotel,Complaining at the hotel,1,3,{1:Quiero} {2:poner} {3:una queja} {4:formal}.,{1:I'd like} {2:to make} {3:a} {4:formal} {3:complaint}.,
hotel-complaints-08,Hotel,Complaining at the hotel,2,1,{1:Nadie} {2:ha venido} {3:a limpiar} {4:hoy}.,{1:Nobody}{2:'s come} {3:to clean} {4:today}.,
hotel-complaints-20,Hotel,Complaining at the hotel,2,1,{1:Esto} {2:no} {3:es} {4:lo que} {5:reservé}.,{1:This} {3:is}{2:n't} {4:what} {5:I booked}.,
hotel-complaints-09,Hotel,Complaining at the hotel,2,2,{1:Pedí} {2:una habitación} {3:con vistas}...,{1:I asked for} {2:a room} {3:with a view}...,
hotel-complaints-10,Hotel,Complaining at the hotel,2,2,{1:He llamado} {2:a recepción} {3:tres veces}.,{1:I've called} {2:reception} {3:three times}.,
hotel-complaints-21,Hotel,Complaining at the hotel,2,2,{1:Me han dado} {2:una habitación} {3:al lado del ascensor}.,{1:They've given me} {2:a room} {3:next to the lift}.,
hotel-complaints-22,Hotel,Complaining at the hotel,2,2,{1:Nadie} {2:me ha ofrecido} {3:una solución}.,{1:Nobody} {2:has offered me} {3:a solution}.,
hotel-complaints-23,Hotel,Complaining at the hotel,2,2,"{1:Si} {2:no} {3:lo solucionan} {4:hoy}, {5:me iré} {6:a otro hotel}.","{1:If} {3:you do}{2:n't} {3:sort it out} {4:today}, {5:I'll go} {6:to another hotel}.",
hotel-complaints-11,Hotel,Complaining at the hotel,2,3,{1:Me han cobrado} {2:una noche} {3:de más}.,{1:You've charged me for} {3:an extra} {2:night}.,
hotel-complaints-12,Hotel,Complaining at the hotel,3,1,{1:Quiero} que {2:me cambien} {3:de habitación}.,{1:I'd like} {2:you to move me} {3:to another room}.,
hotel-complaints-13,Hotel,Complaining at the hotel,3,2,"{1:Si} {2:me hubieran avisado} {3:de las obras}, {4:habría reservado} {5:en otro sitio}.","{1:If} {2:you'd told me} {3:about the building work}, {4:I'd have booked} {5:somewhere else}.",
hotel-complaints-24,Hotel,Complaining at the hotel,3,2,{1:Me prometieron} que {2:me cambiarían} {3:de habitación}.,{1:They promised me} {2:they'd move me} {3:to another room}.,
hotel-complaints-14,Hotel,Complaining at the hotel,3,3,{1:No} {2:es aceptable} que {3:la piscina} {4:esté cerrada} {5:en pleno agosto}.,{2:It's} {1:not} {2:acceptable} {3:for the pool} {4:to be closed} {5:in the middle of August}.,
hotel-complaints-15,Hotel,Complaining at the hotel,3,3,{1:Espero} que {2:me hagan} {3:algún descuento} {4:por las molestias}.,{1:I hope} {2:you'll give me} {3:some kind of discount} {4:for the inconvenience}.,
hotel-complaints-25,Hotel,Complaining at the hotel,3,3,{1:Exijo} que {2:me devuelvan} {3:el importe} {4:de esta noche}.,{1:I demand} {2:you refund me} {3:the cost} {4:of tonight}.,
hotel-complaints-26,Hotel,Complaining at the hotel,3,3,{1:Es inaceptable} que {2:nadie} {3:haya venido} {4:a arreglarlo}.,{1:It's unacceptable} {2:that nobody} {3:has come} {4:to fix it}.,
hotel-rental-01,Hotel,Holiday rentals,1,1,¿{1:Dónde} {2:recogemos} {3:las llaves}?,{1:Where} {2:do we pick up} {3:the keys}?,
hotel-rental-02,Hotel,Holiday rentals,1,1,¿{1:A qué hora} {2:podemos} {3:entrar}?,{1:What time} {2:can we} {3:check in}?,
hotel-rental-03,Hotel,Holiday rentals,1,2,¿{1:Hay} {2:toallas} {3:y} {4:sábanas}?,{1:Are there} {2:towels} {3:and} {4:sheets}?,
hotel-rental-04,Hotel,Holiday rentals,1,2,{1:Hay que} {2:dejar} {3:la casa} {4:como la encontramos}.,{1:We have to} {2:leave} {3:the house} {4:as we found it}.,
hotel-rental-16,Hotel,Holiday rentals,1,2,¿{1:Hay que} {2:pagar} {3:la limpieza} {4:aparte}?,{1:Do we have to} {2:pay for} {3:cleaning} {4:separately}?,
hotel-rental-05,Hotel,Holiday rentals,1,3,{1:La lavadora} {2:no} {3:centrifuga}.,{1:The washing machine} {3:is}{2:n't} {3:spinning}.,
hotel-rental-06,Hotel,Holiday rentals,1,3,{1:El anfitrión} {2:no} {3:contesta} {4:al teléfono}.,{1:The host} {3:is}{2:n't} {3:answering} {4:the phone}.,
hotel-rental-17,Hotel,Holiday rentals,1,3,¿{1:Dónde} {2:está} {3:el contador}?,{1:Where}{2:'s} {3:the meter}?,
hotel-rental-18,Hotel,Holiday rentals,1,3,{1:No} {2:encontramos} {3:la caja de las llaves}.,{2:We can}{1:'t} {2:find} {3:the key box}.,
hotel-rental-19,Hotel,Holiday rentals,1,3,{1:Hay} {2:una piscina comunitaria}.,{1:There's} {2:a shared pool}.,
hotel-rental-07,Hotel,Holiday rentals,2,1,"{1:Si} {2:tienen} {3:algún problema}, {4:llámenme}.","{1:If} {2:you have} {3:any problems}, {4:call me}.",
hotel-rental-08,Hotel,Holiday rentals,2,2,{1:Hemos alquilado} {2:un apartamento} {3:en la playa}.,{1:We've rented} {2:a flat} {3:by the beach}.,
hotel-rental-09,Hotel,Holiday rentals,2,2,{1:Nos dejaron} {2:una botella de vino} {3:de bienvenida}.,{1:They left us} {2:a bottle of wine} {3:as a welcome}.,
hotel-rental-10,Hotel,Holiday rentals,2,2,{1:Saca} {2:la basura} {3:antes de} {4:irte}.,{1:Take out} {2:the rubbish} {3:before} {4:you leave}.,
hotel-rental-20,Hotel,Holiday rentals,2,2,¿{1:Cómo} {2:se enciende} {3:el aire acondicionado}?,{1:How do you} {2:turn on} {3:the air conditioning}?,
hotel-rental-21,Hotel,Holiday rentals,2,2,{1:Se ha roto} {2:un vaso}; {3:lo pagaremos}.,{2:A glass} {1:has broken}; {3:we'll pay for it}.,
hotel-rental-22,Hotel,Holiday rentals,2,2,{1:El anfitrión} {2:nos recomendó} {3:un restaurante} {4:estupendo}.,{1:The host} {2:recommended} {3:a} {4:great} {3:restaurant} {2:to us}.,
hotel-rental-23,Hotel,Holiday rentals,2,2,{1:Nos quedamos} {2:sin gas} {3:el segundo día}.,{1:We ran out of} {2:gas} {3:on the second day}.,
hotel-rental-24,Hotel,Holiday rentals,2,2,{1:Te dejaremos} {2:una buena reseña}.,{1:We'll leave you} {2:a good review}.,
hotel-rental-11,Hotel,Holiday rentals,2,3,{1:Las fotos} {2:del anuncio} {3:no} {4:se parecían} {5:a la realidad}.,{1:The photos} {2:in the listing} {4:looked} {3:nothing} {4:like} {5:the real thing}.,
hotel-rental-12,Hotel,Holiday rentals,2,3,{1:Pagamos} {2:una fianza} {3:bastante alta}.,{1:We paid} {3:quite a large} {2:deposit}.,
hotel-rental-13,Hotel,Holiday rentals,3,2,{1:Nos pidieron} que {2:no} {3:hiciéramos} {4:ruido} {5:después de las diez}.,{1:They asked us} {2:not} {3:to make} {4:noise} {5:after ten}.,
hotel-rental-25,Hotel,Holiday rentals,3,2,"{1:Si} {2:hubiera} {3:algún problema}, {4:llámenos} {5:a cualquier hora}.","{1:If} {2:there's} {3:any problem}, {4:call us} {5:any time}.",
hotel-rental-14,Hotel,Holiday rentals,3,3,{1:Nos devolverán} {2:la fianza} {3:siempre que} {4:no} {5:haya} {6:desperfectos}.,{1:They'll refund} {2:the deposit} {3:as long as} {5:there's} {4:no} {6:damage}.,
hotel-rental-15,Hotel,Holiday rentals,3,3,"{1:De haber sabido} {2:lo lejos} que {3:estaba} {4:de la playa}, {5:no} {6:lo habríamos reservado}.","{1:Had we known} {2:how far} {3:it was} {4:from the beach}, {6:we would}{5:n't} {6:have booked it}.",
hotel-rental-26,Hotel,Holiday rentals,3,3,{1:Nos pidieron} que {2:no} {3:metiéramos} {4:arena} {5:en casa}.,{1:They asked} {3:us} {2:not} {3:to bring} {4:sand} {5:into the house}.,
food-cafe-01,Food & drink,At the café,1,1,"{1:Un café}, {2:por favor}.","{1:A coffee}, {2:please}.",
food-cafe-02,Food & drink,At the café,1,1,¿{1:Me pone} {2:un café con leche}?,{1:Can I have} {2:a white coffee}?,Me pone (literally 'do you put me') is the everyday way to order in Spain.
food-cafe-03,Food & drink,At the café,1,1,"{1:Para mí}, {2:un zumo} {3:de naranja}.","{1:For me}, {2:an} {3:orange} {2:juice}.",Spanish says 'a juice of orange'.
food-cafe-04,Food & drink,At the café,1,1,¿{1:Qué} {2:queréis} {3:tomar}?,{1:What} {2:do you all want} {3:to drink}?,"Vosotros (queréis) is the informal 'you all', used only in Spain."
food-cafe-08,Food & drink,At the café,1,1,"{1:Un té}, {2:por favor}.","{1:A tea}, {2:please}.",
food-cafe-09,Food & drink,At the café,1,1,{1:Dos} {2:cafés} {3:solos}.,{1:Two} {3:black} {2:coffees}.,
food-cafe-10,Food & drink,At the café,1,1,¿{1:Tienen} {2:algo para comer}?,{1:Do you have} {2:anything to eat}?,
food-cafe-11,Food & drink,At the café,1,1,{1:Para tomar aquí}.,{1:To have here}.,
food-cafe-05,Food & drink,At the café,1,2,¿{1:Tienen} {2:leche} {3:sin lactosa}?,{1:Do you have} {3:lactose-free} {2:milk}?,
food-cafe-12,Food & drink,At the café,1,2,"{1:Un bocadillo} {2:de jamón}, {3:por favor}.","{1:A} {2:ham} {1:sandwich}, {3:please}.",
food-cafe-13,Food & drink,At the café,1,2,¿{1:Me pone} {2:un cortado}?,{1:Can I have} {2:a coffee with a dash of milk}?,A cortado is an espresso 'cut' with a little milk.
food-cafe-14,Food & drink,At the café,1,2,"{1:Con leche de avena}, {2:por favor}.","{1:With oat milk}, {2:please}.",
food-cafe-15,Food & drink,At the café,1,2,¿{1:Es} {2:descafeinado}?,{1:Is it} {2:decaf}?,
food-cafe-16,Food & drink,At the café,1,2,"{1:Un zumo} {2:natural}, {3:sin hielo}.","{1:A fresh} {2:juice}, {3:no ice}.",
food-cafe-17,Food & drink,At the café,1,2,{1:Una tostada} {2:con aceite y tomate}.,{1:Toast} {2:with olive oil and tomato}.,
food-cafe-18,Food & drink,At the café,1,3,¿{1:Tienen} {2:sacarina}?,{1:Do you have} {2:sweetener}?,
food-cafe-19,Food & drink,At the café,1,3,¿{1:Hay} {2:enchufes} {3:cerca de las mesas}?,{1:Are there} {2:sockets} {3:near the tables}?,
food-cafe-06,Food & drink,At the café,2,1,"{1:Acabo de} {2:pedir}, {3:gracias}.","{1:I've just} {2:ordered}, {3:thanks}.",acabar de + infinitive = 'to have just done'.
food-cafe-20,Food & drink,At the café,2,1,"{1:Ponme} {2:otro}, {3:por favor}.","{1:Give me} {2:another one}, {3:please}.",
food-cafe-21,Food & drink,At the café,2,2,{1:Se me ha caído} {2:el café}.,{1:I've spilt} {2:my coffee}.,
food-cafe-22,Food & drink,At the café,2,2,{1:Antes venía} {2:aquí} {3:todas las mañanas}.,{1:I used to come} {2:here} {3:every morning}.,
food-cafe-23,Food & drink,At the café,2,3,"{1:Caliéntemelo} {2:un poco más}, {3:por favor}.","{1:Could you heat it up} {2:a bit more}, {3:please}?",
food-cafe-07,Food & drink,At the café,3,2,{1:No} {2:creo} que {3:tengan} {4:nada} {5:sin gluten}.,{2:I do}{1:n't} {2:think} {3:they have} {4:anything} {5:gluten-free}.,No creo que + subjunctive: doubt. Note the double negative: no... nada.
food-cafe-24,Food & drink,At the café,3,2,{1:Quiero} {2:un café} {3:que no esté} {4:tan amargo}.,{1:I'd like} {2:a coffee} {3:that isn't} {4:so bitter}.,
food-cafe-25,Food & drink,At the café,3,2,{1:No} {2:pidas} {3:la tarta de queso}; {4:se ha acabado}.,{1:Don't} {2:order} {3:the cheesecake}; {4:it's sold out}.,
food-restaurant-01,Food & drink,At a restaurant,1,1,"{1:Una mesa} {2:para dos}, {3:por favor}.","{1:A table} {2:for two}, {3:please}.",
food-restaurant-02,Food & drink,At a restaurant,1,1,"¿{1:Nos} {2:trae} {3:la carta}, {4:por favor}?","{2:Could you bring} {1:us} {3:the menu}, {4:please}?",
food-restaurant-03,Food & drink,At a restaurant,1,1,{1:Soy} {2:vegetarian[o|a]}.,{1:I'm} {2:vegetarian}.,
food-restaurant-10,Food & drink,At a restaurant,1,1,{1:Tenemos} {2:una reserva} {3:a las nueve}.,{1:We have} {2:a booking} {3:for nine o'clock}.,
food-restaurant-11,Food & drink,At a restaurant,1,1,¿{1:Hay} {2:mesa} {3:en la terraza}?,{1:Is there} {2:a table} {3:outside}?,
food-restaurant-12,Food & drink,At a restaurant,1,1,"{1:Agua} {2:sin gas}, {3:por favor}.","{2:Still} {1:water}, {3:please}.",
food-restaurant-04,Food & drink,At a restaurant,1,2,¿{1:Qué} {2:me recomienda}?,{1:What} {2:would you recommend}?,
food-restaurant-05,Food & drink,At a restaurant,1,2,"{1:De primero}, {2:voy a tomar} {3:la sopa}.","{1:For starters}, {2:I'll have} {3:the soup}.",de primero = as the first course. ir a + infinitive = going to.
food-restaurant-13,Food & drink,At a restaurant,1,2,¿{1:Cuál es} {2:el plato del día}?,{1:What's} {2:the dish of the day}?,
food-restaurant-14,Food & drink,At a restaurant,1,2,¿{1:Lleva} {2:frutos secos}?,{1:Does it have} {2:nuts} {1:in it}?,
food-restaurant-15,Food & drink,At a restaurant,1,2,{1:Somos} {2:seis}; ¿{3:podemos} {4:juntar} {5:dos mesas}?,{1:We're} {2:a party of six}; {3:can we} {4:put} {5:two tables} {4:together}?,
food-restaurant-16,Food & drink,At a restaurant,1,2,"{1:Para beber}, {2:una copa} {3:de vino tinto}.","{1:To drink}, {2:a glass} {3:of red wine}.",
food-restaurant-06,Food & drink,At a restaurant,1,3,{1:El cordero} {2:viene con} {3:patatas} {4:asadas} {5:y} {6:verduras} {7:de temporada}.,{1:The lamb} {2:comes with} {4:roast} {3:potatoes} {5:and} {7:seasonal} {6:vegetables}.,
food-restaurant-17,Food & drink,At a restaurant,1,3,"{1:El menú del día} {2:incluye} {3:primero}, {4:segundo} {5:y} {6:postre}.","{1:The set menu} {2:includes} {3:a starter}, {4:a main} {5:and} {6:a dessert}.",
food-restaurant-18,Food & drink,At a restaurant,1,3,{1:El pescado} {2:viene} {3:a la plancha} {4:o} {5:rebozado}.,{1:The fish} {2:comes} {3:grilled} {4:or} {5:in batter}.,
food-restaurant-19,Food & drink,At a restaurant,1,3,¿{1:Me pone} {2:la salsa} {3:aparte}?,{1:Could I have} {2:the sauce} {3:on the side}?,
food-restaurant-20,Food & drink,At a restaurant,2,2,"{1:Tráiganos} {2:un poco más de pan}, {3:por favor}.","{1:Could you bring us} {2:a bit more bread}, {3:please}?",
food-restaurant-21,Food & drink,At a restaurant,2,2,{1:Estaba} {2:todo} {3:buenísimo}.,{2:Everything} {1:was} {3:delicious}.,
food-restaurant-07,Food & drink,At a restaurant,2,3,"{1:He pedido} {2:el filete} {3:poco hecho}, {4:pero} {5:está} {6:muy hecho}.","{1:I ordered} {2:the steak} {3:rare}, {4:but} {5:it's} {6:well done}.",Spain uses the present perfect for something earlier today.
food-restaurant-22,Food & drink,At a restaurant,2,3,{1:Nos han traído} {2:el plato equivocado}.,{1:They've brought us} {2:the wrong dish}.,
food-restaurant-23,Food & drink,At a restaurant,2,3,{1:La sopa} {2:ha llegado} {3:fría}.,{1:The soup} {2:has come} {3:cold}.,
food-restaurant-08,Food & drink,At a restaurant,3,1,{1:Pide} {2:lo que} {3:quieras}. {4:Invito yo}.,{1:Order} {2:whatever} {3:you want}. {4:It's on me}.,lo que + subjunctive = 'whatever'. invitar = to treat someone.
food-restaurant-09,Food & drink,At a restaurant,3,1,{1:Habríamos pedido} {2:postre} {3:si} {4:no} {5:hubiéramos comido} {6:tanto}.,{1:We'd have ordered} {2:dessert} {3:if} {5:we had}{4:n't} {5:eaten} {6:so much}.,A past 'if' with the clauses the other way round.
food-restaurant-24,Food & drink,At a restaurant,3,2,¿{1:Le importaría} que {2:nos cambiáramos} {3:de mesa}?,{1:Would you mind} {2:if we moved} {3:to another table}?,
food-restaurant-25,Food & drink,At a restaurant,3,3,"{1:Si} {2:hubiéramos reservado}, {3:no} {4:habríamos esperado} {5:tanto}.","{1:If} {2:we'd booked}, {4:we would}{3:n't} {4:have waited} {5:so long}.",
food-paying-01,Food & drink,Paying,1,1,"{1:La cuenta}, {2:por favor}.","{1:The bill}, {2:please}.",
food-paying-02,Food & drink,Paying,1,1,¿{1:Puedo} {2:pagar} {3:con tarjeta}?,{1:Can I} {2:pay} {3:by card}?,
food-paying-08,Food & drink,Paying,1,1,{1:Vamos a} {2:pagar} {3:a medias}.,{1:Let's} {2:split} {3:the bill}.,a medias = half each.
food-paying-09,Food & drink,Paying,1,1,{1:Pago} {2:yo}.,{2:I'll} {1:pay}.,
food-paying-10,Food & drink,Paying,1,1,"{1:Todo junto}, {2:por favor}.","{1:All together}, {2:please}.",
food-paying-11,Food & drink,Paying,1,1,¿{1:Cuánto} {2:es}?,{1:How much} {2:is it}?,
food-paying-03,Food & drink,Paying,1,2,¿{1:Está incluida} {2:la propina}?,{1:Is} {2:the tip} {1:included}?,incluida ends in -a to match la propina.
food-paying-12,Food & drink,Paying,1,2,¿{1:Puedo pagar} {2:con el móvil}?,{1:Can I pay} {2:with my phone}?,
food-paying-13,Food & drink,Paying,1,2,¿{1:Aceptan} {2:pago sin contacto}?,{1:Do you take} {2:contactless}?,
food-paying-14,Food & drink,Paying,1,2,{1:No} {2:tengo} {3:suelto}.,{2:I've got} {1:no} {3:change}.,
food-paying-24,Food & drink,Paying,1,2,"{1:Si} {2:pagas} {3:tú} {4:la cena}, {5:yo} {6:pago} {7:las copas}.","{1:If} {3:you} {2:pay for} {4:dinner}, {5:I'll} {6:get} {7:the drinks}.",
food-paying-17,Food & drink,Paying,1,3,¿{1:Nos puede cobrar} {2:por separado}?,{1:Can you charge us} {2:separately}?,
food-paying-18,Food & drink,Paying,1,3,{1:Aquí} {2:la propina} {3:no} {4:es obligatoria}.,{2:Tipping} {4:is}{3:n't} {4:compulsory} {1:here}.,
food-paying-04,Food & drink,Paying,2,1,{1:Esto} {2:no} {3:es} {4:lo que} {5:he pedido}.,{1:This} {3:is}{2:n't} {4:what} {5:I ordered}.,lo que = 'what' (the thing that).
food-paying-19,Food & drink,Paying,2,1,{1:Ya} {2:he pagado} {3:en la barra}.,{2:I've} {1:already} {2:paid} {3:at the bar}.,
food-paying-05,Food & drink,Paying,2,2,{1:Creo} que {2:se han equivocado} {3:con la cuenta}.,{1:I think} {2:you've made a mistake} {3:with the bill}.,equivocarse = to get something wrong.
food-paying-06,Food & drink,Paying,2,2,{1:Nos han cobrado} {2:dos botellas} {3:aunque} {4:solo} {5:hemos pedido} {6:una}.,{1:You've charged us for} {2:two bottles} {3:even though} {5:we} {4:only} {5:ordered} {6:one}.,Spain uses the present perfect for earlier today.
food-paying-15,Food & drink,Paying,2,2,{1:Redondéelo} {2:a veinte}.,{1:Round it up} {2:to twenty}.,
food-paying-16,Food & drink,Paying,2,2,¿{1:Cuánto} {2:se suele dejar} {3:de propina}?,{1:How much} {2:do people usually leave} {3:as a tip}?,
food-paying-20,Food & drink,Paying,2,2,{1:Me ha cobrado} {2:de más}.,{1:You've charged me} {2:too much}.,
food-paying-21,Food & drink,Paying,2,2,"{1:Tráigame} {2:el datáfono}, {3:por favor}.","{1:Could you bring} {2:the card machine}, {3:please}?",
food-paying-22,Food & drink,Paying,2,3,{1:La tarjeta} {2:ha sido rechazada}.,{1:The card} {2:has been declined}.,
food-paying-23,Food & drink,Paying,3,1,{1:No} {2:te preocupes}; ya {3:me invitarás} {4:otro día}.,{1:Don't} {2:worry}; {3:you can treat me} {4:another day}.,ya + future here means 'some other time'.
food-paying-07,Food & drink,Paying,3,2,{1:Me extraña} que {2:la cuenta} {3:sea} {4:tan alta}; ¿{5:podría} {6:revisar}{7:la}?,{1:I'm surprised} {2:the bill} {3:is} {4:so high}; {5:could you} {6:check} {7:it}?,Surprise + que takes the subjunctive. The pronoun la (it) joins the end of the infinitive.
food-paying-25,Food & drink,Paying,3,3,{1:Me extraña} que {2:no} {3:hayan incluido} {4:el servicio}.,{1:I'm surprised} {3:they have}{2:n't} {3:included} {4:service}.,
food-bar-01,Food & drink,At the bar,1,1,{1:Dos} {2:vinos} {3:tintos}.,{1:Two} {3:red} {2:wines}.,
food-bar-02,Food & drink,At the bar,1,1,{1:Esta ronda} {2:la pago} {3:yo}.,{1:This round}{2:'s on} {3:me}.,"Putting the object first, then la, emphasises it."
food-bar-06,Food & drink,At the bar,1,1,¿{1:Me pones} {2:un vaso de agua}?,{1:Can I have} {2:a glass of water}?,"In Spain, tú is normal with bar staff."
food-bar-16,Food & drink,At the bar,1,1,¿{1:Hasta qué hora} {2:abren}?,{1:How late} {2:are you open}?,
food-bar-03,Food & drink,At the bar,1,2,"{1:Una caña}, {2:por favor}.","{1:A small beer}, {2:please}.",A caña is a small glass of draught beer.
food-bar-04,Food & drink,At the bar,1,2,¿{1:Qué} {2:tapas} {3:tienen}?,{1:What} {2:bar snacks} {3:do you have}?,
food-bar-05,Food & drink,At the bar,1,2,"{1:Otra} {2:ronda}, {3:por favor}.","{1:Another} {2:round}, {3:please}.",
food-bar-07,Food & drink,At the bar,1,2,¿{1:Hay} {2:sitio} {3:en la terraza}?,{1:Is there} {2:room} {3:on the terrace}?,
food-bar-08,Food & drink,At the bar,1,2,{1:Te invito} {2:a una copa}.,{1:Let me buy you} {2:a drink}.,invitar = to treat someone.
food-bar-09,Food & drink,At the bar,1,2,"¿{1:Me cobras}, {2:por favor}?","{1:Can I pay}, {2:please}?",Literally 'will you charge me?'
food-bar-17,Food & drink,At the bar,1,2,"{1:Una caña} {2:y} {3:una tapa de tortilla}, {4:por favor}.","{1:A small beer} {2:and} {3:a portion of Spanish omelette}, {4:please}.",
food-bar-18,Food & drink,At the bar,1,2,¿{1:Qué} {2:cervezas} {3:tienen} {4:de barril}?,{1:What} {2:beers} {3:do you have} {4:on tap}?,
food-bar-19,Food & drink,At the bar,1,2,{1:Está} {2:muy lleno}; {3:vamos a otro sitio}.,{1:It's} {2:really packed}; {3:let's go somewhere else}.,
food-bar-20,Food & drink,At the bar,1,3,{1:Me tomo} {2:un vermut} {3:antes de comer}.,{1:I'll have} {2:a vermouth} {3:before lunch}.,
food-bar-10,Food & drink,At the bar,2,1,{1:Anoche} {2:bebimos} {3:demasiado}.,{1:Last night} {2:we drank} {3:too much}.,
food-bar-11,Food & drink,At the bar,2,1,{1:Ponme} {2:otra}; {3:esta} {4:está caliente}.,{1:Give me} {2:another one}; {3:this one}{4:'s warm}.,An affirmative tú command with me attached.
food-bar-21,Food & drink,At the bar,2,1,{1:Pide} {2:tú}; {3:yo} {4:busco} {5:mesa}.,{2:You} {1:order}; {3:I'll} {4:find} {5:a table}.,
food-bar-12,Food & drink,At the bar,2,2,{1:Me tomaría} {2:algo} {3:sin alcohol}.,{1:I'd have} {2:something} {3:non-alcoholic}.,
food-bar-22,Food & drink,At the bar,2,2,"{1:Ponnos} {2:unas aceitunas}, {3:por favor}.","{1:Bring us} {2:some olives}, {3:please}.",
food-bar-23,Food & drink,At the bar,2,2,{1:Anoche} {2:estuvimos} {3:de bares} {4:hasta las tres}.,{1:Last night} {2:we were} {3:out at bars} {4:until three}.,
food-bar-24,Food & drink,At the bar,2,3,{1:El camarero} {2:nos invitó} {3:a un chupito}.,{1:The waiter} {2:gave us} {3:a free shot}.,
food-bar-13,Food & drink,At the bar,3,1,"{1:No} {2:bebas} {3:más}, que {4:tienes que} {5:conducir}.",{1:Don't} {2:drink} {3:any more}; {4:you've got to} {5:drive}.,Negative tú commands use the subjunctive: no bebas.
food-bar-25,Food & drink,At the bar,3,1,{1:No} {2:bebas} {3:tan deprisa}.,{1:Don't} {2:drink} {3:so fast}.,
food-bar-14,Food & drink,At the bar,3,2,"{1:Si} {2:hubiera sabido} que {3:la cerveza} {4:era} {5:tan fuerte}, {6:no} {7:me habría tomado} {8:dos}.","{1:If} {2:I'd known} {3:the beer} {4:was} {5:so strong}, {7:I would}{6:n't} {7:have had} {8:two}.",
food-bar-15,Food & drink,At the bar,3,2,{1:Pidamos} {2:algo} {3:de picar} {4:antes de que} {5:cierre} {6:la cocina}.,{1:Let's order} {2:something} {3:to nibble} {4:before} {6:the kitchen} {5:closes}.,Pidamos = 'let's order' (a nosotros command).
food-bar-26,Food & drink,At the bar,3,2,"{1:Si} {2:no} {3:tuviera} {4:que} {5:conducir}, {6:me tomaría} {7:otra}.","{1:If} {3:I did}{2:n't} {3:have} {4:to} {5:drive}, {6:I'd have} {7:another}.",
food-diet-01,Food & drink,Diet & allergies,1,1,{1:No} {2:como} {3:carne}.,{2:I do}{1:n't} {2:eat} {3:meat}.,
food-diet-02,Food & drink,Diet & allergies,1,1,{1:Soy} {2:vegan[o|a]}.,{1:I'm} {2:vegan}.,
food-diet-15,Food & drink,Diet & allergies,1,1,"{1:Sin azúcar}, {2:por favor}.","{1:No sugar}, {2:please}.",
food-diet-16,Food & drink,Diet & allergies,1,1,{1:No como} {2:cerdo}.,{1:I don't eat} {2:pork}.,
food-diet-17,Food & drink,Diet & allergies,1,1,{1:No} {2:bebo} {3:alcohol}.,{2:I do}{1:n't} {2:drink} {3:alcohol}.,
food-diet-03,Food & drink,Diet & allergies,1,2,{1:Soy} {2:alérgic[o|a]} {3:a los frutos secos}.,{1:I'm} {2:allergic} {3:to nuts}.,
food-diet-04,Food & drink,Diet & allergies,1,2,¿{1:Esto} {2:lleva} {3:huevo}?,{2:Does} {1:this} {2:have} {3:egg} {2:in it}?,llevar = to contain (an ingredient).
food-diet-05,Food & drink,Diet & allergies,1,2,{1:No puedo} {2:tomar} {3:lácteos}.,{1:I can't} {2:have} {3:dairy}.,
food-diet-06,Food & drink,Diet & allergies,1,2,¿{1:Tienen} {2:opciones} {3:sin gluten}?,{1:Do you have} {3:gluten-free} {2:options}?,
food-diet-18,Food & drink,Diet & allergies,1,2,¿{1:Qué} {2:platos} {3:son} {4:veganos}?,{1:Which} {2:dishes} {3:are} {4:vegan}?,
food-diet-19,Food & drink,Diet & allergies,1,2,{1:Intento} {2:comer} {3:menos sal}.,{1:I'm trying} {2:to eat} {3:less salt}.,
food-diet-07,Food & drink,Diet & allergies,1,3,{1:Soy} {2:celíac[o|a]}.,{1:I'm} {2:coeliac}.,
food-diet-08,Food & drink,Diet & allergies,1,3,"{1:Aunque} {2:no} {3:soy} {4:alérgic[o|a]}, {5:el marisco} {6:me sienta fatal}.","{1:Even though} {3:I'm} {2:not} {4:allergic}, {5:shellfish} {6:really disagrees with me}.",aunque + indicative for a fact: 'even though'.
food-diet-20,Food & drink,Diet & allergies,1,3,¿{1:Está frito} {2:en el mismo aceite}?,{1:Is it fried} {2:in the same oil}?,
food-diet-09,Food & drink,Diet & allergies,2,1,{1:Dejé} {2:de comer} {3:azúcar} {4:hace} {5:un año}.,{1:I stopped} {2:eating} {3:sugar} {5:a year} {4:ago}.,dejar de + infinitive = to stop doing.
food-diet-10,Food & drink,Diet & allergies,2,2,¿{1:Me} {2:lo} {3:puede} {4:preparar} {5:sin cebolla}?,{3:Can you} {4:make} {2:it} {1:for me} {5:without onion}?,
food-diet-11,Food & drink,Diet & allergies,2,2,{1:La última vez} {2:tuve} {3:una reacción} {4:muy fuerte}.,{1:Last time} {2:I had} {3:a} {4:really bad} {3:reaction}.,
food-diet-12,Food & drink,Diet & allergies,2,2,¿{1:Podría} {2:comprobar} {3:los ingredientes} {4:con el cocinero}?,{1:Could you} {2:check} {3:the ingredients} {4:with the chef}?,
food-diet-21,Food & drink,Diet & allergies,2,2,{1:Me han dicho} que {2:lleva} {3:marisco}.,{1:I've been told} {2:it has} {3:shellfish} {2:in it}.,
food-diet-22,Food & drink,Diet & allergies,2,2,{1:Hazme} {2:la mía} {3:sin salsa}.,{1:Make} {2:mine} {3:without sauce}.,
food-diet-23,Food & drink,Diet & allergies,2,3,"{1:Tráigame} {2:la carta de alérgenos}, {3:por favor}.","{1:Could you bring me} {2:the allergen menu}, {3:please}?",
food-diet-13,Food & drink,Diet & allergies,3,1,{1:Te lo diría} {2:si} {3:tuviera} {4:algún problema}.,{1:I'd tell you} {2:if} {3:I had} {4:any problem}.,
food-diet-24,Food & drink,Diet & allergies,3,2,{1:Prefiero} que {2:no} {3:lleve} {4:picante}.,{1:I'd rather} {3:it did}{2:n't} {3:have} {4:any chilli}.,
food-diet-14,Food & drink,Diet & allergies,3,3,{1:Es importante} que {2:no} {3:haya} {4:trazas} {5:de cacahuete}.,{1:It's important} {3:there are} {2:no} {4:traces} {5:of peanut}.,
food-diet-25,Food & drink,Diet & allergies,3,3,"{1:Aunque} {2:sea} {3:una pizca}, {4:me sienta mal}.","{1:Even if} {2:it's} {3:just a pinch}, {4:it makes me ill}.",
food-cooking-01,Food & drink,Cooking at home,1,1,{1:Tengo} {2:hambre}.,{1:I'm} {2:hungry}.,Literally 'I have hunger'.
food-cooking-02,Food & drink,Cooking at home,1,1,¿{1:Qué} {2:hacemos} {3:para cenar}?,{1:What} {2:shall we make} {3:for dinner}?,
food-cooking-03,Food & drink,Cooking at home,1,1,{1:Voy a} {2:hacer} {3:una ensalada}.,{1:I'm going to} {2:make} {3:a salad}.,
food-cooking-04,Food & drink,Cooking at home,1,1,{1:No queda} {2:leche}.,{1:There's no} {2:milk} {1:left}.,quedar = to be left.
food-cooking-05,Food & drink,Cooking at home,1,1,¿{1:Me pasas} {2:la sal}?,{1:Can you pass me} {2:the salt}?,
food-cooking-17,Food & drink,Cooking at home,1,1,{1:Esta receta} {2:es} {3:muy fácil}.,{1:This recipe} {2:is} {3:really easy}.,
food-cooking-18,Food & drink,Cooking at home,1,1,{1:Hoy} {2:cocino} {3:yo}.,{3:I'm} {2:cooking} {1:today}.,
food-cooking-06,Food & drink,Cooking at home,1,2,{1:La sopa} {2:está} {3:demasiado salada}.,{1:The soup} {2:is} {3:too salty}.,
food-cooking-19,Food & drink,Cooking at home,1,2,¿{1:Dónde} {2:están} {3:las sartenes}?,{1:Where} {2:are} {3:the frying pans}?,
food-cooking-20,Food & drink,Cooking at home,1,3,{1:Necesito} {2:un abrelatas}.,{1:I need} {2:a tin opener}.,
food-cooking-07,Food & drink,Cooking at home,2,2,{1:Pon} {2:el horno} {3:a 180 grados}.,{1:Set} {2:the oven} {3:to 180 degrees}.,Pon is the tú command of poner.
food-cooking-08,Food & drink,Cooking at home,2,2,{1:Ya} {2:he puesto} {3:la mesa}.,{2:I've} {1:already} {2:laid} {3:the table}.,
food-cooking-09,Food & drink,Cooking at home,2,2,{1:Mi abuela} {2:me enseñó} {3:a hacer} {4:esta receta} {5:cuando} {6:era} {7:pequeñ[o|a]}.,{1:My grandmother} {2:taught me} {3:to make} {4:this recipe} {5:when} {6:I was} {7:little}.,
food-cooking-10,Food & drink,Cooking at home,2,2,{1:Se me ha quemado} {2:el arroz}.,{1:I've burnt} {2:the rice}.,This se makes it an accident: 'the rice has burnt on me'.
food-cooking-11,Food & drink,Cooking at home,2,2,{1:Remueve} {2:la salsa} {3:de vez en cuando}.,{1:Stir} {2:the sauce} {3:now and then}.,
food-cooking-21,Food & drink,Cooking at home,2,2,{1:Pica} {2:la cebolla} {3:muy fina}.,{1:Chop} {2:the onion} {3:very finely}.,
food-cooking-22,Food & drink,Cooking at home,2,2,{1:Hierve} {2:el agua} {3:antes de echar} {4:la pasta}.,{1:Boil} {2:the water} {3:before adding} {4:the pasta}.,
food-cooking-23,Food & drink,Cooking at home,2,2,{1:Prueba} {2:la salsa} {3:y} {4:dime} {5:qué le falta}.,{1:Taste} {2:the sauce} {3:and} {4:tell me} {5:what it needs}.,
food-cooking-24,Food & drink,Cooking at home,2,2,"{1:Si} {2:no} {3:tienes} {4:nata}, {5:usa} {6:leche}.","{1:If} {3:you} {2:don't} {3:have} {4:cream}, {5:use} {6:milk}.",
food-cooking-12,Food & drink,Cooking at home,2,3,{1:Hay que} {2:pelar} {3:las patatas} {4:y} {5:cortarlas} {6:en dados}.,{1:You have to} {2:peel} {3:the potatoes} {4:and} {5:cut them} {6:into cubes}.,
food-cooking-13,Food & drink,Cooking at home,2,3,{1:Déjalo} {2:a fuego lento} {3:veinte minutos}.,{1:Leave it} {2:on a low heat} {3:for twenty minutes}.,
food-cooking-25,Food & drink,Cooking at home,2,3,{1:Echa} {2:un chorrito} {3:de aceite}.,{1:Add} {2:a splash} {3:of oil}.,
food-cooking-26,Food & drink,Cooking at home,2,3,{1:Se me ha pegado} {2:el arroz}.,{2:The rice} {1:has stuck to the pan}.,
food-cooking-14,Food & drink,Cooking at home,3,1,"{1:Si} {2:tuviera} {3:más tiempo}, {4:cocinaría} {5:más a menudo}.","{1:If} {2:I had} {3:more time}, {4:I'd cook} {5:more often}.",
food-cooking-27,Food & drink,Cooking at home,3,1,{1:Deja} que {2:se enfríe} {3:un poco}.,{1:Let it} {2:cool} {3:a bit}.,
food-cooking-15,Food & drink,Cooking at home,3,2,"{1:Cuando} {2:esté} {3:dorado}, {4:sácalo} {5:del horno}.","{1:When} {2:it's} {3:golden}, {4:take it out} {5:of the oven}.",
food-cooking-28,Food & drink,Cooking at home,3,2,"{1:Para que} {2:no} {3:se queme}, {4:remueve} {5:sin parar}.","{1:So that} {3:it does}{2:n't} {3:burn}, {4:stir} {5:constantly}.",
food-cooking-16,Food & drink,Cooking at home,3,3,{1:No} {2:abras} {3:el horno} {4:hasta que} {5:haya subido} {6:el bizcocho}.,{1:Don't} {2:open} {3:the oven} {4:until} {6:the sponge} {5:has risen}.,
food-market-01,Food & drink,At the market,1,1,"{1:Un kilo} {2:de tomates}, {3:por favor}.","{1:A kilo} {2:of tomatoes}, {3:please}.",
food-market-02,Food & drink,At the market,1,1,{1:Medio kilo} {2:de queso}.,{1:Half a kilo} {2:of cheese}.,
food-market-03,Food & drink,At the market,1,1,¿{1:Son} {2:de aquí}?,{1:Are they} {2:local}?,
food-market-04,Food & drink,At the market,1,1,"¿{1:Algo más}? {2:No}, {3:eso es todo}.","{1:Anything else}? {2:No}, {3:that's everything}.",
food-market-15,Food & drink,At the market,1,1,¿{1:A cuánto} {2:están} {3:las naranjas}?,{1:How much} {2:are} {3:the oranges}?,
food-market-16,Food & drink,At the market,1,1,¿{1:Puedo} {2:probar} {3:uno}?,{1:Can I} {2:try} {3:one}?,
food-market-17,Food & drink,At the market,1,1,{1:El mercado} {2:cierra} {3:a las dos}.,{1:The market} {2:closes} {3:at two}.,
food-market-05,Food & drink,At the market,1,2,¿{1:Cuánto} {2:cuestan} {3:las fresas}?,{1:How much} {2:are} {3:the strawberries}?,
food-market-06,Food & drink,At the market,1,2,{1:Estas} {2:peras} {3:no} {4:están} {5:maduras}.,{1:These} {2:pears} {4:are}{3:n't} {5:ripe}.,
food-market-07,Food & drink,At the market,1,2,"{1:Si} {2:compra} {3:dos}, {4:le hago} {5:descuento}.","{1:If} {2:you buy} {3:two}, {4:I'll give you} {5:a discount}.",si + present for a real condition.
food-market-18,Food & drink,At the market,1,2,"{1:Un cuarto} {2:de jamón}, {3:por favor}.","{1:A quarter of a kilo} {2:of ham}, {3:please}.",
food-market-19,Food & drink,At the market,1,2,{1:Estos tomates} {2:están} {3:muy maduros}.,{1:These tomatoes} {2:are} {3:very ripe}.,
food-market-20,Food & drink,At the market,1,2,¿{1:Quién} {2:es} {3:el último}?,{1:Who}{2:'s} {3:last in the queue}?,"Ask this when you join a queue at a stall, then you know who you follow."
food-market-21,Food & drink,At the market,1,2,"{1:Si} {2:vienes} {3:temprano}, {4:hay} {5:más variedad}.","{1:If} {2:you come} {3:early}, {4:there's} {5:more choice}.",
food-market-08,Food & drink,At the market,1,3,{1:Busco} {2:melocotones} {3:de temporada}.,{1:I'm looking for} {3:seasonal} {2:peaches}.,
food-market-22,Food & drink,At the market,1,3,{1:Quiero} {2:unas gambas} {3:frescas}.,{1:I'd like} {2:some} {3:fresh} {2:prawns}.,
food-market-09,Food & drink,At the market,2,1,{1:Póngame} {2:cuatro} {3:manzanas}.,{1:I'll have} {2:four} {3:apples}.,Literally 'put me four apples': a polite usted command.
food-market-10,Food & drink,At the market,2,1,¿{1:Me} {2:las} {3:puede} {4:poner} {5:en una bolsa}?,{3:Can you} {4:put} {2:them} {5:in a bag} {1:for me}?,
food-market-23,Food & drink,At the market,2,1,{1:Póngame} {2:una docena} {3:de huevos}.,{1:I'll have} {2:a dozen} {3:eggs}.,
food-market-11,Food & drink,At the market,2,2,{1:La semana pasada} {2:compré} {3:aquí} {4:un pescado} {5:buenísimo}.,{1:Last week} {2:I bought} {4:a} {5:fantastic} {4:fish} {3:here}.,-ísimo = extremely.
food-market-12,Food & drink,At the market,2,2,¿{1:Me} {2:lo} {3:limpia}?,{3:Could you clean} {2:it} {1:for me}?,
food-market-24,Food & drink,At the market,2,2,{1:Ayer} {2:compré} {3:aquí} {4:unas cerezas} {5:buenísimas}.,{1:Yesterday} {2:I bought} {4:some} {5:amazing} {4:cherries} {3:here}.,
food-market-25,Food & drink,At the market,2,3,{1:Quítele} {2:la piel} {3:al pescado}.,{1:Take} {2:the skin} {1:off} {3:the fish}.,
food-market-13,Food & drink,At the market,3,2,{1:Deme} {2:las} que {3:estén} {4:más maduras}.,{1:Give me} {2:the ones} {3:that are} {4:ripest}.,The subjunctive (estén) because you don't know yet which ones they are.
food-market-26,Food & drink,At the market,3,2,{1:Prefiero} que {2:me los elija} {3:usted}.,{1:I'd rather} {3:you} {2:chose them for me}.,
food-market-14,Food & drink,At the market,3,3,{1:Prefiero} que {2:me las} {3:corte} {4:en filetes}.,{1:I'd rather} {3:you cut} {2:them} {4:into fillets} {2:for me}.,
food-takeaway-01,Food & drink,Takeaway & delivery,1,1,"{1:Para llevar}, {2:por favor}.","{1:To take away}, {2:please}.",
food-takeaway-02,Food & drink,Takeaway & delivery,1,1,¿{1:Pedimos} {2:una pizza}?,{1:Shall we order} {2:a pizza}?,
food-takeaway-03,Food & drink,Takeaway & delivery,1,1,"{1:Es} {2:el tercer piso}, {3:puerta B}.","{1:It's} {2:the third floor}, {3:door B}.",
food-takeaway-15,Food & drink,Takeaway & delivery,1,1,{1:Quiero} {2:pedir} {3:para llevar}.,{1:I'd like} {2:to order} {3:to take away}.,
food-takeaway-04,Food & drink,Takeaway & delivery,1,2,¿{1:Hacen} {2:entregas a domicilio}?,{1:Do you do} {2:home delivery}?,
food-takeaway-05,Food & drink,Takeaway & delivery,1,2,{1:El pedido} {2:tarda} {3:cuarenta minutos}.,{1:The order} {2:takes} {3:forty minutes}.,
food-takeaway-06,Food & drink,Takeaway & delivery,1,2,{1:Falta} {2:una bebida} {3:en el pedido}.,{2:A drink} {1:is missing} {3:from the order}.,faltar = to be missing.
food-takeaway-16,Food & drink,Takeaway & delivery,1,2,¿{1:Cuánto} {2:tarda} {3:el pedido}?,{1:How long} {2:will} {3:the order} {2:take}?,
food-takeaway-17,Food & drink,Takeaway & delivery,1,2,{1:Una pizza} {2:mediana} {3:con champiñones}.,{1:A} {2:medium} {1:pizza} {3:with mushrooms}.,
food-takeaway-18,Food & drink,Takeaway & delivery,1,2,{1:Tengo} {2:un código de descuento}.,{1:I have} {2:a discount code}.,
food-takeaway-19,Food & drink,Takeaway & delivery,1,2,{1:Paso a recogerlo} {2:en diez minutos}.,{1:I'll pick it up} {2:in ten minutes}.,
food-takeaway-07,Food & drink,Takeaway & delivery,1,3,{1:Pago} {2:en efectivo} {3:al repartidor}.,{1:I'll pay} {3:the delivery driver} {2:in cash}.,
food-takeaway-20,Food & drink,Takeaway & delivery,1,3,{1:El repartidor} {2:no} {3:encuentra} {4:la casa}.,{1:The delivery driver} {3:can}{2:'t} {3:find} {4:the house}.,
food-takeaway-08,Food & drink,Takeaway & delivery,2,1,{1:He pedido} {2:comida china}.,{1:I've ordered} {2:Chinese food}.,
food-takeaway-09,Food & drink,Takeaway & delivery,2,1,{1:Llegó} {2:fría}.,{1:It arrived} {2:cold}.,fría agrees with la comida.
food-takeaway-21,Food & drink,Takeaway & delivery,2,1,"{1:Déjelo} {2:en la puerta}, {3:por favor}.","{1:Leave it} {2:at the door}, {3:please}.",
food-takeaway-10,Food & drink,Takeaway & delivery,2,2,{1:Pon} {2:«sin cebolla»} {3:en la nota}.,{1:Put} {2:'no onion'} {3:in the note}.,
food-takeaway-11,Food & drink,Takeaway & delivery,2,2,{1:Me han traído} {2:el pedido} {3:equivocado}.,{1:They've brought me} {2:the} {3:wrong} {2:order}.,
food-takeaway-22,Food & drink,Takeaway & delivery,2,2,{1:Pedí} {2:dos raciones} {3:de patatas}.,{1:I ordered} {2:two portions} {3:of chips}.,
food-takeaway-23,Food & drink,Takeaway & delivery,2,2,{1:Se han olvidado} {2:de los cubiertos}.,{1:They've forgotten} {2:the cutlery}.,
food-takeaway-12,Food & drink,Takeaway & delivery,3,1,{1:Pidamos} {2:algo} {3:que} {4:no} {5:tarde} {6:mucho}.,{1:Let's order} {2:something} {3:that} {5:wo}{4:n't} {5:take} {6:long}.,
food-takeaway-24,Food & drink,Takeaway & delivery,3,1,{1:Llámame} {2:cuando} {3:estés} {4:abajo}.,{1:Ring me} {2:when} {3:you're} {4:downstairs}.,
food-takeaway-13,Food & drink,Takeaway & delivery,3,2,"{1:Si} {2:hubiera sabido} que {3:tardaría} {4:tanto}, {5:habría cocinado} {6:yo}.","{1:If} {2:I'd known} {3:it would take} {4:so long}, {5:I'd have cooked} {6:myself}.",
food-takeaway-14,Food & drink,Takeaway & delivery,3,2,"{1:Le pedí} que {2:me llamara} {3:al llegar}, {4:pero} {5:no} {6:lo hizo}.","{1:I asked him} {2:to call me} {3:when he arrived}, {4:but} {6:he did}{5:n't}.",
food-takeaway-25,Food & drink,Takeaway & delivery,3,2,"{1:Si} {2:pedimos} {3:ya}, {4:llegará} {5:antes de que empiece} {6:el partido}.","{1:If} {2:we order} {3:now}, {4:it'll arrive} {5:before} {6:the match} {5:starts}.",
food-describing-01,Food & drink,Describing food,1,1,{1:Está} {2:buenísimo}.,{1:It's} {2:delicious}.,estar for how food tastes right now.
food-describing-02,Food & drink,Describing food,1,1,{1:Está} {2:muy picante}.,{1:It's} {2:very spicy}.,
food-describing-17,Food & drink,Describing food,1,1,{1:Está} {2:un poco seco}.,{1:It's} {2:a bit dry}.,
food-describing-18,Food & drink,Describing food,1,1,{1:Es} {2:demasiado dulce} {3:para mí}.,{1:It's} {2:too sweet} {3:for me}.,
food-describing-03,Food & drink,Describing food,1,2,{1:Está} {2:un poco soso}.,{1:It's} {2:a bit bland}.,
food-describing-04,Food & drink,Describing food,1,2,{1:La carne} {2:está} {3:muy tierna}.,{1:The meat} {2:is} {3:very tender}.,
food-describing-05,Food & drink,Describing food,1,2,{1:Sabe} {2:a limón}.,{1:It tastes} {2:of lemon}.,saber a = to taste of.
food-describing-06,Food & drink,Describing food,1,2,{1:Huele} {2:de maravilla}.,{1:It smells} {2:wonderful}.,
food-describing-07,Food & drink,Describing food,1,2,{1:Le falta} {2:un poco de sal}.,{1:It needs} {2:a bit more salt}.,faltar = to be lacking. Works like gustar.
food-describing-08,Food & drink,Describing food,1,2,{1:El pescado} {2:está} {3:crudo} {4:por dentro}.,{1:The fish} {2:is} {3:raw} {4:in the middle}.,
food-describing-09,Food & drink,Describing food,1,2,"{1:Aunque} {2:no} {3:suele gustarme} {4:el picante}, {5:esto} {6:está} {7:riquísimo}.","{1:Although} {3:I do}{2:n't} {3:usually like} {4:spicy food}, {5:this} {6:is} {7:delicious}.",
food-describing-19,Food & drink,Describing food,1,2,{1:Tiene} {2:un sabor} {3:muy suave}.,{1:It has} {2:a} {3:very mild} {2:flavour}.,
food-describing-20,Food & drink,Describing food,1,2,{1:Está} {2:pasado}.,{1:It's} {2:gone off}.,
food-describing-21,Food & drink,Describing food,1,2,{1:La carne} {2:está} {3:dura}.,{1:The meat} {2:is} {3:tough}.,
food-describing-22,Food & drink,Describing food,1,2,{1:Esta salsa} {2:pica} {3:muchísimo}.,{1:This sauce} {2:is} {3:incredibly} {2:hot}.,
food-describing-10,Food & drink,Describing food,1,3,{1:Tiene} {2:un sabor} {3:ahumado}.,{1:It has} {2:a} {3:smoky} {2:flavour}.,
food-describing-11,Food & drink,Describing food,1,3,{1:La salsa} {2:está} {3:demasiado espesa}.,{1:The sauce} {2:is} {3:too thick}.,
food-describing-23,Food & drink,Describing food,1,3,{1:La base} {2:está} {3:crujiente}.,{1:The base} {2:is} {3:crispy}.,
food-describing-12,Food & drink,Describing food,2,2,{1:Me ha sorprendido} {2:el postre}.,{2:The dessert} {1:surprised me}.,
food-describing-13,Food & drink,Describing food,2,3,{1:El cordero} {2:estaba} {3:en su punto}.,{1:The lamb} {2:was} {3:cooked to perfection}.,
food-describing-24,Food & drink,Describing food,2,3,{1:Me ha sabido} {2:a poco}.,{1:It left me} {2:wanting more}.,
food-describing-25,Food & drink,Describing food,2,3,{1:Estaba} {2:en su punto}.,{1:It was} {2:cooked just right}.,
food-describing-14,Food & drink,Describing food,3,1,{1:Nunca} {2:había probado} {3:algo así}.,{2:I'd} {1:never} {2:tried} {3:anything like it}.,
food-describing-15,Food & drink,Describing food,3,2,{1:Es} {2:el mejor arroz} que {3:haya comido} {4:en mi vida}.,{1:It's} {2:the best rice} {3:I've eaten} {4:in my life}.,
food-describing-26,Food & drink,Describing food,3,2,{1:Nunca} {2:había probado} {3:el pulpo}.,{2:I'd} {1:never} {2:tried} {3:octopus} {2:before}.,
food-describing-27,Food & drink,Describing food,3,2,{1:No} {2:creo} que {3:lleve} {4:nata}.,{2:I do}{1:n't} {2:think} {3:it has} {4:cream} {3:in it}.,
food-describing-16,Food & drink,Describing food,3,3,"{1:Si} {2:le hubieran puesto} {3:menos azúcar}, {4:estaría} {5:perfecto}.","{1:If} {2:they'd put} {3:less sugar} {2:in it}, {4:it would be} {5:perfect}.",
food-wine-01,Food & drink,Wine & tasting,1,1,"{1:Una copa} {2:de vino blanco}, {3:por favor}.","{1:A glass} {2:of white wine}, {3:please}.",
food-wine-02,Food & drink,Wine & tasting,1,1,{1:Prefiero} {2:el vino tinto}.,{1:I prefer} {2:red wine}.,
food-wine-03,Food & drink,Wine & tasting,1,2,¿{1:Qué vino} {2:nos recomienda}?,{1:Which wine} {2:would you recommend}?,
food-wine-04,Food & drink,Wine & tasting,1,2,¿{1:Es} {2:un vino} {3:seco}?,{1:Is it} {2:a} {3:dry} {2:wine}?,
food-wine-16,Food & drink,Wine & tasting,1,2,¿{1:Tienen} {2:vino de la casa}?,{1:Do you have} {2:a house wine}?,
food-wine-17,Food & drink,Wine & tasting,1,2,{1:Un rosado} {2:bien frío}.,{1:A} {2:well-chilled} {1:rosé}.,
food-wine-18,Food & drink,Wine & tasting,1,2,"{1:Una botella} {2:de cava}, {3:por favor}.","{1:A bottle} {2:of sparkling wine}, {3:please}.",
food-wine-05,Food & drink,Wine & tasting,1,3,{1:Este vino} {2:tiene} {3:mucho cuerpo}.,{1:This wine} {2:is} {3:very full-bodied}.,
food-wine-06,Food & drink,Wine & tasting,1,3,{1:Tiene} {2:notas} {3:de frutos rojos}.,{1:It has} {2:notes} {3:of red berries}.,
food-wine-07,Food & drink,Wine & tasting,1,3,{1:Marida} {2:muy bien} {3:con el queso}.,{1:It goes} {2:really well} {3:with cheese}.,maridar = to pair (food and wine).
food-wine-19,Food & drink,Wine & tasting,1,3,{1:Prefiero} {2:un vino} {3:afrutado}.,{1:I prefer} {2:a} {3:fruity} {2:wine}.,
food-wine-20,Food & drink,Wine & tasting,1,3,¿{1:De qué} {2:uva} {3:es}?,{1:What} {2:grape} {3:is it} {2:made from}?,
food-wine-21,Food & drink,Wine & tasting,1,3,{1:Huele} {2:a corcho}.,{1:It smells} {2:corked}.,
food-wine-08,Food & drink,Wine & tasting,2,2,{1:Visitamos} {2:una bodega} {3:en el norte}.,{1:We visited} {2:a winery} {3:in the north}.,"bodega = a winery (and in Spain, also a wine cellar)."
food-wine-09,Food & drink,Wine & tasting,2,2,{1:Sírvelo} {2:un poco más frío}.,{1:Serve it} {2:a bit colder}.,
food-wine-22,Food & drink,Wine & tasting,2,2,{1:Ábrela} {2:media hora antes}.,{1:Open it} {2:half an hour beforehand}.,
food-wine-23,Food & drink,Wine & tasting,2,2,{1:Es} {2:el mejor tinto} que {3:he probado}.,{1:It's} {2:the best red} {3:I've tried}.,
food-wine-24,Food & drink,Wine & tasting,2,2,"{1:Si} {2:te gusta} {3:el tinto}, {4:prueba} {5:este}.","{1:If} {2:you like} {3:red}, {4:try} {5:this one}.",
food-wine-10,Food & drink,Wine & tasting,2,3,{1:Este vino} {2:se ha estropeado}.,{1:This wine} {2:has gone off}.,
food-wine-11,Food & drink,Wine & tasting,2,3,{1:El vino} {2:ha estado} {3:dos años} {4:en barrica}.,{1:The wine} {2:has spent} {3:two years} {4:in oak barrels}.,
food-wine-25,Food & drink,Wine & tasting,2,3,{1:Hicimos} {2:una cata} {3:en una bodega}.,{1:We did} {2:a tasting} {3:at a winery}.,
food-wine-12,Food & drink,Wine & tasting,3,2,{1:No} {2:creo} que {3:este vino} {4:combine} {5:bien} {6:con el pescado}.,{2:I do}{1:n't} {2:think} {3:this wine} {4:goes} {5:well} {6:with fish}.,
food-wine-26,Food & drink,Wine & tasting,3,2,"{1:Aunque} {2:sea} {3:caro}, {4:merece la pena}.","{1:Even though} {2:it's} {3:expensive}, {4:it's worth it}.",
food-wine-13,Food & drink,Wine & tasting,3,3,{1:Te recomiendo} que {2:lo dejes} {3:respirar} {4:unos minutos}.,{1:I'd recommend} {2:letting it} {3:breathe} {4:for a few minutes}.,
food-wine-14,Food & drink,Wine & tasting,3,3,"{1:Si} {2:yo fuera} {3:tú}, {4:pediría} {5:un reserva} {6:del 2018}.","{1:If} {2:I were} {3:you}, {4:I'd order} {5:a reserva} {6:from 2018}.",A reserva is a wine aged for a set time before release.
food-wine-15,Food & drink,Wine & tasting,3,3,{1:Lo que más} {2:me sorprendió} {3:fue} que {4:el vino} {5:no} {6:tuviera} {7:nada de acidez}.,{1:What} {2:surprised me} {1:most} {3:was} that {4:the wine} {6:had} {5:no} {7:acidity at all}.,
food-dinnerparty-01,Food & drink,A dinner party,1,1,¿{1:Quieres} {2:más}?,{1:Would you like} {2:some more}?,
food-dinnerparty-02,Food & drink,A dinner party,1,1,{1:Todo} {2:está} {3:riquísimo}.,{1:Everything} {2:is} {3:delicious}.,
food-dinnerparty-03,Food & drink,A dinner party,1,1,¿{1:Te ayudo} {2:con algo}?,{1:Can I help you} {2:with anything}?,The present can offer help: 'do I help you?'
food-dinnerparty-04,Food & drink,A dinner party,1,1,¿{1:Me pasas} {2:el pan}?,{1:Could you pass me} {2:the bread}?,
food-dinnerparty-17,Food & drink,A dinner party,1,1,{1:Bienvenidos}.,{1:Welcome}.,
food-dinnerparty-18,Food & drink,A dinner party,1,1,¿{1:Quieres} {2:algo de beber}?,{1:Would you like} {2:something to drink}?,
food-dinnerparty-19,Food & drink,A dinner party,1,1,{1:La cena} {2:está lista}.,{1:Dinner} {2:is ready}.,
food-dinnerparty-20,Food & drink,A dinner party,1,1,¿{1:Quién} {2:quiere} {3:postre}?,{1:Who} {2:wants} {3:dessert}?,
food-dinnerparty-05,Food & drink,A dinner party,1,2,{1:No} {2:puedo} {3:más}; {4:estoy} {5:llenísim[o|a]}.,{2:I can}{1:'t} {3:eat any more}; {4:I'm} {5:stuffed}.,
food-dinnerparty-06,Food & drink,A dinner party,1,2,{1:De entrante} {2:hay} {3:sopa casera}.,{1:For starters} {2:there's} {3:homemade soup}.,
food-dinnerparty-21,Food & drink,A dinner party,1,2,"{1:Si} {2:os quedáis} {3:un rato más}, {4:hago} {5:café}.","{1:If} {2:you stay} {3:a bit longer}, {4:I'll make} {5:coffee}.",
food-dinnerparty-22,Food & drink,A dinner party,1,3,{1:Esto} {2:está} {3:para chuparse los dedos}.,{1:This} {2:is} {3:finger-licking good}.,
food-dinnerparty-07,Food & drink,A dinner party,2,1,"{1:Pasad}, {2:pasad}.","{1:Come in}, {2:come in}.","Pasad is a vosotros command, Spain only."
food-dinnerparty-08,Food & drink,A dinner party,2,1,{1:He traído} {2:una botella de vino}.,{1:I've brought} {2:a bottle of wine}.,
food-dinnerparty-09,Food & drink,A dinner party,2,1,{1:Ha sido} {2:una cena} {3:estupenda}.,{1:It's been} {2:a} {3:lovely} {2:dinner}.,
food-dinnerparty-23,Food & drink,A dinner party,2,1,{1:Quítate} {2:el abrigo}.,{1:Take off} {2:your coat}.,
food-dinnerparty-10,Food & drink,A dinner party,2,2,"{1:Sírvete}, {2:por favor}.","{1:Help yourself}, {2:please}.",
food-dinnerparty-11,Food & drink,A dinner party,2,2,{1:Os he preparado} {2:mi plato favorito}.,{1:I've made you} {2:my favourite dish}.,
food-dinnerparty-12,Food & drink,A dinner party,2,2,{1:La receta} {2:me la dio} {3:mi abuela}.,{3:My grandmother} {2:gave me} {1:the recipe}.,"Putting the object first, then la, emphasises it."
food-dinnerparty-24,Food & drink,A dinner party,2,2,{1:Os he preparado} {2:una paella}.,{1:I've made you} {2:a paella}.,
food-dinnerparty-25,Food & drink,A dinner party,2,2,"{1:Traed} {2:algo de postre}, {3:si queréis}.","{1:Bring} {2:something for dessert}, {3:if you like}.",
food-dinnerparty-13,Food & drink,A dinner party,3,1,{1:Sentaos} {2:donde queráis}.,{1:Sit} {2:wherever you like}.,donde + subjunctive = 'wherever'.
food-dinnerparty-14,Food & drink,A dinner party,3,1,{1:Me encantaría} que {2:vinierais} {3:a cenar} {4:el sábado}.,{1:I'd love} {2:you all to come} {3:for dinner} {4:on Saturday}.,
food-dinnerparty-15,Food & drink,A dinner party,3,1,"{1:Si} {2:hubiera sabido} que {3:no} {4:comías} {5:carne}, {6:habría preparado} {7:otra cosa}.","{1:If} {2:I'd known} {4:you did}{3:n't} {4:eat} {5:meat}, {6:I'd have made} {7:something else}.",
food-dinnerparty-26,Food & drink,A dinner party,3,1,{1:Que aproveche}.,{1:Enjoy your meal}.,Said to people about to eat.
food-dinnerparty-16,Food & drink,A dinner party,3,2,{1:No} {2:te molestes} {3:en recoger}.,{1:Don't} {2:bother} {3:clearing up}.,
food-dinnerparty-27,Food & drink,A dinner party,3,2,{1:Espero} que {2:no} {3:hayáis comido} {4:mucho} {5:antes}.,{1:I hope} {3:you have}{2:n't} {3:eaten} {4:much} {5:beforehand}.,
food-breakfast-01,Food & drink,Breakfast,1,1,No {1:desayuno} {2:nunca}.,{1:I} {2:never} {1:have breakfast}.,
food-breakfast-02,Food & drink,Breakfast,1,1,{1:Me gusta} {2:el pan tostado} {3:con mantequilla}.,{1:I like} {2:toast} {3:with butter}.,
food-breakfast-03,Food & drink,Breakfast,1,1,{1:Los fines de semana} {2:desayunamos} {3:tarde}.,{1:At weekends} {2:we have breakfast} {3:late}.,
food-breakfast-15,Food & drink,Breakfast,1,1,{1:Un café} {2:y} {3:un cruasán}.,{1:A coffee} {2:and} {3:a croissant}.,
food-breakfast-16,Food & drink,Breakfast,1,1,{1:Me gusta} {2:el yogur} {3:con fruta}.,{1:I like} {2:yoghurt} {3:with fruit}.,
food-breakfast-17,Food & drink,Breakfast,1,1,{1:Desayuno} {2:en el trabajo}.,{1:I have breakfast} {2:at work}.,
food-breakfast-04,Food & drink,Breakfast,1,2,{1:Prefiero} {2:algo salado} {3:por la mañana}.,{1:I prefer} {2:something savoury} {3:in the morning}.,
food-breakfast-05,Food & drink,Breakfast,1,2,{1:Solo} {2:tomo} {3:un café} {4:a primera hora}.,{2:I} {1:just} {2:have} {3:a coffee} {4:first thing}.,
food-breakfast-06,Food & drink,Breakfast,1,2,{1:Me hago} {2:unos huevos revueltos}.,{1:I make myself} {2:some scrambled eggs}.,
food-breakfast-18,Food & drink,Breakfast,1,2,{1:Hay} {2:bufé libre} {3:en el hotel}.,{1:There's} {2:a buffet breakfast} {3:at the hotel}.,
food-breakfast-07,Food & drink,Breakfast,1,3,{1:Tomo} {2:cereales} {3:con leche de avena}.,{1:I have} {2:cereal} {3:with oat milk}.,
food-breakfast-19,Food & drink,Breakfast,1,3,{1:Echo de menos} {2:un desayuno inglés}.,{1:I miss} {2:a full English}.,
food-breakfast-08,Food & drink,Breakfast,2,1,{1:Esta mañana} {2:no} {3:he desayunado}.,{3:I have}{2:n't} {3:had breakfast} {1:this morning}.,
food-breakfast-20,Food & drink,Breakfast,2,1,"{1:Prepárame} {2:un té}, {3:por favor}.","{1:Make me} {2:a tea}, {3:please}.",
food-breakfast-21,Food & drink,Breakfast,2,1,"{1:Antes} {2:no} {3:desayunaba}, {4:pero} {5:ahora} {6:sí}.","{3:I did}{2:n't} {3:use to have breakfast} {1:before}, {4:but} {5:now} {6:I do}.",
food-breakfast-09,Food & drink,Breakfast,2,2,{1:Pásame} {2:la mermelada}.,{1:Pass me} {2:the jam}.,
food-breakfast-22,Food & drink,Breakfast,2,2,{1:Esta mañana} {2:me he saltado} {3:el desayuno}.,{1:This morning} {2:I skipped} {3:breakfast}.,
food-breakfast-23,Food & drink,Breakfast,2,2,{1:Se ha acabado} {2:el pan}.,{2:The bread} {1:has run out}.,
food-breakfast-24,Food & drink,Breakfast,2,2,{1:Haz} {2:unas tortitas} {3:para todos}.,{1:Make} {2:some pancakes} {3:for everyone}.,
food-breakfast-10,Food & drink,Breakfast,2,3,{1:Exprímeme} {2:unas naranjas}.,{1:Squeeze} {2:some oranges} {1:for me}.,
food-breakfast-11,Food & drink,Breakfast,2,3,{1:Antes desayunaba} {2:churros} {3:los domingos}.,{1:I used to have} {2:churros} {1:for breakfast} {3:on Sundays}.,
food-breakfast-12,Food & drink,Breakfast,3,1,{1:No} {2:salgas} {3:sin desayunar}.,{1:Don't} {2:go out} {3:without breakfast}.,
food-breakfast-25,Food & drink,Breakfast,3,1,"{1:Cuando} {2:tenga} {3:más tiempo}, {4:desayunaré} {5:mejor}.","{1:When} {2:I have} {3:more time}, {4:I'll have} {5:a better breakfast}.",
food-breakfast-13,Food & drink,Breakfast,3,2,"{1:Si} {2:me levantara} {3:antes}, {4:desayunaría} {5:con calma}.","{1:If} {2:I got up} {3:earlier}, {4:I'd have breakfast} {5:in peace}.",
food-breakfast-14,Food & drink,Breakfast,3,2,{1:Prefiero} que {2:desayunemos} {3:fuera} {4:el domingo}.,{1:I'd rather} {2:we had breakfast} {3:out} {4:on Sunday}.,
food-baking-01,Food & drink,Baking & desserts,1,1,{1:Voy a} {2:hacer} {3:una tarta}.,{1:I'm going to} {2:make} {3:a cake}.,
food-baking-02,Food & drink,Baking & desserts,1,1,{1:Huele} {2:muy bien}.,{1:It smells} {2:really good}.,
food-baking-03,Food & drink,Baking & desserts,1,2,"{1:Necesito} {2:harina}, {3:azúcar} {4:y} {5:huevos}.","{1:I need} {2:flour}, {3:sugar} {4:and} {5:eggs}.",
food-baking-15,Food & drink,Baking & desserts,1,2,{1:Necesito} {2:levadura}.,{1:I need} {2:yeast}.,
food-baking-16,Food & drink,Baking & desserts,1,2,{1:Hace falta} {2:un huevo} {3:más}.,{1:We need} {3:one more} {2:egg}.,
food-baking-17,Food & drink,Baking & desserts,1,2,{1:La tarta} {2:está} {3:un poco cruda} {4:por dentro}.,{1:The cake} {2:is} {3:a bit raw} {4:in the middle}.,
food-baking-04,Food & drink,Baking & desserts,1,3,{1:El horno} {2:tiene que estar} {3:a ciento ochenta grados}.,{1:The oven} {2:needs to be} {3:at a hundred and eighty degrees}.,
food-baking-05,Food & drink,Baking & desserts,1,3,{1:La masa} {2:tiene que reposar} {3:una hora}.,{1:The dough} {2:has to rest} {3:for an hour}.,
food-baking-06,Food & drink,Baking & desserts,2,1,{1:Hice} {2:galletas} {3:para los niños}.,{1:I made} {2:biscuits} {3:for the children}.,
food-baking-07,Food & drink,Baking & desserts,2,2,{1:Bate} {2:los huevos} {3:con el azúcar}.,{1:Beat} {2:the eggs} {3:with the sugar}.,
food-baking-18,Food & drink,Baking & desserts,2,2,{1:Pesa} {2:doscientos gramos} {3:de mantequilla}.,{1:Weigh out} {2:two hundred grams} {3:of butter}.,
food-baking-19,Food & drink,Baking & desserts,2,2,{1:Decoré} {2:la tarta} {3:con fresas}.,{1:I decorated} {2:the cake} {3:with strawberries}.,
food-baking-20,Food & drink,Baking & desserts,2,2,{1:Hice} {2:pan casero} {3:por primera vez}.,{1:I made} {2:homemade bread} {3:for the first time}.,
food-baking-21,Food & drink,Baking & desserts,2,2,{1:Mi abuela} {2:hacía} {3:las mejores magdalenas}.,{1:My grandmother} {2:used to make} {3:the best muffins}.,
food-baking-08,Food & drink,Baking & desserts,2,3,{1:Se me ha quemado} {2:el bizcocho}.,{1:I've burnt} {2:the sponge cake}.,
food-baking-09,Food & drink,Baking & desserts,2,3,{1:Precalienta} {2:el horno} {3:diez minutos}.,{1:Preheat} {2:the oven} {3:for ten minutes}.,
food-baking-10,Food & drink,Baking & desserts,2,3,{1:Engrasa} {2:el molde} {3:con mantequilla}.,{1:Grease} {2:the tin} {3:with butter}.,
food-baking-22,Food & drink,Baking & desserts,2,3,{1:Tamiza} {2:la harina}.,{1:Sift} {2:the flour}.,
food-baking-23,Food & drink,Baking & desserts,2,3,{1:Se me ha hundido} {2:el bizcocho}.,{2:My sponge} {1:has sunk}.,
food-baking-24,Food & drink,Baking & desserts,2,3,{1:Pincha} {2:con un palillo} {3:para ver si está hecho}.,{1:Test it} {2:with a cocktail stick} {3:to see if it's done}.,
food-baking-11,Food & drink,Baking & desserts,3,1,{1:No} {2:abras} {3:el horno} {4:todavía}.,{1:Don't} {2:open} {3:the oven} {4:yet}.,
food-baking-12,Food & drink,Baking & desserts,3,2,{1:Déjalo} {2:enfriar} {3:antes de que} {4:lo cortes}.,{1:Let it} {2:cool} {3:before} {4:you cut it}.,
food-baking-13,Food & drink,Baking & desserts,3,2,"{1:Si} {2:hubiera echado} {3:menos azúcar}, {4:habría quedado} {5:mejor}.","{1:If} {2:I'd put in} {3:less sugar}, {4:it would have turned out} {5:better}.",
food-baking-25,Food & drink,Baking & desserts,3,2,{1:Quiero} que {2:quede} {3:esponjoso}.,{1:I want} {2:it to be} {3:fluffy}.,
food-baking-14,Food & drink,Baking & desserts,3,3,"{1:Cuando} {2:la masa} {3:haya doblado} {4:su tamaño}, {5:métela} {6:en el horno}.","{1:When} {2:the dough} {3:has doubled} {4:in size}, {5:put it} {6:in the oven}.",
food-barbecue-01,Food & drink,Barbecues & picnics,1,1,{1:Yo} {2:llevo} {3:la bebida}.,{1:I'll} {2:bring} {3:the drinks}.,
food-barbecue-15,Food & drink,Barbecues & picnics,1,1,¿{1:Quién} {2:trae} {3:el hielo}?,{1:Who}{2:'s bringing} {3:the ice}?,
food-barbecue-02,Food & drink,Barbecues & picnics,1,2,{1:Hacemos} {2:una barbacoa} {3:el sábado}.,{1:We're having} {2:a barbecue} {3:on Saturday}.,
food-barbecue-03,Food & drink,Barbecues & picnics,1,2,{1:Hace} {2:buen día} {3:para un pícnic}.,{1:It's} {2:a nice day} {3:for a picnic}.,
food-barbecue-04,Food & drink,Barbecues & picnics,1,2,{1:La carne} {2:está} {3:un poco cruda}.,{1:The meat} {2:is} {3:a bit underdone}.,
food-barbecue-05,Food & drink,Barbecues & picnics,1,2,"{1:Si} {2:llueve}, {3:lo hacemos} {4:en el garaje}.","{1:If} {2:it rains}, {3:we'll do it} {4:in the garage}.",
food-barbecue-16,Food & drink,Barbecues & picnics,1,2,{1:Yo} {2:me encargo} {3:de la carne}.,{1:I'll} {2:take care of} {3:the meat}.,
food-barbecue-17,Food & drink,Barbecues & picnics,1,2,{1:Hace} {2:demasiado viento} {3:para encender el fuego}.,{1:It's} {2:too windy} {3:to light the fire}.,
food-barbecue-06,Food & drink,Barbecues & picnics,1,3,¿{1:Quién} {2:se encarga} {3:de la parrilla}?,{1:Who}{2:'s in charge of} {3:the grill}?,
food-barbecue-07,Food & drink,Barbecues & picnics,1,3,{1:Necesitamos} {2:carbón} {3:y} {4:servilletas}.,{1:We need} {2:charcoal} {3:and} {4:napkins}.,
food-barbecue-18,Food & drink,Barbecues & picnics,1,3,{1:Necesitamos} {2:platos} {3:desechables}.,{1:We need} {3:disposable} {2:plates}.,
food-barbecue-19,Food & drink,Barbecues & picnics,1,3,{1:Las brasas} {2:ya} {3:están listas}.,{1:The coals} {3:are ready} {2:now}.,
food-barbecue-08,Food & drink,Barbecues & picnics,2,1,{1:Comimos} {2:en el parque}.,{1:We ate} {2:in the park}.,
food-barbecue-09,Food & drink,Barbecues & picnics,2,2,{1:Dale la vuelta} {2:a las salchichas}.,{1:Turn} {2:the sausages} {1:over}.,
food-barbecue-20,Food & drink,Barbecues & picnics,2,2,{1:Se ha quemado} {2:el pollo} {3:por fuera}.,{2:The chicken} {1:has burnt} {3:on the outside}.,
food-barbecue-21,Food & drink,Barbecues & picnics,2,2,{1:Apaga} {2:bien} {3:el fuego} {4:antes de irnos}.,{1:Put} {3:the fire} {2:properly} {1:out} {4:before we go}.,
food-barbecue-10,Food & drink,Barbecues & picnics,2,3,{1:Se nos olvidó} {2:el abrebotellas}.,{1:We forgot} {2:the bottle opener}.,
food-barbecue-11,Food & drink,Barbecues & picnics,2,3,{1:Extiende} {2:la manta} {3:debajo del árbol}.,{1:Spread} {2:the blanket} {3:under the tree}.,
food-barbecue-22,Food & drink,Barbecues & picnics,2,3,{1:Pásame} {2:las pinzas}.,{1:Pass me} {2:the tongs}.,
food-barbecue-23,Food & drink,Barbecues & picnics,2,3,{1:Trajimos} {2:una nevera} {3:con bebidas}.,{1:We brought} {2:a cool box} {3:with drinks}.,
food-barbecue-12,Food & drink,Barbecues & picnics,3,1,{1:No} {2:dejes} {3:la comida} {4:al sol}.,{1:Don't} {2:leave} {3:the food} {4:in the sun}.,
food-barbecue-13,Food & drink,Barbecues & picnics,3,2,{1:Que} {2:cada uno} {3:traiga} {4:algo} {5:para compartir}.,{2:Everyone} {1:should} {3:bring} {4:something} {5:to share}.,
food-barbecue-24,Food & drink,Barbecues & picnics,3,2,"{1:Cuando} {2:esté hecha} {3:la carne}, {4:avisad}.","{1:When} {3:the meat} {2:is done}, {4:give us a shout}.",
food-barbecue-14,Food & drink,Barbecues & picnics,3,3,{1:Es mejor} que {2:marinemos} {3:la carne} {4:la noche anterior}.,{1:It's better} {2:if we marinate} {3:the meat} {4:the night before}.,
food-barbecue-25,Food & drink,Barbecues & picnics,3,3,"{1:Si} {2:hubiéramos traído} {3:más carbón}, {4:habríamos seguido} {5:asando}.","{1:If} {2:we'd brought} {3:more charcoal}, {4:we'd have kept} {5:grilling}.",
around-directions-01,Getting around,Asking the way,1,1,"{1:Perdone}, ¿{2:dónde está} {3:la estación}?","{1:Excuse me}, {2:where's} {3:the station}?",
around-directions-02,Getting around,Asking the way,1,1,¿{1:Está} {2:lejos}?,{1:Is it} {2:far}?,estar for location: where something is.
around-directions-03,Getting around,Asking the way,1,1,{1:Está} {2:a cinco minutos} {3:andando}.,{1:It's} {2:five minutes away} {3:on foot}.,
around-directions-04,Getting around,Asking the way,1,1,{1:Estoy} {2:perdid[o|a]}. ¿{3:Me puede ayudar}?,{1:I'm} {2:lost}. {3:Can you help me}?,
around-directions-09,Getting around,Asking the way,1,1,¿{1:Hay} {2:un banco} {3:por aquí}?,{1:Is there} {2:a bank} {3:around here}?,
around-directions-11,Getting around,Asking the way,1,1,{1:Está} {2:al lado de} {3:la farmacia}.,{1:It's} {2:next to} {3:the chemist's}.,
around-directions-12,Getting around,Asking the way,1,1,{1:Está} {2:enfrente del} {3:ayuntamiento}.,{1:It's} {2:opposite} {3:the town hall}.,
around-directions-13,Getting around,Asking the way,1,2,{1:Está} {2:en la esquina}.,{1:It's} {2:on the corner}.,
around-directions-14,Getting around,Asking the way,1,2,{1:Es} {2:la segunda calle} {3:a la derecha}.,{1:It's} {2:the second street} {3:on the right}.,
around-directions-16,Getting around,Asking the way,1,2,"{1:No} {2:soy} {3:de aquí}, {4:lo siento}.","{4:Sorry}, {2:I'm} {1:not} {3:from around here}.",
around-directions-17,Getting around,Asking the way,1,3,"{1:Está} {2:pasado el puente}, {3:a mano izquierda}.","{1:It's} {2:past the bridge}, {3:on the left}.",
around-directions-18,Getting around,Asking the way,1,3,{1:Hay que} {2:subir} {3:la cuesta}.,{1:You have to} {2:go up} {3:the hill}.,
around-directions-05,Getting around,Asking the way,2,1,{1:Siga} {2:todo recto} {3:y} {4:gire} {5:a la izquierda}.,{1:Go} {2:straight on} {3:and} {4:turn} {5:left}.,Siga and gire are polite (usted) commands.
around-directions-06,Getting around,Asking the way,2,1,¿{1:Me} {2:lo} {3:puede} {4:enseñar} {5:en el mapa}?,{3:Can you} {4:show} {2:it to} {1:me} {5:on the map}?,Two pronouns: me (to me) comes before lo (it).
around-directions-10,Getting around,Asking the way,2,1,¿{1:Por dónde} {2:se va} {3:al museo}?,{1:Which way} {2:is it} {3:to the museum}?,
around-directions-19,Getting around,Asking the way,2,1,{1:Cruce} {2:la plaza}.,{1:Cross} {2:the square}.,
around-directions-15,Getting around,Asking the way,2,2,¿{1:Se puede} {2:ir andando}?,{1:Can you} {2:walk there}?,
around-directions-20,Getting around,Asking the way,2,2,{1:Coja} {2:la primera} {3:a la izquierda}.,{1:Take} {2:the first} {3:on the left}.,
around-directions-21,Getting around,Asking the way,2,2,{1:Siga} {2:hasta el semáforo}.,{1:Carry on} {2:to the traffic lights}.,
around-directions-22,Getting around,Asking the way,2,2,{1:Me he equivocado} {2:de calle}.,{1:I've gone down} {2:the wrong street}.,
around-directions-23,Getting around,Asking the way,2,3,"{1:Al llegar} {2:a la rotonda}, {3:tome} {4:la tercera salida}.","{1:When you get} {2:to the roundabout}, {3:take} {4:the third exit}.",
around-directions-07,Getting around,Asking the way,3,1,"{1:Cuando} {2:veas} {3:una iglesia}, {4:gira} {5:a la derecha}.","{1:When} {2:you see} {3:a church}, {4:turn} {5:right}.",cuando + subjunctive (veas) for a future moment.
around-directions-08,Getting around,Asking the way,3,1,"{1:Si} {2:hubiera cogido} {3:el otro camino}, {4:ya} {5:habría llegado}.","{1:If} {2:I'd taken} {3:the other road}, {5:I'd have arrived} {4:by now}.","In Spain, coger = to take (a road, a bus)."
around-directions-24,Getting around,Asking the way,3,2,{1:No} {2:cruces} {3:por ahí}; {4:es peligroso}.,{1:Don't} {2:cross} {3:there}; {4:it's dangerous}.,
around-directions-25,Getting around,Asking the way,3,3,"{1:En cuanto} {2:pases} {3:la gasolinera}, {4:lo verás} {5:a la derecha}.","{1:As soon as} {2:you pass} {3:the petrol station}, {4:you'll see it} {5:on the right}.",
around-transport-02,Getting around,Public transport,1,1,¿{1:A qué hora} {2:sale} {3:el próximo tren}?,{1:What time} {2:does} {3:the next train} {2:leave}?,
around-transport-03,Getting around,Public transport,1,1,¿{1:Este autobús} {2:va} {3:al centro}?,{2:Does} {1:this bus} {2:go} {3:to the centre}?,No 'does' in Spanish questions: just raise your voice. al = a + el.
around-transport-04,Getting around,Public transport,1,1,{1:Voy a} {2:coger} {3:el metro}.,{1:I'm going to} {2:take} {3:the metro}.,"coger = to take (transport) in Spain. Avoid it in much of Latin America, where it's vulgar."
around-transport-10,Getting around,Public transport,1,1,¿{1:Dónde} {2:está} {3:la parada}?,{1:Where}{2:'s} {3:the stop}?,
around-transport-11,Getting around,Public transport,1,1,¿{1:Cuánto} {2:cuesta} {3:el billete}?,{1:How much} {2:is} {3:the ticket}?,
around-transport-01,Getting around,Public transport,1,2,"{1:Un billete} {2:de ida y vuelta}, {3:por favor}.","{1:A} {2:return} {1:ticket}, {3:please}.",ida y vuelta = 'going and coming back'.
around-transport-05,Getting around,Public transport,1,2,{1:Tengo que} {2:cambiar} {3:de línea} {4:en la próxima estación}.,{1:I have to} {2:change} {3:lines} {4:at the next station}.,
around-transport-12,Getting around,Public transport,1,2,"{1:Un abono} {2:de diez viajes}, {3:por favor}.","{1:A} {2:ten-journey} {1:pass}, {3:please}.",
around-transport-13,Getting around,Public transport,1,2,¿{1:Qué línea} {2:va} {3:al aeropuerto}?,{1:Which line} {2:goes} {3:to the airport}?,
around-transport-14,Getting around,Public transport,1,2,¿{1:Para} {2:en todas las estaciones}?,{1:Does it stop} {2:at every station}?,
around-transport-15,Getting around,Public transport,1,2,¿{1:Este asiento} {2:está libre}?,{2:Is} {1:this seat} {2:free}?,
around-transport-16,Getting around,Public transport,1,3,{1:El metro} {2:cierra} {3:a la una y media}.,{1:The metro} {2:closes} {3:at half past one}.,
around-transport-17,Getting around,Public transport,1,3,{1:Mañana} {2:hay} {3:huelga} {4:de metro}.,{2:There's} {4:a metro} {3:strike} {1:tomorrow}.,
around-transport-07,Getting around,Public transport,2,1,{1:Perdí} {2:el último autobús} {3:y} {4:tuve que} {5:volver} {6:andando}.,{1:I missed} {2:the last bus} {3:and} {4:had to} {6:walk} {5:back}.,"perder = to lose, and also to miss (a bus, a train)."
around-transport-18,Getting around,Public transport,2,1,{1:Bajé} {2:en la parada equivocada}.,{1:I got off} {2:at the wrong stop}.,
around-transport-06,Getting around,Public transport,2,2,{1:El tren} {2:salió} con {3:veinte minutos} {4:de retraso}.,{1:The train} {2:left} {3:twenty minutes} {4:late}.,Literally 'left with twenty minutes of delay'.
around-transport-19,Getting around,Public transport,2,2,{1:Pica} {2:el billete} {3:en la máquina}.,{1:Validate} {2:your ticket} {3:in the machine}.,
around-transport-20,Getting around,Public transport,2,2,{1:Cede} {2:el asiento} {3:a las personas mayores}.,{1:Give up} {2:your seat} {3:to older people}.,
around-transport-08,Getting around,Public transport,2,3,"{1:Debido a} {2:obras} {3:en la vía}, {4:habrá} {5:un servicio de autobuses} {6:alternativo} {7:hasta nuevo aviso}.","{1:Due to} {2:engineering works} {3:on the line}, {4:there will be} {5:a} {6:replacement} {5:bus service} {7:until further notice}.",habrá = there will be (future of hay).
around-transport-21,Getting around,Public transport,2,3,{1:Se ha averiado} {2:el tren} {3:entre dos estaciones}.,{2:The train} {1:has broken down} {3:between two stations}.,
around-transport-22,Getting around,Public transport,2,3,{1:Recargué} {2:la tarjeta} {3:de transporte}.,{1:I topped up} {2:my} {3:travel} {2:card}.,
around-transport-09,Getting around,Public transport,3,2,{1:Es mejor} que {2:compres} {3:el billete} {4:antes de} {5:subir}.,{1:It's best if} {2:you buy} {3:your ticket} {4:before} {5:you get on}.,Es mejor que + subjunctive: giving advice.
around-transport-23,Getting around,Public transport,3,2,¿{1:Me avisaría} {2:cuando} {3:lleguemos} {4:a la plaza}?,{1:Would you tell me} {2:when} {3:we get} {4:to the square}?,
around-transport-24,Getting around,Public transport,3,3,{1:Me dijeron} que {2:el revisor} {3:me multaría} {4:si} {5:no} {6:validaba} {7:el billete}.,{1:They told me} {2:the inspector} {3:would fine me} {4:if} {6:I did}{5:n't} {6:validate} {7:my ticket}.,
around-transport-25,Getting around,Public transport,3,3,{1:Ojalá} {2:hubiera} {3:más frecuencia} {4:los domingos}.,{1:I wish} {2:there were} {3:more services} {4:on Sundays}.,
around-driving-01,Getting around,Taxis & driving,1,1,"{1:A esta dirección}, {2:por favor}.","{1:To this address}, {2:please}.",
around-driving-02,Getting around,Taxis & driving,1,1,¿{1:Cuánto} {2:cuesta} {3:ir} {4:al aeropuerto}?,{1:How much} {2:does it cost} {3:to go} {4:to the airport}?,
around-driving-03,Getting around,Taxis & driving,1,2,¿{1:Dónde} {2:puedo} {3:aparcar}?,{1:Where} {2:can I} {3:park}?,
around-driving-11,Getting around,Taxis & driving,1,2,{1:Quiero} {2:alquilar} {3:un coche} {4:automático}.,{1:I'd like} {2:to hire} {3:an} {4:automatic} {3:car}.,
around-driving-12,Getting around,Taxis & driving,1,2,¿{1:El seguro} {2:está incluido}?,{2:Is} {1:insurance} {2:included}?,
around-driving-13,Getting around,Taxis & driving,1,2,{1:Hay} {2:un atasco} {3:en la autopista}.,{1:There's} {2:a traffic jam} {3:on the motorway}.,
around-driving-14,Getting around,Taxis & driving,1,2,¿{1:Es} {2:de peaje}?,{1:Is it} {2:a toll road}?,
around-driving-15,Getting around,Taxis & driving,1,3,{1:Los limpiaparabrisas} {2:no} {3:funcionan}.,{1:The windscreen wipers} {3:are}{2:n't} {3:working}.,
around-driving-17,Getting around,Taxis & driving,1,3,{1:El coche} {2:pierde} {3:aceite}.,{1:The car} {2:is leaking} {3:oil}.,
around-driving-04,Getting around,Taxis & driving,2,1,"{1:Pare} {2:aquí}, {3:por favor}.","{1:Stop} {2:here}, {3:please}.",Pare is a polite (usted) command.
around-driving-05,Getting around,Taxis & driving,2,2,{1:Alquilé} {2:un coche} {3:para} {4:toda la semana}.,{1:I hired} {2:a car} {3:for} {4:the whole week}.,
around-driving-06,Getting around,Taxis & driving,2,2,{1:Nunca} {2:he conducido} {3:por la derecha}.,{2:I've} {1:never} {2:driven} {3:on the right}.,nunca can go before the verb on its own: no 'no' needed.
around-driving-10,Getting around,Taxis & driving,2,2,¿{1:Dónde} {2:se paga} {3:la gasolina}?,{1:Where} {2:do I pay for} {3:the petrol}?,
around-driving-18,Getting around,Taxis & driving,2,2,{1:Me paró} {2:la policía} {3:en un control}.,{2:The police} {1:stopped me} {3:at a checkpoint}.,
around-driving-19,Getting around,Taxis & driving,2,2,{1:Pon} {2:el intermitente}.,{1:Put} {2:the indicator} {1:on}.,
around-driving-07,Getting around,Taxis & driving,2,3,{1:Me pusieron} {2:una multa} {3:por} {4:aparcar} {5:en zona de carga y descarga}.,{1:I got} {2:a fine} {3:for} {4:parking} {5:in a loading bay}.,Literally 'they put a fine on me'.
around-driving-09,Getting around,Taxis & driving,2,3,"{1:Revise} {2:la presión} {3:de los neumáticos}, {4:por favor}.","{1:Check} {2:the} {3:tyre} {2:pressure}, {4:please}.",
around-driving-16,Getting around,Taxis & driving,2,3,{1:Se me ha calado} {2:el coche} {3:en la cuesta}.,{1:I stalled} {2:the car} {3:on the hill}.,
around-driving-20,Getting around,Taxis & driving,2,3,{1:Me he pasado} {2:la salida}.,{1:I've missed} {2:the exit}.,
around-driving-21,Getting around,Taxis & driving,2,3,{1:Devolví} {2:el coche} {3:con el depósito lleno}.,{1:I returned} {2:the car} {3:with a full tank}.,
around-driving-22,Getting around,Taxis & driving,3,1,{1:No} {2:corras} {3:tanto}.,{1:Don't} {2:drive} {3:so fast}.,
around-driving-08,Getting around,Taxis & driving,3,2,"{1:Si} {2:no} {3:hubiera} {4:tanto tráfico}, {5:llegaríamos} {6:a tiempo}.","{1:If} {3:there was}{2:n't} {4:so much traffic}, {5:we'd get there} {6:on time}.","An 'if' about now: si + imperfect subjunctive, then the conditional."
around-driving-23,Getting around,Taxis & driving,3,2,{1:Es mejor} que {2:conduzca} {3:yo}; {4:tú} {5:has bebido}.,{1:It's better} {2:if} {3:I} {2:drive}; {4:you}{5:'ve been drinking}.,
around-driving-24,Getting around,Taxis & driving,3,3,"{1:Si} {2:hubiera echado} {3:gasolina} {4:antes}, {5:no} {6:nos habríamos quedado} {7:tirados}.","{1:If} {2:I'd put} {3:petrol} {2:in} {4:earlier}, {6:we would}{5:n't} {6:have been left} {7:stranded}.",
around-driving-25,Getting around,Taxis & driving,3,3,{1:Necesito} {2:un carné} {3:que} {4:sea válido} {5:aquí}.,{1:I need} {2:a licence} {3:that}{4:'s valid} {5:here}.,
around-trains-01,Getting around,Trains & coaches,1,1,"{1:Dos billetes} {2:para mañana}, {3:por favor}.","{1:Two tickets} {2:for tomorrow}, {3:please}.",
around-trains-02,Getting around,Trains & coaches,1,1,¿{1:Es} {2:directo}?,{1:Is it} {2:direct}?,
around-trains-03,Getting around,Trains & coaches,1,1,¿{1:Cuánto} {2:dura} {3:el viaje}?,{1:How long} {2:does} {3:the journey} {2:take}?,
around-trains-15,Getting around,Trains & coaches,1,1,¿{1:A qué hora} {2:llega}?,{1:What time} {2:does it arrive}?,
around-trains-16,Getting around,Trains & coaches,1,1,¿{1:Puedo} {2:llevar} {3:la bici} {4:en el tren}?,{1:Can I} {2:take} {3:my bike} {4:on the train}?,
around-trains-04,Getting around,Trains & coaches,1,2,¿{1:De qué andén} {2:sale} {3:el tren}?,{1:Which platform} {2:does} {3:the train} {2:leave} {1:from}?,
around-trains-05,Getting around,Trains & coaches,1,2,{1:Este asiento} {2:está ocupado}.,{1:This seat} {2:is taken}.,
around-trains-06,Getting around,Trains & coaches,1,2,¿{1:Hay} {2:descuento} {3:para estudiantes}?,{1:Is there} {2:a} {3:student} {2:discount}?,
around-trains-17,Getting around,Trains & coaches,1,2,{1:Voy} {2:en el vagón seis}.,{1:I'm} {2:in carriage six}.,
around-trains-18,Getting around,Trains & coaches,1,2,{1:El tren} {2:va} {3:con retraso}.,{1:The train} {2:is running} {3:late}.,
around-trains-19,Getting around,Trains & coaches,1,2,"{1:Si} {2:reservas} {3:con antelación}, {4:te sale} {5:mucho más barato}.","{1:If} {2:you book} {3:in advance}, {4:it works out} {5:much cheaper}.",
around-trains-07,Getting around,Trains & coaches,1,3,{1:El autocar} {2:para} {3:en tres pueblos}.,{1:The coach} {2:stops} {3:in three towns}.,
around-trains-20,Getting around,Trains & coaches,1,3,{1:Quiero} {2:un asiento} {3:en el vagón silencioso}.,{1:I'd like} {2:a seat} {3:in the quiet coach}.,
around-trains-21,Getting around,Trains & coaches,1,3,¿{1:Hay} {2:vagón restaurante}?,{1:Is there} {2:a buffet car}?,
around-trains-08,Getting around,Trains & coaches,2,2,{1:Reservé} {2:un asiento} {3:junto a la ventanilla}.,{1:I booked} {2:a} {3:window} {2:seat}.,
around-trains-09,Getting around,Trains & coaches,2,2,{1:Me he equivocado} {2:de tren}.,{1:I've got on the wrong} {2:train}.,"equivocarse de = to get the wrong (train, number, day...)."
around-trains-22,Getting around,Trains & coaches,2,2,{1:Compré} {2:el billete} {3:en la aplicación}.,{1:I bought} {2:the ticket} {3:on the app}.,
around-trains-23,Getting around,Trains & coaches,2,2,{1:Me he quedado dormid[o|a]} {2:y} {3:me he pasado} {4:de estación}.,{1:I fell asleep} {2:and} {3:missed} {4:my station}.,
around-trains-24,Getting around,Trains & coaches,2,2,{1:Cambie} {2:de tren} {3:en la próxima estación}.,{1:Change} {2:trains} {3:at the next station}.,
around-trains-10,Getting around,Trains & coaches,2,3,{1:Tendrá que} {2:pagar} {3:un suplemento} {4:a bordo}.,{1:You'll have to} {2:pay} {3:a supplement} {4:on board}.,tendrá = future of tener.
around-trains-11,Getting around,Trains & coaches,3,1,"{1:Avíseme} {2:cuando} {3:lleguemos} {4:a mi parada}, {5:por favor}.","{1:Let me know} {2:when} {3:we get} {4:to my stop}, {5:please}.",
around-trains-12,Getting around,Trains & coaches,3,1,"{1:Cuando} {2:llegué} {3:a la estación}, {4:el tren} {5:ya} {6:se había ido}.","{1:When} {2:I got} {3:to the station}, {4:the train} {6:had} {5:already} {6:left}.",The pluperfect (se había ido): already done before something else.
around-trains-25,Getting around,Trains & coaches,3,1,{1:Ojalá} {2:hubiera} {3:un tren} {4:más tarde}.,{1:I wish} {2:there were} {3:a} {4:later} {3:train}.,
around-trains-13,Getting around,Trains & coaches,3,2,"{1:Si} {2:hubiéramos salido} {3:antes}, {4:habríamos cogido} {5:el tren directo}.","{1:If} {2:we'd left} {3:earlier}, {4:we'd have caught} {5:the direct train}.",
around-trains-14,Getting around,Trains & coaches,3,3,{1:Me dijeron} que {2:el transbordo} {3:sería} {4:en la próxima estación}.,{1:They told me} {2:the change} {3:would be} {4:at the next station}.,Reported speech: será becomes sería.
around-car-01,Getting around,Car trouble,1,2,{1:El coche} {2:no} {3:arranca}.,{1:The car} {3:wo}{2:n't} {3:start}.,
around-car-02,Getting around,Car trouble,1,2,¿{1:Dónde} {2:hay} {3:una gasolinera}?,{1:Where} {2:is there} {3:a petrol station}?,
around-car-03,Getting around,Car trouble,1,2,"{1:Lleno}, {2:por favor}.","{1:Fill it up}, {2:please}.",
around-car-04,Getting around,Car trouble,1,2,¿{1:Puede} {2:revisar} {3:el aceite}?,{1:Can you} {2:check} {3:the oil}?,
around-car-05,Getting around,Car trouble,1,2,{1:Hay} {2:un atasco} {3:enorme} {4:en la autopista}.,{1:There's} {2:a} {3:huge} {2:traffic jam} {4:on the motorway}.,
around-car-15,Getting around,Car trouble,1,2,{1:Necesito} {2:cambiar} {3:el aceite}.,{1:I need} {2:to change} {3:the oil}.,
around-car-16,Getting around,Car trouble,1,2,{1:Los frenos} {2:hacen} {3:ruido}.,{1:The brakes} {2:are making} {3:a noise}.,
around-car-17,Getting around,Car trouble,1,2,{1:El coche} {2:se calienta} {3:demasiado}.,{1:The car} {2:gets} {3:too hot}.,
around-car-18,Getting around,Car trouble,1,2,{1:Necesito} {2:una batería nueva}.,{1:I need} {2:a new battery}.,
around-car-19,Getting around,Car trouble,1,2,¿{1:Hay} {2:un taller} {3:por aquí}?,{1:Is there} {2:a garage} {3:around here}?,
around-car-06,Getting around,Car trouble,1,3,{1:Tengo} {2:una rueda} {3:pinchada}.,{1:I have} {2:a} {3:flat} {2:tyre}.,
around-car-07,Getting around,Car trouble,1,3,{1:Necesito} {2:una grúa}.,{1:I need} {2:a tow truck}.,
around-car-08,Getting around,Car trouble,2,2,{1:Me he quedado} {2:sin gasolina}.,{1:I've run out} {2:of petrol}.,quedarse sin = to run out of.
around-car-09,Getting around,Car trouble,2,2,{1:El motor} {2:hacía} {3:un ruido raro} {4:desde ayer}.,{1:The engine} {2:had been making} {3:a strange noise} {4:since yesterday}.,
around-car-10,Getting around,Car trouble,2,2,¿{1:Cuánto} {2:tardarán} {3:en arreglarlo}?,{1:How long} {2:will it take} {3:to fix it}?,tardar en = to take (time) to do something.
around-car-20,Getting around,Car trouble,2,2,{1:Me lo arreglaron} {2:en un día}.,{1:They fixed it} {2:in a day}.,
around-car-21,Getting around,Car trouble,2,2,{1:Revise} {2:también} {3:los frenos}.,{1:Check} {3:the brakes} {2:as well}.,
around-car-22,Getting around,Car trouble,2,2,"{1:Si} {2:no} {3:revisas} {4:las ruedas}, {5:tendrás} {6:un problema}.","{1:If} {3:you do}{2:n't} {3:check} {4:the tyres}, {5:you'll have} {6:a problem}.",
around-car-11,Getting around,Car trouble,2,3,{1:Se ha encendido} {2:una luz} {3:en el salpicadero}.,{2:A warning light} {1:has come up} {3:on the dashboard}.,
around-car-23,Getting around,Car trouble,2,3,{1:Se me ha roto} {2:el retrovisor}.,{1:I've broken} {2:the wing mirror}.,
around-car-12,Getting around,Car trouble,3,2,{1:Es posible} que {2:sea} {3:la batería}.,{1:It might} {2:be} {3:the battery}.,Es posible que + subjunctive: a possibility.
around-car-13,Getting around,Car trouble,3,2,"{1:Si} {2:lo} {3:hubiera llevado} {4:al taller} {5:antes}, {6:no} {7:se habría estropeado}.","{1:If} {3:I'd taken} {2:it} {4:to the garage} {5:sooner}, {7:it would}{6:n't} {7:have broken down}.",
around-car-24,Getting around,Car trouble,3,2,{1:No} {2:arranques} {3:todavía}.,{1:Don't} {2:start the engine} {3:yet}.,
around-car-14,Getting around,Car trouble,3,3,{1:El seguro} {2:cubre} {3:la reparación} {4:siempre que} {5:no} {6:haya sido} {7:culpa suya}.,{1:The insurance} {2:covers} {3:the repair} {4:as long as} {6:it was}{5:n't} {7:your fault}.,siempre que + subjunctive = 'as long as'.
around-car-25,Getting around,Car trouble,3,3,{1:El mecánico} {2:dijo} que {3:había que} {4:cambiar} {5:el embrague}.,{1:The mechanic} {2:said} {3:we needed} {4:to change} {5:the clutch}.,
around-cycling-01,Getting around,Cycling & walking,1,1,{1:Voy} {2:a pie} {3:al trabajo}.,{1:I go} {3:to work} {2:on foot}.,
around-cycling-02,Getting around,Cycling & walking,1,1,{1:Hay} {2:mucho tráfico} {3:en esta calle}.,{1:There's} {2:a lot of traffic} {3:on this street}.,
around-cycling-16,Getting around,Cycling & walking,1,1,{1:Voy} {2:en bici} {3:a todas partes}.,{1:I go} {2:by bike} {3:everywhere}.,
around-cycling-17,Getting around,Cycling & walking,1,1,{1:Me gusta} {2:pasear} {3:por el centro}.,{1:I like} {2:walking} {3:around the centre}.,
around-cycling-18,Getting around,Cycling & walking,1,1,¿{1:Dónde} {2:puedo} {3:dejar} {4:la bici}?,{1:Where} {2:can I} {3:leave} {4:my bike}?,
around-cycling-03,Getting around,Cycling & walking,1,2,¿{1:Hay} {2:carril bici}?,{1:Is there} {2:a cycle lane}?,
around-cycling-04,Getting around,Cycling & walking,1,2,{1:Quiero} {2:alquilar} {3:una bici} {4:por horas}.,{1:I'd like} {2:to hire} {3:a bike} {4:by the hour}.,
around-cycling-19,Getting around,Cycling & walking,1,2,{1:Los frenos} {2:de la bici} {3:no} {4:van bien}.,{1:The brakes} {2:on the bike} {4:are}{3:n't} {4:working well}.,
around-cycling-05,Getting around,Cycling & walking,1,3,{1:La acera} {2:es} {3:muy estrecha}.,{1:The pavement} {2:is} {3:very narrow}.,
around-cycling-06,Getting around,Cycling & walking,1,3,{1:El paso de cebra} {2:está} {3:más adelante}.,{1:The zebra crossing} {2:is} {3:further on}.,
around-cycling-20,Getting around,Cycling & walking,1,3,{1:Hay} {2:una cuesta} {3:muy empinada}.,{1:There's} {2:a} {3:very steep} {2:hill}.,
around-cycling-21,Getting around,Cycling & walking,1,3,{1:Necesito} {2:inflar} {3:las ruedas}.,{1:I need} {2:to pump up} {3:the tyres}.,
around-cycling-22,Getting around,Cycling & walking,1,3,{1:Uso} {2:las bicis compartidas} {3:de la ciudad}.,{1:I use} {3:the city} {2:bike-share scheme}.,
around-cycling-07,Getting around,Cycling & walking,2,1,{1:Ayer} {2:fui} {3:en bici} {4:hasta la playa}.,{1:Yesterday} {2:I went} {4:to the beach} {3:by bike}.,
around-cycling-23,Getting around,Cycling & walking,2,1,"{1:Si} {2:hace} {3:buen tiempo}, {4:iremos} {5:andando}.","{1:If} {2:the weather's} {3:nice}, {4:we'll} {5:walk}.",
around-cycling-08,Getting around,Cycling & walking,2,2,{1:Cruza} {2:por el semáforo}.,{1:Cross} {2:at the lights}.,
around-cycling-24,Getting around,Cycling & walking,2,2,{1:Anduvimos} {2:quince kilómetros}.,{1:We walked} {2:fifteen kilometres}.,
around-cycling-09,Getting around,Cycling & walking,2,3,{1:Se me ha pinchado} {2:la rueda}.,{2:My tyre} {1:has got a puncture}.,
around-cycling-10,Getting around,Cycling & walking,2,3,{1:Ponle} {2:el candado} {3:a la bici}.,{1:Put} {2:the lock} {3:on the bike}.,
around-cycling-11,Getting around,Cycling & walking,2,3,{1:Casi} {2:me atropella} {3:un coche}.,{3:A car} {1:nearly} {2:ran me over}.,casi + present tense often describes a near miss in the past.
around-cycling-25,Getting around,Cycling & walking,2,3,{1:Se me salió} {2:la cadena}.,{2:The chain} {1:came off}.,
around-cycling-12,Getting around,Cycling & walking,3,1,{1:No} {2:cruces} {3:en rojo}.,{1:Don't} {2:cross} {3:on red}.,
around-cycling-13,Getting around,Cycling & walking,3,2,{1:Es mejor} que {2:vayas} {3:por el carril bici}.,{1:It's better} {2:if you go} {3:in the cycle lane}.,
around-cycling-14,Getting around,Cycling & walking,3,2,{1:Ponte} {2:el casco} {3:aunque} {4:sea} {5:un trayecto corto}.,{1:Wear} {2:your helmet} {3:even if} {4:it's} {5:a short trip}.,
around-cycling-26,Getting around,Cycling & walking,3,2,{1:Es peligroso} que {2:vayas} {3:sin luces} {4:de noche}.,{1:It's dangerous} {2:to ride} {3:without lights} {4:at night}.,
around-cycling-15,Getting around,Cycling & walking,3,3,"{1:Si} {2:hubiera} {3:más carriles bici}, {4:la gente} {5:usaría} {6:menos el coche}.","{1:If} {2:there were} {3:more cycle lanes}, {4:people} {5:would use} {6:their cars less}.",
around-accident-01,Getting around,Road accidents,1,1,¿{1:Está} {2:usted} {3:bien}?,{1:Are} {2:you} {3:all right}?,
around-accident-16,Getting around,Road accidents,1,1,{1:Me duele} {2:el cuello}.,{2:My neck} {1:hurts}.,
around-accident-17,Getting around,Road accidents,1,2,¿{1:Hay} {2:heridos}?,{1:Is anyone} {2:hurt}?,
around-accident-18,Getting around,Road accidents,1,2,{1:Necesito} {2:sus datos}.,{1:I need} {2:your details}.,
around-accident-19,Getting around,Road accidents,1,2,{1:Voy a} {2:hacer} {3:fotos} {4:de los daños}.,{1:I'm going to} {2:take} {3:photos} {4:of the damage}.,
around-accident-20,Getting around,Road accidents,1,2,{1:Es} {2:un coche de alquiler}.,{1:It's} {2:a hire car}.,
around-accident-02,Getting around,Road accidents,1,3,¿{1:Tiene} {2:los papeles del seguro}?,{1:Do you have} {2:your insurance documents}?,
around-accident-03,Getting around,Road accidents,1,3,{1:Tenemos que} {2:rellenar} {3:el parte} {4:del accidente}.,{1:We need} {2:to fill in} {3:the} {4:accident} {3:report}.,
around-accident-04,Getting around,Road accidents,2,1,{1:No} {2:me he hecho daño}.,{2:I'm} {1:not} {2:hurt}.,
around-accident-05,Getting around,Road accidents,2,1,{1:Iba} {2:demasiado rápido}.,{1:He was going} {2:too fast}.,
around-accident-06,Getting around,Road accidents,2,2,{1:Ha habido} {2:un accidente} {3:en la autopista}.,{1:There's been} {2:an accident} {3:on the motorway}.,
around-accident-07,Getting around,Road accidents,2,2,"{1:Llame} a {2:la grúa}, {3:por favor}.","{1:Call} {2:a tow truck}, {3:please}.",
around-accident-08,Getting around,Road accidents,2,2,{1:Me dio} {2:por detrás}.,{1:He hit me} {2:from behind}.,
around-accident-09,Getting around,Road accidents,2,2,{1:No} {2:vi} {3:la señal} {4:de stop}.,{2:I did}{1:n't} {2:see} {3:the} {4:stop} {3:sign}.,
around-accident-21,Getting around,Road accidents,2,2,{1:Choqué} {2:contra} {3:un poste}.,{1:I crashed} {2:into} {3:a post}.,
around-accident-22,Getting around,Road accidents,2,2,{1:Firme} {2:aquí} {3:y} {4:quédese} {5:con una copia}.,{1:Sign} {2:here} {3:and} {4:keep} {5:a copy}.,
around-accident-23,Getting around,Road accidents,2,2,{1:Había} {2:un testigo} {3:que lo vio todo}.,{1:There was} {2:a witness} {3:who saw everything}.,
around-accident-10,Getting around,Road accidents,2,3,{1:El otro coche} {2:se saltó} {3:el semáforo}.,{1:The other car} {2:jumped} {3:the lights}.,
around-accident-11,Getting around,Road accidents,2,3,{1:Hubo} {2:un choque en cadena} {3:por la niebla}.,{1:There was} {2:a pile-up} {3:because of the fog}.,
around-accident-12,Getting around,Road accidents,2,3,"{1:Aunque} {2:no} {3:fue} {4:culpa mía}, {5:tuve que} {6:pagar} {7:la franquicia}.","{1:Although} {3:it was}{2:n't} {4:my fault}, {5:I had to} {6:pay} {7:the excess}.",
around-accident-24,Getting around,Road accidents,2,3,{1:Llamé} a {2:la aseguradora} {3:desde el lugar}.,{1:I called} {2:the insurance company} {3:from the scene}.,
around-accident-13,Getting around,Road accidents,3,3,{1:No} {2:mueva} {3:al herido} {4:hasta que} {5:llegue} {6:la ambulancia}.,{1:Don't} {2:move} {3:the injured person} {4:until} {6:the ambulance} {5:arrives}.,
around-accident-14,Getting around,Road accidents,3,3,{1:La policía} {2:me pidió} que {3:hiciera} {4:la prueba de alcoholemia}.,{1:The police} {2:asked me} {3:to take} {4:a breathalyser test}.,
around-accident-15,Getting around,Road accidents,3,3,"{1:Si} {2:no} {3:hubiera frenado} {4:a tiempo}, {5:habría atropellado} {6:al ciclista}.","{1:If} {3:I had}{2:n't} {3:braked} {4:in time}, {5:I'd have hit} {6:the cyclist}.",
around-accident-25,Getting around,Road accidents,3,3,{1:No} {2:admita} {3:la culpa} {4:hasta hablar con el seguro}.,{1:Don't} {2:admit} {3:fault} {4:until you've spoken to the insurer}.,
around-accident-26,Getting around,Road accidents,3,3,"{1:Si} {2:hubiera llevado} {3:el cinturón}, {4:no} {5:se habría hecho} {6:tanto daño}.","{1:If} {2:he'd been wearing} {3:his seatbelt}, {5:he would}{4:n't} {5:have hurt himself} {6:so badly}.",
around-taxi-01,Getting around,Taxis,1,1,¿{1:Cuánto} {2:cuesta} {3:ir al centro}?,{1:How much} {2:is it} {3:to go to the centre}?,
around-taxi-02,Getting around,Taxis,1,1,¿{1:Está} {2:libre}?,{1:Are you} {2:free}?,What you ask a taxi driver at the rank.
around-taxi-15,Getting around,Taxis,1,1,{1:Somos} {2:cuatro}.,{1:There are} {2:four of us}.,
around-taxi-03,Getting around,Taxis,1,2,{1:Voy a} {2:pedir} {3:un coche} {4:con la aplicación}.,{1:I'm going to} {2:order} {3:a car} {4:on the app}.,
around-taxi-16,Getting around,Taxis,1,2,¿{1:Dónde} {2:hay} {3:una parada de taxis}?,{1:Where} {2:is there} {3:a taxi rank}?,
around-taxi-17,Getting around,Taxis,1,2,¿{1:Puede} {2:poner} {3:el aire}?,{1:Could you} {2:put} {3:the air con} {2:on}?,
around-taxi-18,Getting around,Taxis,1,2,¿{1:Me da} {2:un recibo}?,{1:Could I have} {2:a receipt}?,
around-taxi-04,Getting around,Taxis,1,3,{1:Lleva} {2:el taxímetro} {3:apagado}.,{1:You've got} {2:the meter} {3:switched off}.,
around-taxi-19,Getting around,Taxis,1,3,{1:Hay} {2:tarifa fija} {3:al aeropuerto}.,{1:There's} {2:a fixed fare} {3:to the airport}.,
around-taxi-05,Getting around,Taxis,2,1,{1:Espere} {2:aquí} {3:un momento}.,{1:Wait} {2:here} {3:a moment}.,
around-taxi-06,Getting around,Taxis,2,1,¿{1:Puede} {2:llamarme} {3:un taxi}?,{1:Could you} {2:call me} {3:a taxi}?,
around-taxi-07,Getting around,Taxis,2,1,{1:Me cobró} {2:demasiado}.,{1:He charged me} {2:too much}.,
around-taxi-20,Getting around,Taxis,2,1,{1:Pídeme} {2:un taxi} {3:para las seis}.,{1:Order me} {2:a taxi} {3:for six}.,
around-taxi-08,Getting around,Taxis,2,2,{1:Quédese} {2:con el cambio}.,{1:Keep} {2:the change}.,
around-taxi-09,Getting around,Taxis,2,2,{1:Déjeme} {2:en la esquina}.,{1:Drop me} {2:at the corner}.,
around-taxi-10,Getting around,Taxis,2,2,¿{1:Le importaría} {2:esperarme} {3:cinco minutos}?,{1:Would you mind} {2:waiting for me} {3:for five minutes}?,
around-taxi-21,Getting around,Taxis,2,2,{1:Coja} {2:la autopista}; {3:es más rápido}.,{1:Take} {2:the motorway}; {3:it's quicker}.,
around-taxi-22,Getting around,Taxis,2,2,{1:El taxista} {2:no} {3:conocía} {4:la calle}.,{1:The driver} {3:did}{2:n't} {3:know} {4:the street}.,
around-taxi-23,Getting around,Taxis,2,2,{1:Me dejé} {2:el paraguas} {3:en el taxi}.,{1:I left} {2:my umbrella} {3:in the taxi}.,
around-taxi-11,Getting around,Taxis,2,3,{1:El taxista} {2:dio un rodeo} {3:para cobrarme más}.,{1:The taxi driver} {2:took a detour} {3:to charge me more}.,
around-taxi-12,Getting around,Taxis,3,1,"{1:No} {2:corra} {3:tanto}, {4:por favor}.","{1:Don't} {2:go} {3:so fast}, {4:please}.",
around-taxi-13,Getting around,Taxis,3,1,"{1:Si} {2:hubiera cogido} {3:un taxi}, {4:habría llegado} {5:a tiempo}.","{1:If} {2:I'd taken} {3:a taxi}, {4:I'd have arrived} {5:on time}.",
around-taxi-24,Getting around,Taxis,3,1,{1:Dígale} que {2:espere} {3:un momento}.,{1:Tell him} {2:to wait} {3:a moment}.,
around-taxi-25,Getting around,Taxis,3,2,"{1:Si} {2:hubiera} {3:menos tráfico}, {4:tardaríamos} {5:diez minutos}.","{1:If} {2:there were} {3:less traffic}, {4:it would take us} {5:ten minutes}.",
around-taxi-14,Getting around,Taxis,3,3,{1:Necesito} {2:un taxi} {3:que tenga} {4:silla para niños}.,{1:I need} {2:a taxi} {3:that has} {4:a child seat}.,
around-bus-01,Getting around,Buses & coaches,1,1,¿{1:Este autobús} {2:para} {3:en la estación}?,{2:Does} {1:this bus} {2:stop} {3:at the station}?,
around-bus-15,Getting around,Buses & coaches,1,1,¿{1:Dónde} {2:compro} {3:el billete}?,{1:Where} {2:do I buy} {3:a ticket}?,
around-bus-16,Getting around,Buses & coaches,1,1,¿{1:Este} {2:es} {3:el autobús} {4:para el aeropuerto}?,{2:Is} {1:this} {3:the bus} {4:for the airport}?,
around-bus-02,Getting around,Buses & coaches,1,2,¿{1:Cada cuánto} {2:pasa} {3:el autobús}?,{1:How often} {2:does} {3:the bus} {2:come}?,
around-bus-17,Getting around,Buses & coaches,1,2,{1:El autobús} {2:pasa} {3:cada veinte minutos}.,{1:The bus} {2:comes} {3:every twenty minutes}.,
around-bus-18,Getting around,Buses & coaches,1,2,¿{1:Hay} {2:autobús nocturno}?,{1:Is there} {2:a night bus}?,
around-bus-03,Getting around,Buses & coaches,1,3,¿{1:De qué andén} {2:sale} {3:el autocar}?,{1:Which bay} {2:does} {3:the coach} {2:leave from}?,
around-bus-04,Getting around,Buses & coaches,1,3,{1:El autocar} {2:hace} {3:una parada} {4:a mitad de camino}.,{1:The coach} {2:makes} {3:a stop} {4:halfway}.,
around-bus-05,Getting around,Buses & coaches,1,3,{1:Hay que} {2:validar} {3:el billete} {4:al subir}.,{1:You have to} {2:validate} {3:your ticket} {4:when you get on}.,
around-bus-19,Getting around,Buses & coaches,1,3,{1:Hay} {2:un desvío} {3:por obras}.,{1:There's} {2:a diversion} {3:because of roadworks}.,
around-bus-06,Getting around,Buses & coaches,2,1,{1:Perdí} {2:el último autobús}.,{1:I missed} {2:the last bus}.,
around-bus-20,Getting around,Buses & coaches,2,1,{1:El autobús} {2:no} {3:paró}.,{1:The bus} {3:did}{2:n't} {3:stop}.,
around-bus-07,Getting around,Buses & coaches,2,2,{1:El autobús} {2:iba} {3:lleno}.,{1:The bus} {2:was} {3:packed}.,
around-bus-08,Getting around,Buses & coaches,2,2,{1:Bájate} {2:en la próxima parada}.,{1:Get off} {2:at the next stop}.,
around-bus-21,Getting around,Buses & coaches,2,2,¿{1:Se paga} {2:al conductor}?,{1:Do you pay} {2:the driver}?,
around-bus-22,Getting around,Buses & coaches,2,2,{1:Pulsa} {2:el botón} {3:para bajar}.,{1:Press} {2:the button} {3:to get off}.,
around-bus-23,Getting around,Buses & coaches,2,2,{1:Me quedé} {2:de pie} {3:todo el viaje}.,{1:I had to} {2:stand} {3:the whole way}.,
around-bus-24,Getting around,Buses & coaches,2,2,{1:Sujétate} {2:bien}.,{1:Hold on} {2:tight}.,
around-bus-09,Getting around,Buses & coaches,2,3,{1:Hicimos transbordo} {2:en la capital}.,{1:We changed buses} {2:in the capital}.,
around-bus-10,Getting around,Buses & coaches,3,1,¿{1:Me avisa} {2:cuando} {3:lleguemos}?,{1:Could you tell me} {2:when} {3:we get there}?,
around-bus-11,Getting around,Buses & coaches,3,1,"{1:Cuando} {2:veas} {3:la iglesia}, {4:bájate}.","{1:When} {2:you see} {3:the church}, {4:get off}.",
around-bus-12,Getting around,Buses & coaches,3,2,{1:No} {2:te sientes} {3:atrás}; {4:te vas a marear}.,{1:Don't} {2:sit} {3:at the back}; {4:you'll get travel sick}.,
around-bus-13,Getting around,Buses & coaches,3,2,{1:El conductor} {2:me dijo} que {3:el autobús} {4:no} {5:paraba} {6:allí}.,{1:The driver} {2:told me} {3:the bus} {5:did}{4:n't} {5:stop} {6:there}.,
around-bus-25,Getting around,Buses & coaches,3,2,"{1:Aunque} {2:tarde} {3:más}, {4:prefiero} {5:el autobús}.","{1:Even though} {2:it takes} {3:longer}, {4:I prefer} {5:the bus}.",
around-bus-14,Getting around,Buses & coaches,3,3,"{1:Si} {2:el autobús} {3:hubiera salido} {4:a su hora}, {5:no} {6:habríamos perdido} {7:el enlace}.","{1:If} {2:the bus} {3:had left} {4:on time}, {6:we would}{5:n't} {6:have missed} {7:the connection}.",
around-parking-01,Getting around,Parking,1,1,¿{1:Cuánto} {2:cuesta} {3:la hora}?,{1:How much} {2:is it} {3:per hour}?,
around-parking-02,Getting around,Parking,1,2,¿{1:A qué hora} {2:cierra} {3:el parking}?,{1:What time} {2:does} {3:the car park} {2:close}?,
around-parking-03,Getting around,Parking,1,2,¿{1:Hay} {2:un parking} {3:cerca}?,{1:Is there} {2:a car park} {3:nearby}?,
around-parking-16,Getting around,Parking,1,2,¿{1:Hay} {2:plazas libres}?,{1:Are there} {2:any free spaces}?,
around-parking-17,Getting around,Parking,1,2,{1:Es} {2:solo para residentes}.,{1:It's} {2:residents only}.,
around-parking-18,Getting around,Parking,1,2,{1:Pago} {2:con la aplicación}.,{1:I pay} {2:with the app}.,
around-parking-19,Getting around,Parking,1,2,{1:Este hueco} {2:es} {3:muy pequeño}.,{1:This space} {2:is} {3:very small}.,
around-parking-04,Getting around,Parking,1,3,{1:Es} {2:zona azul}.,{1:It's} {2:pay-and-display}.,zona azul = a street zone where you pay to park.
around-parking-20,Getting around,Parking,1,3,{1:Me cuesta} {2:aparcar en línea}.,{1:I find it hard} {2:to parallel park}.,
around-parking-21,Getting around,Parking,2,1,{1:No} {2:recuerdo} {3:dónde} {4:aparqué}.,{2:I can}{1:'t} {2:remember} {3:where} {4:I parked}.,
around-parking-05,Getting around,Parking,2,2,{1:Aquí} {2:no} {3:se puede} {4:aparcar}.,{3:You can}{2:'t} {4:park} {1:here}.,
around-parking-06,Getting around,Parking,2,2,{1:Me han puesto} {2:una multa} {3:por aparcar mal}.,{1:I've been given} {2:a fine} {3:for parking badly}.,
around-parking-07,Getting around,Parking,2,2,{1:Saca} {2:el tique} {3:en la máquina}.,{1:Get} {2:a ticket} {3:from the machine}.,
around-parking-08,Getting around,Parking,2,2,{1:Tardamos} {2:media hora} {3:en encontrar} {4:sitio}.,{1:It took us} {2:half an hour} {3:to find} {4:a space}.,
around-parking-22,Getting around,Parking,2,2,{1:Aquí} {2:se puede aparcar} {3:gratis}.,{2:You can park} {3:for free} {1:here}.,
around-parking-23,Getting around,Parking,2,2,{1:Dejé} {2:el coche} {3:en la tercera planta}.,{1:I left} {2:the car} {3:on the third floor}.,
around-parking-24,Getting around,Parking,2,2,"{1:Si} {2:no} {3:encuentras} {4:sitio}, {5:déjalo} {6:en el parking}.","{1:If} {3:you} {2:can't} {3:find} {4:a space}, {5:leave it} {6:in the car park}.",
around-parking-09,Getting around,Parking,2,3,{1:He perdido} {2:el tique} {3:del aparcamiento}.,{1:I've lost} {2:the} {3:car park} {2:ticket}.,
around-parking-10,Getting around,Parking,2,3,{1:Aparqué en doble fila} {2:un momento}.,{1:I double-parked} {2:for a moment}.,
around-parking-11,Getting around,Parking,2,3,{1:La grúa} {2:se ha llevado} {3:mi coche}.,{1:The tow truck} {2:has taken} {3:my car}.,
around-parking-25,Getting around,Parking,2,3,{1:Se me ha pasado} {2:la hora} {3:del tique}.,{2:The time} {3:on my ticket} {1:has run out}.,
around-parking-26,Getting around,Parking,2,3,{1:Aparca} {2:marcha atrás}.,{2:Reverse} {1:into the space}.,
around-parking-12,Getting around,Parking,3,2,{1:No} {2:aparques} {3:delante del garaje}.,{1:Don't} {2:park} {3:in front of the garage}.,
around-parking-13,Getting around,Parking,3,2,{1:Es mejor} que {2:dejemos} {3:el coche} {4:en las afueras}.,{1:It's better} {2:if we leave} {3:the car} {4:on the outskirts}.,
around-parking-14,Getting around,Parking,3,3,"{1:Si} {2:no} {3:hubiera aparcado} {4:en la acera}, {5:no} {6:me habrían multado}.","{1:If} {3:I had}{2:n't} {3:parked} {4:on the pavement}, {6:they would}{5:n't} {6:have fined me}.",
around-parking-15,Getting around,Parking,3,3,"{1:Como} {2:no} {3:muevas} {4:el coche}, {5:te lo va a llevar} {6:la grúa}.","{1:If} {3:you do}{2:n't} {3:move} {4:the car}, {6:the tow truck} {5:is going to take it}.",
shop-shop-01,Shopping,In a shop,1,1,"{1:Solo} {2:estoy mirando}, {3:gracias}.","{2:I'm} {1:just} {2:looking}, {3:thanks}.",estar + -ando = happening right now.
shop-shop-02,Shopping,In a shop,1,1,¿{1:Cuánto} {2:cuesta} {3:esto}?,{1:How much} {2:is} {3:this}?,Literally 'how much does this cost?'
shop-shop-03,Shopping,In a shop,1,1,{1:Busco} {2:un regalo} {3:para mi madre}.,{1:I'm looking for} {2:a present} {3:for my mother}.,buscar already means 'look for': no extra word needed.
shop-shop-04,Shopping,In a shop,1,1,¿{1:Lo} {2:tienen} {3:en otro color}?,{2:Do you have} {1:it} {3:in another colour}?,lo (it) goes before the verb.
shop-shop-08,Shopping,In a shop,1,1,¿{1:A qué hora} {2:cierran}?,{1:What time} {2:do you close}?,
shop-shop-09,Shopping,In a shop,1,1,{1:Es} {2:demasiado caro}.,{1:It's} {2:too expensive}.,
shop-shop-10,Shopping,In a shop,1,1,"{1:Quiero} {2:este}, {3:por favor}.","{1:I'd like} {2:this one}, {3:please}.",
shop-shop-11,Shopping,In a shop,1,1,¿{1:Tienen} {2:uno} {3:más pequeño}?,{1:Do you have} {2:a} {3:smaller} {2:one}?,
shop-shop-12,Shopping,In a shop,1,2,¿{1:Dónde} {2:está} {3:la caja}?,{1:Where}{2:'s} {3:the till}?,
shop-shop-13,Shopping,In a shop,1,2,{1:Estoy buscando} {2:pilas}.,{1:I'm looking for} {2:batteries}.,
shop-shop-14,Shopping,In a shop,1,2,¿{1:Lo tienen} {2:en el almacén}?,{1:Have you got it} {2:in the stockroom}?,
shop-shop-15,Shopping,In a shop,1,2,¿{1:Hacen} {2:descuento} {3:a estudiantes}?,{1:Do you give} {2:a discount} {3:to students}?,
shop-shop-16,Shopping,In a shop,1,3,¿{1:Tiene} {2:garantía} {3:de dos años}?,{1:Does it have} {2:a} {3:two-year} {2:guarantee}?,
shop-shop-17,Shopping,In a shop,1,3,{1:Necesito} {2:algo} {3:para quitar manchas}.,{1:I need} {2:something} {3:to remove stains}.,
shop-shop-05,Shopping,In a shop,2,1,Me {1:lo} {2:llevo}.,{2:I'll take} {1:it}.,llevarse = to take (and keep). The me has no English equivalent.
shop-shop-18,Shopping,In a shop,2,1,"¿{1:Me ayuda}, {2:por favor}?","{1:Could you help me}, {2:please}?",
shop-shop-06,Shopping,In a shop,2,2,¿{1:Me} {2:lo} {3:puede} {4:envolver para regalo}?,{3:Can you} {4:gift-wrap} {2:it} {1:for me}?,"Two pronouns before the verb: me (for me), then lo (it)."
shop-shop-19,Shopping,In a shop,2,2,{1:Lo vi} {2:en el escaparate}.,{1:I saw it} {2:in the window}.,
shop-shop-20,Shopping,In a shop,2,2,¿{1:Me lo podría} {2:reservar} {3:hasta mañana}?,{1:Could you} {2:put it aside for me} {3:until tomorrow}?,
shop-shop-21,Shopping,In a shop,2,3,¿{1:Cuándo} {2:les llegará} {3:más mercancía}?,{1:When} {2:will you get} {3:more stock} {2:in}?,
shop-shop-22,Shopping,In a shop,2,3,{1:Se le ha caído} {2:esto}.,{1:You've dropped} {2:this}.,
shop-shop-07,Shopping,In a shop,3,2,{1:Busco} {2:algo} que {3:no} {4:sea} {5:demasiado caro} {6:pero} que {7:parezca} {8:de buena calidad}.,{1:I'm looking for} {2:something} {4:that's} {3:not} {5:too expensive} {6:but} {7:looks} {8:good quality}.,"The subjunctive (sea, parezca) describes something you haven't found yet."
shop-shop-23,Shopping,In a shop,3,2,{1:Busco} {2:unas tijeras} {3:que} {4:corten bien}.,{1:I'm looking for} {2:some scissors} {3:that} {4:cut well}.,
shop-shop-24,Shopping,In a shop,3,2,"{1:Si} {2:lo tuvieran} {3:en azul}, {4:me lo llevaría}.","{1:If} {2:you had it} {3:in blue}, {4:I'd take it}.",
shop-shop-25,Shopping,In a shop,3,3,"{1:No} {2:creo} que {3:me haga falta} {4:la bolsa}, {5:gracias}.","{2:I do}{1:n't} {2:think} {3:I need} {4:a bag}, {5:thanks}.",
shop-clothes-08,Shopping,Clothes,1,1,{1:Me gusta} {2:esta camisa}.,{1:I like} {2:this shirt}.,
shop-clothes-09,Shopping,Clothes,1,1,¿{1:Lo tienen} {2:en negro}?,{1:Have you got it} {2:in black}?,
shop-clothes-10,Shopping,Clothes,1,1,{1:Uso} {2:la talla mediana}.,{1:I take} {2:a medium}.,
shop-clothes-01,Shopping,Clothes,1,2,¿{1:Dónde} {2:están} {3:los probadores}?,{1:Where} {2:are} {3:the changing rooms}?,
shop-clothes-02,Shopping,Clothes,1,2,¿{1:Tiene} {2:una talla} {3:más pequeña}?,{1:Do you have} {2:a} {3:smaller} {2:size}?,más pequeña = 'more small'.
shop-clothes-03,Shopping,Clothes,1,2,{1:Me queda} {2:un poco} {3:grande}.,{1:It's} {2:a bit} {3:big} {1:on me}.,quedar = to fit or suit. Literally 'it stays a bit big on me'.
shop-clothes-04,Shopping,Clothes,1,2,{1:Necesito} {2:unas zapatillas} {3:para correr}.,{1:I need} {2:some trainers} {3:for running}.,
shop-clothes-11,Shopping,Clothes,1,2,¿{1:Tiene} {2:este zapato} {3:en mi número}?,{1:Do you have} {2:this shoe} {3:in my size}?,
shop-clothes-12,Shopping,Clothes,1,2,{1:Me queda} {2:estrecho} {3:de hombros}.,{1:It's} {2:tight} {3:across the shoulders}.,
shop-clothes-13,Shopping,Clothes,1,2,{1:Estos zapatos} {2:me hacen daño}.,{1:These shoes} {2:hurt}.,
shop-clothes-14,Shopping,Clothes,1,2,{1:Busco} {2:un abrigo} {3:de invierno}.,{1:I'm looking for} {2:a} {3:winter} {2:coat}.,
shop-clothes-15,Shopping,Clothes,1,3,¿{1:Es} {2:de algodón} {3:o} {4:de poliéster}?,{1:Is it} {2:cotton} {3:or} {4:polyester}?,
shop-clothes-16,Shopping,Clothes,1,3,{1:Necesito} {2:un traje} {3:para una boda}.,{1:I need} {2:a suit} {3:for a wedding}.,
shop-clothes-17,Shopping,Clothes,1,3,{1:Esta chaqueta} {2:tiene} {3:la cremallera rota}.,{1:This jacket} {2:has} {3:a broken zip}.,
shop-clothes-05,Shopping,Clothes,2,1,¿{1:Puedo} {2:probár}me{3:lo}?,{1:Can I} {2:try} {3:it} {2:on}?,probarse = to try on. Pronouns join the end of the infinitive: probar + me + lo.
shop-clothes-06,Shopping,Clothes,2,2,{1:Estos vaqueros} {2:me quedaban} {3:bien} {4:el año pasado}.,{1:These jeans} {2:fitted me} {3:fine} {4:last year}.,The imperfect describes how things used to be.
shop-clothes-18,Shopping,Clothes,2,2,{1:Pruébatelo}; {2:te quedará bien}.,{1:Try it on}; {2:it'll suit you}.,
shop-clothes-19,Shopping,Clothes,2,2,{1:Se ha encogido} {2:al lavarlo}.,{1:It shrank} {2:in the wash}.,
shop-clothes-20,Shopping,Clothes,2,3,{1:Quiero} {2:cogerle} {3:el bajo} {4:a estos pantalones}.,{1:I want} {2:to get} {4:these trousers} {3:taken up}.,
shop-clothes-21,Shopping,Clothes,2,3,{1:Lo lavé} {2:a mano} {3:y} {4:se destiñó}.,{1:I washed it} {2:by hand} {3:and} {4:the colour ran}.,
shop-clothes-07,Shopping,Clothes,3,1,{1:Me lo compraría} {2:si} {3:fuera} {4:de otro color}.,{1:I'd buy it} {2:if} {3:it was} {4:a different colour}.,Conditional + si + imperfect subjunctive.
shop-clothes-22,Shopping,Clothes,3,2,{1:No} {2:sé} {3:si} {4:me queda bien}; ¿{5:qué} {6:te parece}?,{2:I do}{1:n't} {2:know} {3:if} {4:it suits me}; {5:what} {6:do you think}?,
shop-clothes-23,Shopping,Clothes,3,2,{1:Busco} {2:algo} que {3:pueda ponerme} {4:para trabajar}.,{1:I'm looking for} {2:something} {3:I can wear} {4:to work}.,
shop-clothes-25,Shopping,Clothes,3,2,{1:Me pidió} que {2:le comprara} {3:unas medias} {4:negras}.,{1:She asked me} {2:to buy her} {3:some} {4:black} {3:tights}.,
shop-clothes-24,Shopping,Clothes,3,3,"{1:Si} {2:fuera} {3:una talla menos}, {4:me quedaría} {5:perfecto}.","{1:If} {2:it were} {3:a size smaller}, {4:it would fit me} {5:perfectly}.",
shop-returns-01,Shopping,Paying & returns,1,1,¿{1:Aceptan} {2:tarjeta}?,{1:Do you take} {2:cards}?,
shop-returns-02,Shopping,Paying & returns,1,1,"¿{1:Me da} {2:una bolsa}, {3:por favor}?","{1:Can I have} {2:a bag}, {3:please}?",Literally 'do you give me a bag?'
shop-returns-07,Shopping,Paying & returns,1,1,{1:Es} {2:demasiado pequeño}.,{1:It's} {2:too small}.,
shop-returns-08,Shopping,Paying & returns,1,1,{1:Aquí} {2:tiene} {3:el tique}.,{1:Here}{2:'s} {3:the receipt}.,
shop-returns-09,Shopping,Paying & returns,1,1,¿{1:Puedo} {2:cambiarlo} {3:por otro}?,{1:Can I} {2:exchange it} {3:for another one}?,
shop-returns-03,Shopping,Paying & returns,1,2,{1:Quiero} {2:devolver} {3:esto}.,{1:I'd like to} {2:return} {3:this}.,
shop-returns-10,Shopping,Paying & returns,1,2,{1:No} {2:tengo} {3:el recibo}.,{2:I have}{1:n't} {2:got} {3:the receipt}.,
shop-returns-11,Shopping,Paying & returns,1,2,{1:Está} {2:roto}.,{1:It's} {2:broken}.,
shop-returns-12,Shopping,Paying & returns,1,2,{1:Le falta} {2:una pieza}.,{2:A piece} {1:is missing}.,
shop-returns-13,Shopping,Paying & returns,1,2,¿{1:Cuánto tiempo} {2:tengo} {3:para devolverlo}?,{1:How long} {2:do I have} {3:to return it}?,
shop-returns-14,Shopping,Paying & returns,1,3,{1:Prefiero} {2:que me devuelvan} {3:el dinero}.,{1:I'd rather} {2:have} {3:my money} {2:back}.,
shop-returns-15,Shopping,Paying & returns,1,3,{1:El producto} {2:no} {3:coincide con} {4:la descripción}.,{1:The product} {3:does}{2:n't} {3:match} {4:the description}.,
shop-returns-04,Shopping,Paying & returns,2,1,"{1:Lo compré} {2:ayer}, {3:pero} {4:no} {5:funciona}.","{1:I bought it} {2:yesterday}, {3:but} {5:it does}{4:n't} {5:work}.",compré = I bought (preterite).
shop-returns-16,Shopping,Paying & returns,2,1,{1:Me regalaron} {2:dos iguales}.,{1:I was given} {2:two the same}.,
shop-returns-17,Shopping,Paying & returns,2,2,{1:Solo} {2:lo he usado} {3:una vez}.,{2:I've} {1:only} {2:used it} {3:once}.,
shop-returns-18,Shopping,Paying & returns,2,2,{1:Me equivoqué} {2:de talla}.,{1:I got} {2:the wrong size}.,
shop-returns-05,Shopping,Paying & returns,2,3,¿{1:Podría} {2:hacerme} {3:un reembolso} {4:en vez de} {5:un vale}?,{1:Could you} {2:give me} {3:a refund} {4:instead of} {5:a voucher}?,me joins the end of the infinitive: hacer + me.
shop-returns-19,Shopping,Paying & returns,2,3,{1:Me lo devolvieron} {2:en la tarjeta}.,{1:They refunded it} {2:to my card}.,
shop-returns-20,Shopping,Paying & returns,2,3,{1:Venía} {2:defectuoso} {3:de fábrica}.,{1:It was} {2:faulty} {3:from the factory}.,
shop-returns-21,Shopping,Paying & returns,2,3,¿{1:Puedo hablar} {2:con el encargado}?,{1:Can I speak} {2:to the manager}?,
shop-returns-22,Shopping,Paying & returns,3,2,{1:Quiero} que {2:me lo cambien} {3:por uno} {4:que} {5:funcione}.,{1:I want} {2:you to swap it} {3:for one} {4:that} {5:works}.,
shop-returns-23,Shopping,Paying & returns,3,2,{1:Me dijeron} que {2:podía devolverlo} {3:sin problema}.,{1:They told me} {2:I could return it} {3:no problem}.,
shop-returns-06,Shopping,Paying & returns,3,3,"{1:Aunque} {2:haya pasado} {3:el plazo} {4:de devolución}, {5:espero} que {6:puedan} {7:hacer} {8:una excepción}.","{1:Even though} {3:the} {4:returns} {3:period} {2:has passed}, {5:I hope} {6:you can} {7:make} {8:an exception}.",aunque + subjunctive concedes a point; espero que + subjunctive is a hope.
shop-returns-24,Shopping,Paying & returns,3,3,"{1:Si} {2:hubiera sabido} que {3:no} {4:aceptaban devoluciones}, {5:no} {6:lo habría comprado}.","{1:If} {2:I'd known} {4:you did}{3:n't} {4:accept returns}, {6:I would}{5:n't} {6:have bought it}.",
shop-returns-25,Shopping,Paying & returns,3,3,{1:Exijo} que {2:me den} {3:una hoja de reclamaciones}.,{1:I insist} {2:you give me} {3:a complaints form}.,
shop-supermarket-01,Shopping,At the supermarket,1,1,¿{1:Dónde} {2:está} {3:el pan}?,{1:Where}{2:'s} {3:the bread}?,
shop-supermarket-02,Shopping,At the supermarket,1,1,"{1:Necesitamos} {2:leche}, {3:huevos} {4:y} {5:arroz}.","{1:We need} {2:milk}, {3:eggs} {4:and} {5:rice}.",
shop-supermarket-03,Shopping,At the supermarket,1,1,¿{1:Tienen} {2:bolsas}?,{1:Do you have} {2:bags}?,
shop-supermarket-15,Shopping,At the supermarket,1,1,{1:Pago} {2:con tarjeta}.,{1:I'll pay} {2:by card}.,
shop-supermarket-16,Shopping,At the supermarket,1,1,{1:No} {2:quedan} {3:huevos}.,{2:There are} {1:no} {3:eggs left}.,
shop-supermarket-04,Shopping,At the supermarket,1,2,{1:Está} {2:en el pasillo} {3:cinco}.,{1:It's} {2:in aisle} {3:five}.,
shop-supermarket-05,Shopping,At the supermarket,1,2,{1:Esta caja} {2:está cerrada}.,{1:This till} {2:is closed}.,
shop-supermarket-06,Shopping,At the supermarket,1,2,{1:Hay} {2:una oferta}: {3:dos por uno}.,{1:There's} {2:an offer}: {3:two for one}.,
shop-supermarket-17,Shopping,At the supermarket,1,2,{1:Necesito} {2:una cesta}.,{1:I need} {2:a basket}.,
shop-supermarket-18,Shopping,At the supermarket,1,2,¿{1:Dónde} {2:están} {3:los congelados}?,{1:Where} {2:are} {3:the frozen foods}?,
shop-supermarket-07,Shopping,At the supermarket,1,3,{1:Este yogur} {2:está caducado}.,{1:This yogurt} {2:is out of date}.,
shop-supermarket-08,Shopping,At the supermarket,1,3,¿{1:Aceptan} {2:vales} {3:de descuento}?,{1:Do you take} {3:discount} {2:vouchers}?,
shop-supermarket-19,Shopping,At the supermarket,1,3,¿{1:Tienen} {2:tarjeta de cliente}?,{1:Do you have} {2:a loyalty card}?,
shop-supermarket-20,Shopping,At the supermarket,1,3,{1:La caja de autoservicio} {2:no} {3:funciona}.,{1:The self-checkout} {3:is}{2:n't} {3:working}.,
shop-supermarket-09,Shopping,At the supermarket,2,1,{1:Ayer} {2:vine} {3:y} {4:no había} {5:pan}.,{1:Yesterday} {2:I came} {3:and} {4:there was no} {5:bread}.,había = there was (imperfect of hay).
shop-supermarket-21,Shopping,At the supermarket,2,1,{1:Compré} {2:de más} {3:otra vez}.,{1:I bought} {2:too much} {3:again}.,
shop-supermarket-22,Shopping,At the supermarket,2,1,"{1:Si} {2:vas} {3:al súper}, {4:compra} {5:leche}.","{1:If} {2:you're going} {3:to the supermarket}, {4:buy} {5:milk}.",
shop-supermarket-10,Shopping,At the supermarket,2,2,{1:Se me ha olvidado} {2:la lista}.,{1:I've forgotten} {2:the list}.,
shop-supermarket-11,Shopping,At the supermarket,2,2,"¿{1:Me} {2:la} {3:pesa}, {4:por favor}?","{3:Could you weigh} {2:it} {1:for me}, {4:please}?",
shop-supermarket-23,Shopping,At the supermarket,2,2,{1:Pásame} {2:un carro}.,{1:Pass me} {2:a trolley}.,
shop-supermarket-24,Shopping,At the supermarket,2,2,{1:Se han acabado} {2:las ofertas}.,{2:The special offers} {1:have sold out}.,
shop-supermarket-25,Shopping,At the supermarket,2,2,{1:Hazme} {2:una lista} {3:con lo que falta}.,{1:Make me} {2:a list} {3:of what we need}.,
shop-supermarket-12,Shopping,At the supermarket,3,1,{1:No} {2:compres} {3:nada} que {4:no} {5:esté} {6:en la lista}.,{1:Don't} {2:buy} {3:anything} {5:that's} {4:not} {6:on the list}.,
shop-supermarket-13,Shopping,At the supermarket,3,2,{1:Compra} {2:lo que} {3:haga falta} {4:para la cena}.,{1:Buy} {2:whatever} {3:we need} {4:for dinner}.,
shop-supermarket-14,Shopping,At the supermarket,3,2,"{1:Si} {2:hubiera} {3:menos cola}, {4:pagaría} {5:en la caja}.","{1:If} {2:there was} {3:less of a queue}, {4:I'd pay} {5:at the till}.",
shop-souvenirs-01,Shopping,Gifts & souvenirs,1,1,{1:Es} {2:para mi hermano}.,{1:It's} {2:for my brother}.,
shop-souvenirs-02,Shopping,Gifts & souvenirs,1,1,¿{1:Tiene} {2:algo} {3:más barato}?,{1:Do you have} {2:anything} {3:cheaper}?,
shop-souvenirs-15,Shopping,Gifts & souvenirs,1,1,¿{1:Cuánto} {2:cuestan} {3:las postales}?,{1:How much} {2:are} {3:the postcards}?,
shop-souvenirs-16,Shopping,Gifts & souvenirs,1,1,¿{1:Es} {2:de aquí}?,{1:Is it} {2:made locally}?,
shop-souvenirs-03,Shopping,Gifts & souvenirs,1,2,{1:Busco} {2:un recuerdo} {3:típico}.,{1:I'm looking for} {2:a} {3:typical} {2:souvenir}.,
shop-souvenirs-04,Shopping,Gifts & souvenirs,1,2,¿{1:Esto} {2:está} {3:hecho a mano}?,{2:Is} {1:this} {3:handmade}?,
shop-souvenirs-05,Shopping,Gifts & souvenirs,1,2,{1:A mi hermana} {2:le encantan} {3:los pendientes}.,{1:My sister} {2:loves} {3:earrings}.,
shop-souvenirs-06,Shopping,Gifts & souvenirs,1,2,¿{1:Me hace} {2:un descuento} {3:si} {4:compro} {5:tres}?,{1:Will you give me} {2:a discount} {3:if} {4:I buy} {5:three}?,
shop-souvenirs-17,Shopping,Gifts & souvenirs,1,2,{1:Quiero} {2:un imán} {3:para la nevera}.,{1:I'd like} {2:a} {3:fridge} {2:magnet}.,
shop-souvenirs-18,Shopping,Gifts & souvenirs,1,2,¿{1:Me lo envuelve} {2:bien}? {3:Es para un viaje}.,{1:Could you wrap it} {2:well}? {3:It's for a journey}.,
shop-souvenirs-19,Shopping,Gifts & souvenirs,1,2,{1:Hay} {2:demasiadas cosas} {3:para elegir}.,{1:There are} {2:too many things} {3:to choose from}.,
shop-souvenirs-20,Shopping,Gifts & souvenirs,1,3,{1:Es} {2:cerámica} {3:pintada a mano}.,{1:It's} {3:hand-painted} {2:pottery}.,
shop-souvenirs-07,Shopping,Gifts & souvenirs,2,1,{1:Lo} {2:vi} {3:más barato} {4:en otra tienda}.,{2:I saw} {1:it} {3:cheaper} {4:in another shop}.,
shop-souvenirs-08,Shopping,Gifts & souvenirs,2,1,"{1:No sé} {2:si} {3:le gustará}, {4:pero} {5:es} {6:lo que} {7:más} {8:me gustó}.","{1:I don't know} {2:if} {3:she'll like it}, {4:but} {5:it's} {6:what} {8:I liked} {7:most}.",
shop-souvenirs-09,Shopping,Gifts & souvenirs,2,2,¿{1:Me} {2:lo} {3:puede} {4:enviar} {5:a Inglaterra}?,{3:Can you} {4:send} {2:it} {5:to England} {1:for me}?,
shop-souvenirs-21,Shopping,Gifts & souvenirs,2,2,{1:Envuélvelo} {2:en papel de periódico}.,{1:Wrap it} {2:in newspaper}.,
shop-souvenirs-10,Shopping,Gifts & souvenirs,2,3,{1:Le he comprado} {2:un pañuelo} {3:de seda} {4:a mi madre}.,{1:I've bought} {4:my mother} {2:a} {3:silk} {2:scarf}.,le and a mi madre refer to the same person; Spanish likes both.
shop-souvenirs-11,Shopping,Gifts & souvenirs,2,3,{1:Necesitaré} {2:el tique} {3:para la aduana}.,{1:I'll need} {2:the receipt} {3:for customs}.,
shop-souvenirs-22,Shopping,Gifts & souvenirs,2,3,{1:Lo vi} {2:en el mercadillo}.,{1:I saw it} {2:at the street market}.,
shop-souvenirs-23,Shopping,Gifts & souvenirs,2,3,{1:Regateé} {2:un poco} {3:y} {4:me lo dejó} {5:más barato}.,{1:I haggled} {2:a bit} {3:and} {4:he let me have it} {5:cheaper}.,
shop-souvenirs-12,Shopping,Gifts & souvenirs,3,1,{1:Quiero} {2:algo} que {3:me recuerde} {4:este viaje}.,{1:I want} {2:something} {3:to remind me of} {4:this trip}.,
shop-souvenirs-13,Shopping,Gifts & souvenirs,3,1,{1:Busco} {2:algo} que {3:le guste} {4:a un niño} {5:de diez años}.,{1:I'm looking for} {2:something} {4:a} {5:ten-year-old} {4:boy} {3:would like}.,
shop-souvenirs-24,Shopping,Gifts & souvenirs,3,2,{1:Busco} {2:algo} que {3:no} {4:pese} {5:mucho}.,{1:I'm looking for} {2:something} {4:that does}{3:n't} {4:weigh} {5:much}.,
shop-souvenirs-14,Shopping,Gifts & souvenirs,3,3,{1:Me arrepiento de} {2:no haber regateado} {3:más}.,{1:I regret} {2:not haggling} {3:more}.,
shop-souvenirs-25,Shopping,Gifts & souvenirs,3,3,{1:No} {2:compres} {3:eso}; {4:es} {5:de fábrica}.,{1:Don't} {2:buy} {3:that}; {4:it's} {5:mass-produced}.,
shop-online-01,Shopping,Online shopping,1,1,{1:Compro} {2:casi todo} {3:por internet}.,{1:I buy} {2:almost everything} {3:online}.,
shop-online-16,Shopping,Online shopping,1,1,{1:No me deja} {2:pagar}.,{1:It won't let me} {2:pay}.,
shop-online-17,Shopping,Online shopping,1,1,{1:El paquete} {2:llega} {3:mañana}.,{1:The parcel} {2:arrives} {3:tomorrow}.,
shop-online-02,Shopping,Online shopping,1,2,{1:El envío} {2:es} {3:gratis}.,{1:Delivery} {2:is} {3:free}.,
shop-online-03,Shopping,Online shopping,1,2,¿{1:Cuánto} {2:tarda} {3:el envío}?,{1:How long} {2:does} {3:delivery} {2:take}?,
shop-online-04,Shopping,Online shopping,1,2,{1:Lo añado} {2:al carrito}.,{1:I'll add it} {2:to the basket}.,
shop-online-05,Shopping,Online shopping,1,2,{1:El pago} {2:es} {3:seguro}.,{1:Payment} {2:is} {3:secure}.,
shop-online-06,Shopping,Online shopping,1,3,{1:Hay que} {2:pagar} {3:los gastos de envío}.,{1:You have to} {2:pay} {3:postage}.,
shop-online-07,Shopping,Online shopping,1,3,{1:El seguimiento} {2:dice} que {3:está} {4:en reparto}.,{1:The tracking} {2:says} {3:it's} {4:out for delivery}.,
shop-online-18,Shopping,Online shopping,1,3,¿{1:Lo dejan} {2:en un punto de recogida}?,{1:Do they leave it} {2:at a pickup point}?,
shop-online-08,Shopping,Online shopping,2,1,{1:Lo pedí} {2:hace} {3:una semana}.,{1:I ordered it} {3:a week} {2:ago}.,
shop-online-09,Shopping,Online shopping,2,2,{1:Todavía} {2:no} {3:me ha llegado} {4:el paquete}.,{4:My parcel} {1:still} {3:has}{2:n't} {3:arrived}.,
shop-online-10,Shopping,Online shopping,2,2,{1:Me mandaron} {2:la talla equivocada}.,{1:They sent me} {2:the wrong size}.,
shop-online-19,Shopping,Online shopping,2,2,{1:Crea} {2:una cuenta} {3:primero}.,{1:Create} {2:an account} {3:first}.,
shop-online-20,Shopping,Online shopping,2,2,{1:El repartidor} {2:dejó} {3:el paquete} {4:al vecino}.,{1:The courier} {2:left} {3:the parcel} {4:with the neighbour}.,
shop-online-21,Shopping,Online shopping,2,2,{1:Comparé} {2:precios} {3:en varias webs}.,{1:I compared} {2:prices} {3:on several websites}.,
shop-online-22,Shopping,Online shopping,2,2,{1:He cancelado} {2:el pedido}.,{1:I've cancelled} {2:the order}.,
shop-online-11,Shopping,Online shopping,2,3,{1:He dejado} {2:una reseña} {3:negativa}.,{1:I've left} {2:a} {3:negative} {2:review}.,
shop-online-23,Shopping,Online shopping,2,3,{1:Me ha llegado} {2:la caja} {3:aplastada}.,{2:The box} {1:has arrived} {3:crushed}.,
shop-online-24,Shopping,Online shopping,2,3,{1:Imprime} {2:la etiqueta de devolución}.,{1:Print} {2:the returns label}.,
shop-online-25,Shopping,Online shopping,3,1,{1:Ojalá} {2:llegue} {3:antes del fin de semana}.,{1:I hope} {2:it arrives} {3:before the weekend}.,
shop-online-12,Shopping,Online shopping,3,2,{1:No} {2:compres} {3:en esa web}; {4:no} {5:es} {6:de fiar}.,{1:Don't} {2:buy} {3:from that website}; {5:it's} {4:not} {6:trustworthy}.,
shop-online-13,Shopping,Online shopping,3,2,"{1:Si} {2:hubiera leído} {3:las opiniones}, {4:no} {5:lo habría comprado}.","{1:If} {2:I'd read} {3:the reviews}, {5:I would}{4:n't} {5:have bought it}.",
shop-online-26,Shopping,Online shopping,3,2,{1:Me escribieron} que {2:llegaría} {3:en dos días}.,{1:They wrote to say} {2:it would arrive} {3:in two days}.,
shop-online-14,Shopping,Online shopping,3,3,{1:Quiero} que {2:me devuelvan} {3:el importe} {4:íntegro}.,{1:I want} {2:you to refund} {4:the full} {3:amount}.,
shop-online-15,Shopping,Online shopping,3,3,"{1:Tienen} {2:catorce días} {3:para} {4:devolverlo}, {5:siempre que} {6:esté} {7:sin usar}.","{1:You have} {2:fourteen days} {3:to} {4:return it}, {5:as long as} {6:it's} {7:unused}.",
shop-furniture-01,Shopping,Furniture & homeware,1,1,{1:Necesitamos} {2:un sofá} {3:nuevo}.,{1:We need} {2:a} {3:new} {2:sofa}.,
shop-furniture-02,Shopping,Furniture & homeware,1,1,{1:Me gusta} {2:esta mesa}.,{1:I like} {2:this table}.,
shop-furniture-03,Shopping,Furniture & homeware,1,1,¿{1:La tienen} {2:en blanco}?,{1:Do you have it} {2:in white}?,
shop-furniture-16,Shopping,Furniture & homeware,1,1,{1:Esta silla} {2:es} {3:muy cómoda}.,{1:This chair} {2:is} {3:very comfortable}.,
shop-furniture-04,Shopping,Furniture & homeware,1,2,{1:Busco} {2:una lámpara} {3:para el salón}.,{1:I'm looking for} {2:a lamp} {3:for the living room}.,
shop-furniture-17,Shopping,Furniture & homeware,1,2,{1:Busco} {2:unos estantes} {3:para libros}.,{1:I'm looking for} {2:some shelves} {3:for books}.,
shop-furniture-18,Shopping,Furniture & homeware,1,2,{1:Necesitamos} {2:un colchón} {3:nuevo}.,{1:We need} {2:a} {3:new} {2:mattress}.,
shop-furniture-19,Shopping,Furniture & homeware,1,2,¿{1:Cuánto} {2:mide} {3:de ancho}?,{1:How} {3:wide} {2:is it}?,
shop-furniture-05,Shopping,Furniture & homeware,1,3,{1:Este armario} {2:no} {3:cabe} {4:en el dormitorio}.,{1:This wardrobe} {3:wo}{2:n't} {3:fit} {4:in the bedroom}.,
shop-furniture-06,Shopping,Furniture & homeware,1,3,¿{1:Incluye} {2:el montaje}?,{1:Does it include} {2:assembly}?,
shop-furniture-07,Shopping,Furniture & homeware,1,3,{1:Quiero} {2:unas cortinas} {3:opacas}.,{1:I'd like} {2:some} {3:blackout} {2:curtains}.,
shop-furniture-20,Shopping,Furniture & homeware,1,3,¿{1:Es} {2:de madera maciza}?,{1:Is it} {2:solid wood}?,
shop-furniture-21,Shopping,Furniture & homeware,1,3,{1:Sobra} {2:un tornillo}.,{2:There's a screw} {1:left over}.,
shop-furniture-08,Shopping,Furniture & homeware,2,1,{1:Compramos} {2:una cama} {3:nueva} {4:la semana pasada}.,{1:We bought} {2:a} {3:new} {2:bed} {4:last week}.,
shop-furniture-09,Shopping,Furniture & homeware,2,2,¿{1:Me} {2:lo} {3:pueden} {4:traer} {5:a casa}?,{3:Can you} {4:deliver} {2:it} {5:to my house} {1:for me}?,
shop-furniture-10,Shopping,Furniture & homeware,2,2,{1:Medí} {2:la pared} {3:antes de venir}.,{1:I measured} {2:the wall} {3:before coming}.,
shop-furniture-22,Shopping,Furniture & homeware,2,2,{1:Las instrucciones} {2:no} {3:se entienden}.,{1:The instructions} {3:make} {2:no} {3:sense}.,
shop-furniture-23,Shopping,Furniture & homeware,2,2,{1:Montamos} {2:el armario} {3:entre los dos}.,{1:We put together} {2:the wardrobe} {3:between the two of us}.,
shop-furniture-24,Shopping,Furniture & homeware,2,2,"{1:Súbanlo} {2:al cuarto piso}, {3:por favor}.","{1:Take it up} {2:to the fourth floor}, {3:please}.",
shop-furniture-11,Shopping,Furniture & homeware,2,3,{1:La entrega} {2:se hará} {3:en un plazo} {4:de diez días}.,{1:Delivery} {2:will be made} {3:within} {4:ten days}.,
shop-furniture-25,Shopping,Furniture & homeware,2,3,{1:Se ha rayado} {2:la mesa} {3:en el transporte}.,{2:The table} {1:got scratched} {3:in transit}.,
shop-furniture-12,Shopping,Furniture & homeware,3,1,"{1:Si} {2:fuera} {3:un poco más pequeño}, {4:me lo llevaría}.","{1:If} {2:it were} {3:a bit smaller}, {4:I'd take it}.",
shop-furniture-13,Shopping,Furniture & homeware,3,2,"{1:Antes de que} {2:lo traigan}, {3:tendremos que} {4:vaciar} {5:la habitación}.","{1:Before} {2:they bring it}, {3:we'll have to} {4:empty} {5:the room}.",
shop-furniture-26,Shopping,Furniture & homeware,3,2,{1:Quiero} {2:un sofá} que {3:se convierta} {4:en cama}.,{1:I want} {2:a sofa} {3:that turns} {4:into a bed}.,
shop-furniture-14,Shopping,Furniture & homeware,3,3,{1:Busco} {2:una mesa} {3:que} {4:se pueda} {5:extender}.,{1:I'm looking for} {2:a table} {3:that} {4:can} {5:be extended}.,
shop-furniture-15,Shopping,Furniture & homeware,3,3,{1:Prefiero} que {2:me lo monten} {3:ustedes}.,{1:I'd rather} {3:you} {2:put it together for me}.,
shop-accessories-01,Shopping,Shoes & accessories,1,1,{1:El reloj} {2:no} {3:funciona}.,{1:The watch} {3:is}{2:n't} {3:working}.,
shop-accessories-16,Shopping,Shoes & accessories,1,1,{1:Me encantan} {2:estas gafas de sol}.,{1:I love} {2:these sunglasses}.,
shop-accessories-17,Shopping,Shoes & accessories,1,1,{1:Necesito} {2:un paraguas}.,{1:I need} {2:an umbrella}.,
shop-accessories-02,Shopping,Shoes & accessories,1,2,{1:Estos zapatos} {2:me aprietan}.,{1:These shoes} {2:are too tight}.,"apretar = to squeeze, to pinch."
shop-accessories-03,Shopping,Shoes & accessories,1,2,¿{1:Qué número} {2:calza}?,{1:What size} {2:do you take}?,calzar = to take a shoe size.
shop-accessories-04,Shopping,Shoes & accessories,1,2,¿{1:Los tiene} {2:en un número más}?,{1:Do you have them} {2:a size bigger}?,
shop-accessories-05,Shopping,Shoes & accessories,1,2,{1:Busco} {2:un bolso} {3:de piel}.,{1:I'm looking for} {2:a} {3:leather} {2:bag}.,
shop-accessories-06,Shopping,Shoes & accessories,1,2,{1:Me encanta} {2:este collar}.,{1:I love} {2:this necklace}.,
shop-accessories-18,Shopping,Shoes & accessories,1,2,{1:Busco} {2:un cinturón} {3:marrón}.,{1:I'm looking for} {2:a} {3:brown} {2:belt}.,
shop-accessories-19,Shopping,Shoes & accessories,1,2,¿{1:Es} {2:de plata}?,{1:Is it} {2:silver}?,
shop-accessories-20,Shopping,Shoes & accessories,1,2,{1:Esta bufanda} {2:pica}.,{1:This scarf} {2:is itchy}.,
shop-accessories-07,Shopping,Shoes & accessories,1,3,{1:Necesito} {2:cambiar} {3:la pila} {4:del reloj}.,{1:I need} {2:to change} {3:the} {4:watch} {3:battery}.,
shop-accessories-08,Shopping,Shoes & accessories,1,3,{1:Me hacen daño} {2:en el talón}.,{1:They're rubbing} {2:my heel}.,
shop-accessories-09,Shopping,Shoes & accessories,1,3,{1:Estos zapatos} {2:dan de sí} {3:con el uso}.,{1:These shoes} {2:stretch} {3:with wear}.,
shop-accessories-10,Shopping,Shoes & accessories,2,2,{1:Me compré} {2:unas botas} {3:en las rebajas}.,{1:I bought myself} {2:some boots} {3:in the sales}.,
shop-accessories-11,Shopping,Shoes & accessories,2,2,¿{1:Me} {2:lo} {3:puede} {4:ajustar}?,{3:Can you} {4:adjust} {2:it} {1:for me}?,
shop-accessories-21,Shopping,Shoes & accessories,2,2,{1:Se me ha perdido} {2:un pendiente}.,{1:I've lost} {2:an earring}.,
shop-accessories-22,Shopping,Shoes & accessories,2,2,{1:Me hice} {2:un agujero} {3:en las medias}.,{1:I got} {2:a hole} {3:in my tights}.,
shop-accessories-12,Shopping,Shoes & accessories,2,3,{1:Se me ha roto} {2:la correa}.,{2:My strap} {1:has broken}.,
shop-accessories-23,Shopping,Shoes & accessories,2,3,{1:Grabe} {2:las iniciales} {3:en la pulsera}.,{1:Engrave} {2:the initials} {3:on the bracelet}.,
shop-accessories-24,Shopping,Shoes & accessories,2,3,{1:Las suelas} {2:se han despegado}.,{1:The soles} {2:have come unstuck}.,
shop-accessories-13,Shopping,Shoes & accessories,3,1,"{1:Si} {2:tuvieran} {3:mi número}, {4:me los llevaría}.","{1:If} {2:you had} {3:my size}, {4:I'd take them}.",
shop-accessories-14,Shopping,Shoes & accessories,3,2,{1:Quiero} {2:unos zapatos} {3:que sean} {4:cómodos} {5:para andar}.,{1:I want} {2:some shoes} {3:that are} {4:comfortable} {5:for walking}.,
shop-accessories-25,Shopping,Shoes & accessories,3,2,"{1:Cuando} {2:vuelvas} {3:a la tienda}, {4:mira} {5:si tienen} {6:mi talla}.","{1:When} {2:you go back} {3:to the shop}, {4:see} {5:if they have} {6:my size}.",
shop-accessories-26,Shopping,Shoes & accessories,3,2,"{1:Si} {2:fuera} {3:de oro}, {4:costaría} {5:el triple}.","{1:If} {2:it were} {3:gold}, {4:it would cost} {5:three times as much}.",
shop-accessories-15,Shopping,Shoes & accessories,3,3,"{1:Aunque} {2:sean} {3:caros}, {4:merece la pena} {5:invertir} {6:en buen calzado}.","{1:Even if} {2:they're} {3:expensive}, {4:it's worth} {5:investing} {6:in good footwear}.",
shop-gifts-01,Shopping,Gifts,1,1,{1:Es} {2:para mi madre}.,{1:It's} {2:for my mother}.,
shop-gifts-02,Shopping,Gifts,1,1,{1:Tiene} {2:de todo}.,{1:She's got} {2:everything}.,
shop-gifts-16,Shopping,Gifts,1,1,{1:Es} {2:su cumpleaños} {3:el sábado}.,{1:It's} {2:her birthday} {3:on Saturday}.,
shop-gifts-17,Shopping,Gifts,1,1,{1:Le gusta} {2:mucho} {3:cocinar}.,{1:He} {2:really} {1:likes} {3:cooking}.,
shop-gifts-03,Shopping,Gifts,1,2,{1:Busco} {2:algo} {3:original}.,{1:I'm looking for} {2:something} {3:original}.,
shop-gifts-04,Shopping,Gifts,1,2,{1:Le encantan} {2:las plantas}.,{1:She loves} {2:plants}.,
shop-gifts-05,Shopping,Gifts,1,2,¡{1:Qué} {2:detalle}!,{1:How} {2:thoughtful}!,
shop-gifts-18,Shopping,Gifts,1,2,{1:Es} {2:un regalo de boda}.,{1:It's} {2:a wedding present}.,
shop-gifts-19,Shopping,Gifts,1,2,¿{1:Qué} {2:le regalamos} {3:a la profe}?,{1:What} {2:shall we get} {3:the teacher}?,
shop-gifts-20,Shopping,Gifts,1,2,{1:Prefiero} {2:regalar} {3:experiencias}.,{1:I prefer} {2:to give} {3:experiences}.,
shop-gifts-06,Shopping,Gifts,1,3,¿{1:Incluye} {2:ticket regalo}?,{1:Does it come with} {2:a gift receipt}?,
shop-gifts-07,Shopping,Gifts,2,1,{1:Me regaló} {2:un libro}.,{1:She gave me} {2:a book}.,
shop-gifts-08,Shopping,Gifts,2,1,¡{1:Ábrelo}!,{1:Open it}!,
shop-gifts-09,Shopping,Gifts,2,2,{1:No} {2:sé} {3:qué} {4:regalarle}.,{2:I do}{1:n't} {2:know} {3:what} {4:to get him}.,
shop-gifts-10,Shopping,Gifts,2,2,"{1:Si} {2:no} {3:le queda bien}, {4:puede cambiarlo}.","{1:If} {3:it does}{2:n't} {3:fit}, {4:she can exchange it}.",
shop-gifts-11,Shopping,Gifts,2,2,{1:No} {2:tenías que} {3:molestarte}.,{2:You did}{1:n't} {2:have to} {3:go to any trouble}.,
shop-gifts-21,Shopping,Gifts,2,2,{1:Le compré} {2:una tarjeta regalo}.,{1:I bought her} {2:a gift card}.,
shop-gifts-22,Shopping,Gifts,2,2,{1:Ponle} {2:un lazo}.,{1:Put} {2:a bow} {1:on it}.,
shop-gifts-23,Shopping,Gifts,2,2,{1:Escondí} {2:los regalos} {3:en el armario}.,{1:I hid} {2:the presents} {3:in the wardrobe}.,
shop-gifts-12,Shopping,Gifts,2,3,{1:Hicimos} {2:un bote} {3:para su regalo}.,{1:We had} {2:a whip-round} {3:for her present}.,
shop-gifts-24,Shopping,Gifts,2,3,{1:Me hizo} {2:mucha ilusión} {3:tu regalo}.,{3:Your present} {1:made me} {2:so happy}.,
shop-gifts-13,Shopping,Gifts,3,1,{1:Espero} que {2:te guste}.,{1:I hope} {2:you like it}.,
shop-gifts-25,Shopping,Gifts,3,1,{1:Ojalá} {2:le guste} {3:el color}.,{1:I hope} {2:she likes} {3:the colour}.,
shop-gifts-14,Shopping,Gifts,3,2,{1:No} {2:hacía falta} que {3:me compraras} {4:nada}.,{2:You did}{1:n't} {2:need} {3:to buy me} {4:anything}.,
shop-gifts-26,Shopping,Gifts,3,2,{1:Que} {2:no} {3:se entere}; {4:es} {5:una sorpresa}.,{2:Don't} {1:let} {3:him find out}; {4:it's} {5:a surprise}.,
shop-gifts-15,Shopping,Gifts,3,3,{1:Quiero} {2:regalarle} {3:algo} que {4:le haga ilusión}.,{1:I want} {2:to give her} {3:something} {4:she'll be really excited about}.,
shop-sales-16,Shopping,Sales & bargains,1,1,{1:Hay} {2:mucha gente} {3:el primer día}.,{1:There are} {2:lots of people} {3:on the first day}.,
shop-sales-01,Shopping,Sales & bargains,1,2,¿{1:Cuándo} {2:terminan} {3:las rebajas}?,{1:When} {2:do} {3:the sales} {2:end}?,
shop-sales-02,Shopping,Sales & bargains,1,2,{1:Hoy} {2:empiezan} {3:las rebajas}.,{3:The sales} {2:start} {1:today}.,
shop-sales-03,Shopping,Sales & bargains,1,2,{1:Tiene} {2:un cincuenta por ciento} {3:de descuento}.,{1:It's} {2:fifty per cent} {3:off}.,
shop-sales-04,Shopping,Sales & bargains,1,2,¿{1:Este precio} {2:ya} {3:tiene} {4:el descuento}?,{3:Does} {1:this price} {2:already} {3:include} {4:the discount}?,
shop-sales-05,Shopping,Sales & bargains,1,2,{1:Hay} {2:mucha cola} {3:en los probadores}.,{1:There's} {2:a long queue} {3:for the changing rooms}.,
shop-sales-06,Shopping,Sales & bargains,1,2,{1:Compras dos} {2:y} {3:te regalan otro}.,{1:Buy two} {2:and} {3:get one free}.,
shop-sales-17,Shopping,Sales & bargains,1,2,{1:Todo} {2:está} {3:al setenta por ciento}.,{1:Everything}{2:'s} {3:seventy per cent off}.,
shop-sales-18,Shopping,Sales & bargains,1,2,{1:Las tallas grandes} {2:se agotan} {3:enseguida}.,{1:The big sizes} {2:sell out} {3:straight away}.,
shop-sales-07,Shopping,Sales & bargains,1,3,{1:Este artículo} {2:tiene} {3:un pequeño defecto}.,{1:This item} {2:has} {3:a small defect}.,
shop-sales-19,Shopping,Sales & bargains,1,3,{1:Es} {2:una oferta} {3:de tiempo limitado}.,{1:It's} {2:a} {3:limited-time} {2:offer}.,
shop-sales-08,Shopping,Sales & bargains,2,2,{1:Lo compré} {2:a mitad de precio}.,{1:I bought it} {2:at half price}.,
shop-sales-09,Shopping,Sales & bargains,2,2,{1:Esperé} {2:a las rebajas} {3:para comprarlo}.,{1:I waited} {2:for the sales} {3:to buy it}.,
shop-sales-10,Shopping,Sales & bargains,2,2,{1:Se agotó} {2:en una hora}.,{1:It sold out} {2:in an hour}.,
shop-sales-20,Shopping,Sales & bargains,2,2,¿{1:Se pueden} {2:devolver} {3:las cosas rebajadas}?,{1:Can} {3:sale items} {1:be} {2:returned}?,
shop-sales-21,Shopping,Sales & bargains,2,2,{1:Me gasté} {2:demasiado} {3:en las rebajas}.,{1:I spent} {2:too much} {3:in the sales}.,
shop-sales-22,Shopping,Sales & bargains,2,2,{1:Me llevé} {2:el último} {3:de mi talla}.,{1:I got} {2:the last one} {3:in my size}.,
shop-sales-23,Shopping,Sales & bargains,2,2,"{1:Corre}, que {2:se acaba} {3:la oferta}.","{1:Hurry}, {3:the offer} {2:is ending}.",
shop-sales-24,Shopping,Sales & bargains,2,2,{1:Mira} {2:la etiqueta}; {3:tiene} {4:otro descuento}.,{1:Look at} {2:the label}; {3:it's got} {4:an extra discount}.,
shop-sales-11,Shopping,Sales & bargains,2,3,{1:Aproveché} {2:el Black Friday} {3:para comprar} {4:regalos}.,{1:I took advantage of} {2:Black Friday} {3:to buy} {4:presents}.,
shop-sales-12,Shopping,Sales & bargains,3,1,{1:No} {2:compres} {3:nada} que {4:no} {5:necesites}.,{1:Don't} {2:buy} {3:anything} {5:you do}{4:n't} {5:need}.,
shop-sales-13,Shopping,Sales & bargains,3,2,"{1:Si} {2:lo hubiera visto} {3:antes}, {4:lo habría comprado} {5:más barato}.","{1:If} {2:I'd seen it} {3:earlier}, {4:I'd have bought it} {5:cheaper}.",
shop-sales-14,Shopping,Sales & bargains,3,2,"{1:Aunque} {2:esté} {3:rebajado}, {4:sigue siendo} {5:caro}.","{1:Even though} {2:it's} {3:reduced}, {4:it's still} {5:expensive}.",
shop-sales-25,Shopping,Sales & bargains,3,2,"{1:Cuando} {2:empiecen} {3:las rebajas}, {4:me compraré} {5:un abrigo}.","{1:When} {3:the sales} {2:start}, {4:I'll buy myself} {5:a coat}.",
shop-sales-15,Shopping,Sales & bargains,3,3,{1:Me extraña} que {2:no} {3:hayan rebajado} {4:este modelo}.,{1:I'm surprised} {3:they have}{2:n't} {3:reduced} {4:this model}.,
shop-sales-26,Shopping,Sales & bargains,3,3,{1:No} {2:te dejes llevar} {3:por los descuentos}.,{1:Don't} {2:get carried away} {3:by the discounts}.,
shop-electronics-15,Shopping,Electronics shop,1,1,{1:Quiero} {2:una tele} {3:más grande}.,{1:I want} {2:a} {3:bigger} {2:TV}.,
shop-electronics-16,Shopping,Electronics shop,1,1,¿{1:Lo puedo} {2:probar}?,{1:Can I} {2:try it}?,
shop-electronics-01,Shopping,Electronics shop,1,2,{1:Busco} {2:un portátil} {3:ligero}.,{1:I'm looking for} {2:a} {3:light} {2:laptop}.,
shop-electronics-02,Shopping,Electronics shop,1,2,¿{1:Tiene} {2:garantía}?,{1:Does it have} {2:a guarantee}?,
shop-electronics-03,Shopping,Electronics shop,1,2,¿{1:Cuánto} {2:dura} {3:la batería}?,{1:How long} {2:does} {3:the battery} {2:last}?,
shop-electronics-17,Shopping,Electronics shop,1,2,{1:Necesito} {2:un cable} {3:USB-C}.,{1:I need} {2:a} {3:USB-C} {2:cable}.,
shop-electronics-18,Shopping,Electronics shop,1,2,¿{1:Tiene} {2:fundas} {3:para este móvil}?,{1:Do you have} {2:cases} {3:for this phone}?,
shop-electronics-04,Shopping,Electronics shop,1,3,{1:Quiero} {2:unos auriculares} {3:inalámbricos}.,{1:I'd like} {2:some} {3:wireless} {2:headphones}.,
shop-electronics-05,Shopping,Electronics shop,1,3,¿{1:Es compatible} {2:con mi ordenador}?,{1:Is it compatible} {2:with my computer}?,
shop-electronics-06,Shopping,Electronics shop,1,3,{1:La pantalla} {2:tiene} {3:mucha resolución}.,{1:The screen} {2:has} {3:a high resolution}.,
shop-electronics-19,Shopping,Electronics shop,1,3,¿{1:Lo tienen} {2:reacondicionado}?,{1:Do you have it} {2:refurbished}?,
shop-electronics-07,Shopping,Electronics shop,2,1,{1:Me lo compré} {2:el mes pasado}.,{1:I bought it} {2:last month}.,
shop-electronics-08,Shopping,Electronics shop,2,2,{1:Enséñeme} {2:el modelo} {3:más barato}.,{1:Show me} {3:the cheapest} {2:model}.,
shop-electronics-09,Shopping,Electronics shop,2,2,{1:Dejó de} {2:cargar} {3:a los dos meses}.,{1:It stopped} {2:charging} {3:after two months}.,
shop-electronics-20,Shopping,Electronics shop,2,2,{1:Hace} {2:un ruido raro} {3:al encenderlo}.,{1:It makes} {2:a strange noise} {3:when you switch it on}.,
shop-electronics-21,Shopping,Electronics shop,2,2,{1:La pantalla} {2:se ha roto}.,{1:The screen} {2:has cracked}.,
shop-electronics-22,Shopping,Electronics shop,2,2,{1:Cárgalo} {2:del todo} {3:antes de usarlo}.,{1:Charge it} {2:fully} {3:before using it}.,
shop-electronics-23,Shopping,Electronics shop,2,2,"{1:Si} {2:esperas} {3:al Black Friday}, {4:te costará} {5:menos}.","{1:If} {2:you wait} {3:for Black Friday}, {4:it'll cost} {5:less}.",
shop-electronics-10,Shopping,Electronics shop,2,3,¿{1:Me lo podría} {2:configurar}?,{1:Could you} {2:set it up} {1:for me}?,
shop-electronics-11,Shopping,Electronics shop,2,3,¿{1:Se puede} {2:ampliar} {3:la memoria}?,{1:Can} {3:the memory} {1:be} {2:expanded}?,
shop-electronics-24,Shopping,Electronics shop,2,3,{1:Me pasaron} {2:los datos} {3:al móvil nuevo}.,{1:They transferred} {2:my data} {3:to the new phone}.,
shop-electronics-12,Shopping,Electronics shop,3,2,{1:No} {2:lo compres} {3:todavía}; {4:va a salir} {5:uno nuevo}.,{1:Don't} {2:buy it} {3:yet}; {5:a new one} {4:is coming out}.,
shop-electronics-13,Shopping,Electronics shop,3,2,{1:Quiero} {2:uno} {3:que tenga} {4:buena cámara}.,{1:I want} {2:one} {3:that has} {4:a good camera}.,
shop-electronics-25,Shopping,Electronics shop,3,2,{1:Prefiero} que {2:me lo envíen} {3:a casa}.,{1:I'd rather} {2:you sent it} {3:to my house}.,
shop-electronics-14,Shopping,Electronics shop,3,3,"{1:Si} {2:hubiera contratado} {3:el seguro}, {4:me habrían cambiado} {5:la pantalla} {6:gratis}.","{1:If} {2:I'd taken out} {3:the insurance}, {4:they'd have replaced} {5:the screen} {6:for free}.",
health-unwell-01,Health,Feeling unwell,1,1,{1:Me duele} {2:la cabeza}.,{2:My head} {1:hurts}.,"doler works like gustar: literally 'the head hurts me'. Spanish uses la, not 'my', for body parts."
health-unwell-02,Health,Feeling unwell,1,1,{1:No} {2:me encuentro} {3:bien}.,{2:I do}{1:n't} {2:feel} {3:well}.,
health-unwell-08,Health,Feeling unwell,1,1,{1:Estoy} {2:enferm[o|a]}.,{1:I'm} {2:ill}.,
health-unwell-10,Health,Feeling unwell,1,1,{1:Me duele} {2:el estómago}.,{1:I've got} {2:stomach ache}.,
health-unwell-11,Health,Feeling unwell,1,1,{1:Tengo} {2:mucho sueño}.,{1:I'm} {2:really sleepy}.,
health-unwell-03,Health,Feeling unwell,1,2,{1:Tengo} {2:fiebre}.,{1:I have} {2:a temperature}.,Literally 'I have fever'.
health-unwell-04,Health,Feeling unwell,1,2,{1:Estoy} {2:un poco} {3:maread[o|a]}.,{1:I feel} {2:a bit} {3:dizzy}.,estar for temporary states.
health-unwell-12,Health,Feeling unwell,1,2,{1:Estoy} {2:agotad[o|a]} {3:y} {4:sin fuerzas}.,{1:I'm} {2:exhausted} {3:and} {4:have no energy}.,
health-unwell-13,Health,Feeling unwell,1,2,{1:Tengo} {2:tos} {3:desde el lunes}.,{1:I've had} {2:a cough} {3:since Monday}.,
health-unwell-14,Health,Feeling unwell,1,2,{1:Me pica} {2:todo el cuerpo}.,{1:I'm itching} {2:all over}.,
health-unwell-15,Health,Feeling unwell,1,2,{1:Tengo} {2:náuseas}.,{1:I feel} {2:sick}.,
health-unwell-09,Health,Feeling unwell,1,3,{1:Tengo} {2:escalofríos}.,{1:I've got} {2:the shivers}.,
health-unwell-16,Health,Feeling unwell,1,3,{1:Tengo} {2:la nariz} {3:taponada}.,{1:My} {2:nose} {3:is blocked}.,
health-unwell-17,Health,Feeling unwell,1,3,{1:Me ha salido} {2:un sarpullido} {3:en el brazo}.,{1:I've come out in} {2:a rash} {3:on my arm}.,
health-unwell-18,Health,Feeling unwell,1,3,{1:Creo} que {2:tengo} {3:una intoxicación alimentaria}.,{1:I think} {2:I've got} {3:food poisoning}.,
health-unwell-05,Health,Feeling unwell,2,1,{1:Llevo dos días} {2:sin dormir bien}.,{2:I haven't slept well} {1:for two days}.,llevar + time + sin + infinitive = 'haven't done... for'.
health-unwell-19,Health,Feeling unwell,2,1,{1:Anoche} {2:vomité} {3:dos veces}.,{1:Last night} {2:I was sick} {3:twice}.,
health-unwell-20,Health,Feeling unwell,2,2,{1:Me he cortado} {2:el dedo}.,{1:I've cut} {2:my finger}.,
health-unwell-21,Health,Feeling unwell,2,2,{1:Me he quemado} {2:con el horno}.,{1:I've burnt myself} {2:on the oven}.,
health-unwell-24,Health,Feeling unwell,2,2,"{1:Si} {2:mañana} {3:sigo} {4:con fiebre}, {5:iré} {6:al médico}.","{1:If} {3:I've} {4:still got a temperature} {2:tomorrow}, {5:I'll go} {6:to the doctor}.",
health-unwell-06,Health,Feeling unwell,2,3,{1:Ayer} {2:me torcí} {3:el tobillo} {4:jugando al fútbol}.,{1:Yesterday} {2:I twisted} {3:my ankle} {4:playing football}.,torcerse = to twist (a part of yourself).
health-unwell-22,Health,Feeling unwell,2,3,{1:Me picó} {2:una medusa} {3:en la playa}.,{1:I was stung} {2:by a jellyfish} {3:on the beach}.,
health-unwell-23,Health,Feeling unwell,2,3,{1:Me mareé} {2:en el barco}.,{1:I got seasick} {2:on the boat}.,
health-unwell-07,Health,Feeling unwell,3,1,"{1:No} {2:creo} que {3:sea} {4:nada grave}, {5:pero} {6:prefiero} que {7:me vea} {8:un médico}.","{2:I do}{1:n't} {2:think} {3:it's} {4:anything serious}, {5:but} {6:I'd rather} {8:a doctor} {7:had a look at me}.",Two subjunctives: after doubt (no creo que) and after a preference (prefiero que).
health-unwell-25,Health,Feeling unwell,3,2,{1:Ojalá} {2:se me pase} {3:antes del viaje}.,{1:I hope} {2:it clears up} {3:before the trip}.,
health-pharmacy-08,Health,At the pharmacy,1,1,¿{1:Tiene} {2:algo} {3:para el dolor de cabeza}?,{1:Have you got} {2:anything} {3:for a headache}?,
health-pharmacy-09,Health,At the pharmacy,1,1,¿{1:Dónde} {2:hay} {3:una farmacia de guardia}?,{1:Where} {2:is there} {3:a late-night chemist's}?,
health-pharmacy-01,Health,At the pharmacy,1,2,¿{1:Tiene} {2:algo} {3:para la tos}?,{1:Do you have} {2:anything} {3:for a cough}?,
health-pharmacy-02,Health,At the pharmacy,1,2,{1:Necesito} {2:crema solar}.,{1:I need} {2:sun cream}.,
health-pharmacy-03,Health,At the pharmacy,1,2,¿{1:Hace falta} {2:receta}?,{1:Do I need} {2:a prescription}?,hace falta = 'is it needed?'
health-pharmacy-04,Health,At the pharmacy,1,2,{1:Soy} {2:alérgic[o|a]} {3:a la penicilina}.,{1:I'm} {2:allergic} {3:to penicillin}.,
health-pharmacy-10,Health,At the pharmacy,1,2,{1:Necesito} {2:tiritas}.,{1:I need} {2:plasters}.,
health-pharmacy-11,Health,At the pharmacy,1,2,{1:Necesito} {2:algo} {3:para la diarrea}.,{1:I need} {2:something} {3:for diarrhoea}.,
health-pharmacy-12,Health,At the pharmacy,1,2,¿{1:Es} {2:para adultos} {3:o} {4:para niños}?,{1:Is it} {2:for adults} {3:or} {4:for children}?,
health-pharmacy-13,Health,At the pharmacy,1,2,¿{1:Tiene} {2:algo} {3:para las picaduras de mosquito}?,{1:Have you got} {2:anything} {3:for mosquito bites}?,
health-pharmacy-14,Health,At the pharmacy,1,2,{1:Es} {2:para mi hija}; {3:tiene} {4:cuatro años}.,{1:It's} {2:for my daughter}; {3:she's} {4:four}.,
health-pharmacy-15,Health,At the pharmacy,1,3,{1:Busco} {2:un repelente} {3:de insectos}.,{1:I'm looking for} {2:an} {3:insect} {2:repellent}.,
health-pharmacy-16,Health,At the pharmacy,1,3,{1:Tengo} {2:la piel} {3:muy sensible}.,{1:I have} {3:very sensitive} {2:skin}.,
health-pharmacy-17,Health,At the pharmacy,1,3,¿{1:Tiene} {2:la versión genérica}?,{1:Do you have} {2:the generic version}?,
health-pharmacy-18,Health,At the pharmacy,1,3,{1:Necesito} {2:un test de embarazo}.,{1:I need} {2:a pregnancy test}.,
health-pharmacy-05,Health,At the pharmacy,2,2,¿{1:Cada cuánto} {2:tengo que} {3:tomar}{4:lo}?,{1:How often} {2:do I have to} {3:take} {4:it}?,lo (it) joins the end of the infinitive.
health-pharmacy-06,Health,At the pharmacy,2,2,{1:Tómese} {2:una pastilla} {3:cada ocho horas}.,{1:Take} {2:one tablet} {3:every eight hours}.,A polite (usted) command with se attached.
health-pharmacy-19,Health,At the pharmacy,2,2,{1:Tómelo} {2:con las comidas}.,{1:Take it} {2:with meals}.,
health-pharmacy-20,Health,At the pharmacy,2,2,{1:Me lo recetó} {2:mi médico} {3:en Inglaterra}.,{2:My doctor} {3:in England} {1:prescribed it}.,
health-pharmacy-21,Health,At the pharmacy,2,3,{1:Se me han acabado} {2:las pastillas}.,{1:I've run out of} {2:my tablets}.,
health-pharmacy-22,Health,At the pharmacy,2,3,{1:Aplíquese} {2:la crema} {3:dos veces al día}.,{1:Apply} {2:the cream} {3:twice a day}.,
health-pharmacy-24,Health,At the pharmacy,2,3,"{1:Si} {2:los síntomas} {3:persisten}, {4:consulte} a {5:su médico}.","{1:If} {2:the symptoms} {3:persist}, {4:see} {5:your doctor}.",The standard warning on Spanish medicine packets.
health-pharmacy-23,Health,At the pharmacy,3,2,{1:No} {2:lo tome} {3:con el estómago vacío}.,{1:Don't} {2:take it} {3:on an empty stomach}.,
health-pharmacy-07,Health,At the pharmacy,3,3,{1:No} {2:conduzca} {3:hasta que} {4:se le pase} {5:la somnolencia}.,{1:Don't} {2:drive} {3:until} {5:the drowsiness} {4:wears off}.,"A negative usted command, and hasta que + subjunctive."
health-pharmacy-25,Health,At the pharmacy,3,3,{1:Me dijo} que {2:no} {3:lo mezclara} {4:con alcohol}.,{1:She told me} {2:not} {3:to mix it} {4:with alcohol}.,
health-doctor-01,Health,At the doctor's,1,1,{1:Necesito} {2:ver} a {3:un médico}.,{1:I need} {2:to see} {3:a doctor}.,The a before a person (the 'personal a') has no English equivalent.
health-doctor-02,Health,At the doctor's,1,1,{1:Me duele} {2:aquí}.,{1:It hurts} {2:here}.,
health-doctor-08,Health,At the doctor's,1,1,{1:Me duele} {2:el oído}.,{1:I've got} {2:earache}.,
health-doctor-09,Health,At the doctor's,1,1,{1:Tengo} {2:la tensión} {3:baja}.,{1:I have} {3:low} {2:blood pressure}.,
health-doctor-03,Health,At the doctor's,1,2,{1:Tengo} {2:una cita} {3:a las diez}.,{1:I have} {2:an appointment} {3:at ten}.,
health-doctor-10,Health,At the doctor's,1,2,¿{1:Es} {2:grave}?,{1:Is it} {2:serious}?,
health-doctor-11,Health,At the doctor's,1,2,¿{1:Cuánto} {2:tardan} {3:los resultados}?,{1:How long} {2:do} {3:the results} {2:take}?,
health-doctor-12,Health,At the doctor's,1,2,{1:Quiero} {2:pedir cita} {3:con el médico de cabecera}.,{1:I'd like} {2:to make an appointment} {3:with the GP}.,
health-doctor-13,Health,At the doctor's,1,2,{1:Tengo} {2:seguro médico de viaje}.,{1:I have} {2:travel health insurance}.,
health-doctor-05,Health,At the doctor's,1,3,{1:Le voy a pedir} {2:un análisis de sangre} {3:para descartar} {4:una infección}.,{1:I'm going to send you for} {2:a blood test} {3:to rule out} {4:an infection}.,The doctor speaking. le = you (usted).
health-doctor-14,Health,At the doctor's,1,3,{1:Me cuesta} {2:respirar}.,{1:I'm finding it hard} {2:to breathe}.,
health-doctor-15,Health,At the doctor's,1,3,{1:Tengo} {2:un bulto} {3:en el cuello}.,{1:I've got} {2:a lump} {3:on my neck}.,
health-doctor-16,Health,At the doctor's,1,3,{1:Tomo} {2:pastillas} {3:para la tensión}.,{1:I take} {2:tablets} {3:for my blood pressure}.,
health-doctor-17,Health,At the doctor's,2,1,{1:Abra} {2:la boca}.,{1:Open} {2:your mouth}.,
health-doctor-04,Health,At the doctor's,2,2,{1:Me empezó a doler} {2:la espalda} {3:hace} {4:una semana}.,{2:My back} {1:started hurting} {4:a week} {3:ago}.,empezar a + infinitive = to start doing.
health-doctor-18,Health,At the doctor's,2,2,{1:Respire} {2:hondo}.,{1:Breathe} {2:in deeply}.,
health-doctor-19,Health,At the doctor's,2,2,{1:Túmbese} {2:en la camilla}.,{1:Lie down} {2:on the couch}.,
health-doctor-20,Health,At the doctor's,2,2,{1:Me hice daño} {2:levantando} {3:una caja}.,{1:I hurt myself} {2:lifting} {3:a box}.,
health-doctor-21,Health,At the doctor's,2,3,{1:Le voy a tomar} {2:la tensión}.,{1:I'm going to take} {2:your blood pressure}.,
health-doctor-22,Health,At the doctor's,2,3,{1:Le daré} {2:un justificante} {3:para el trabajo}.,{1:I'll give you} {2:a sick note} {3:for work}.,
health-doctor-24,Health,At the doctor's,2,3,"{1:Si} {2:le sube} {3:la fiebre}, {4:vaya} {5:a urgencias}.","{1:If} {3:your temperature} {2:goes up}, {4:go} {5:to A&E}.",
health-doctor-06,Health,At the doctor's,3,1,{1:Es importante} que {2:descanse} {3:y} {4:beba} {5:mucha agua}.,{1:It's important} {2:that you rest} {3:and} {4:drink} {5:plenty of water}.,Es importante que + subjunctive.
health-doctor-23,Health,At the doctor's,3,2,{1:Quiero} que {2:se haga} {3:una radiografía}.,{1:I want} {2:you to have} {3:an X-ray}.,
health-doctor-07,Health,At the doctor's,3,3,"{1:Me recetaron} {2:antibióticos}, {3:pero} {4:me dijeron} que {5:si} {6:no} {7:mejoraba} {8:en tres días}, {9:volviera}.","{1:They prescribed me} {2:antibiotics}, {3:but} {4:told me} {9:to come back} {5:if} {7:I did}{6:n't} {7:improve} {8:within three days}.",Reported instructions take the imperfect subjunctive (volviera).
health-doctor-25,Health,At the doctor's,3,3,{1:No} {2:creo} que {3:haga falta} {4:operar}.,{2:I do}{1:n't} {2:think} {3:it'll be necessary} {4:to operate}.,
health-symptoms-01,Health,Describing symptoms,1,2,{1:Me duele} {2:la garganta}.,{2:My throat} {1:hurts}.,
health-symptoms-02,Health,Describing symptoms,1,2,{1:Tengo} {2:tos} {3:y} {4:mocos}.,{1:I have} {2:a cough} {3:and} {4:a runny nose}.,
health-symptoms-03,Health,Describing symptoms,1,2,{1:Estoy} {2:resfriad[o|a]}.,{1:I have} {2:a cold}.,Literally 'I'm colded'.
health-symptoms-04,Health,Describing symptoms,1,2,{1:Me pica} {2:mucho} {3:el brazo}.,{3:My arm} {2:really} {1:itches}.,picar works like gustar.
health-symptoms-05,Health,Describing symptoms,1,2,{1:Tengo} {2:náuseas} {3:desde esta mañana}.,{1:I've felt} {2:sick} {3:since this morning}.,desde + present tense = 'have been... since'.
health-symptoms-06,Health,Describing symptoms,1,3,{1:Me sangra} {2:la nariz}.,{2:My nose} {1:is bleeding}.,
health-symptoms-07,Health,Describing symptoms,1,3,{1:Tengo} {2:la tensión} {3:alta}.,{1:I have} {3:high} {2:blood pressure}.,
health-symptoms-08,Health,Describing symptoms,2,2,{1:Me caí} {2:por las escaleras}.,{1:I fell} {2:down the stairs}.,
health-symptoms-09,Health,Describing symptoms,2,2,{1:Me he cortado} {2:el dedo} {3:con un cuchillo}.,{1:I've cut} {2:my finger} {3:with a knife}.,
health-symptoms-10,Health,Describing symptoms,2,2,{1:El dolor} {2:empezó} {3:de repente} {4:anoche}.,{1:The pain} {2:started} {3:suddenly} {4:last night}.,
health-symptoms-11,Health,Describing symptoms,2,2,{1:Antes} {2:me dolía} {3:solo} {4:al andar}.,"{1:Before}, {2:it} {3:only} {2:hurt} {4:when I walked}.",al + infinitive = 'when doing'.
health-symptoms-12,Health,Describing symptoms,2,3,{1:Me ha picado} {2:una avispa}.,{2:A wasp} {1:has stung me}.,
health-symptoms-13,Health,Describing symptoms,3,1,{1:Es como si} {2:tuviera} {3:algo} {4:en el ojo}.,{1:It's as if} {2:I had} {3:something} {4:in my eye}.,como si always takes the imperfect subjunctive.
health-symptoms-14,Health,Describing symptoms,3,2,"{1:No} {2:creo} que {3:esté} {4:roto}, {5:pero} {6:me duele} {7:muchísimo}.","{2:I do}{1:n't} {2:think} {3:it's} {4:broken}, {5:but} {6:it hurts} {7:a lot}.",
health-symptoms-15,Health,Describing symptoms,3,3,{1:Me han dicho} que {2:me haga} {3:una radiografía} {4:por si acaso}.,{1:They've told me} {2:to get} {3:an X-ray} {4:just in case}.,decir que + subjunctive = to tell someone to do something.
health-dentist-01,Health,Dentist & optician,1,1,¿{1:Me va a doler}?,{1:Is it going to hurt}?,
health-dentist-02,Health,Dentist & optician,1,2,{1:Me duele} {2:una muela}.,{2:A back tooth} {1:hurts}.,
health-dentist-03,Health,Dentist & optician,1,2,{1:Necesito} {2:una cita} {3:con el dentista}.,{1:I need} {2:an appointment} {3:with the dentist}.,
health-dentist-04,Health,Dentist & optician,1,2,{1:No} {2:veo} {3:bien} {4:de lejos}.,{2:I can}{1:'t} {2:see} {3:well} {4:at a distance}.,
health-dentist-05,Health,Dentist & optician,1,2,{1:Uso} {2:lentillas}.,{1:I wear} {2:contact lenses}.,
health-dentist-06,Health,Dentist & optician,1,3,{1:Me sangran} {2:las encías}.,{2:My gums} {1:are bleeding}.,
health-dentist-07,Health,Dentist & optician,1,3,{1:Tiene} {2:una caries}.,{1:You have} {2:a cavity}.,
health-dentist-08,Health,Dentist & optician,1,3,{1:Le voy a poner} {2:anestesia}.,{1:I'm going to give you} {2:an anaesthetic}.,
health-dentist-09,Health,Dentist & optician,2,1,"{1:Abra} {2:la boca}, {3:por favor}.","{1:Open} {2:your mouth}, {3:please}.",
health-dentist-10,Health,Dentist & optician,2,1,{1:Se me ha roto} {2:un diente}.,{1:I've broken} {2:a tooth}.,
health-dentist-11,Health,Dentist & optician,2,1,{1:Se me han roto} {2:las gafas}.,{1:I've broken} {2:my glasses}.,
health-dentist-12,Health,Dentist & optician,2,1,¿{1:Cuándo} {2:estarán listas}?,{1:When} {2:will they be ready}?,listas is feminine to match las gafas.
health-dentist-13,Health,Dentist & optician,3,2,{1:Necesito} {2:unas gafas} {3:que} {4:sirvan} {5:para leer} {6:y} {7:para conducir}.,{1:I need} {2:glasses} {3:that} {4:work} {5:for reading} {6:and} {7:for driving}.,
health-dentist-14,Health,Dentist & optician,3,2,{1:Le aconsejo} que {2:se cepille} {3:los dientes} {4:después de cada comida}.,{1:I advise you} {2:to brush} {3:your teeth} {4:after every meal}.,
health-dentist-15,Health,Dentist & optician,3,3,"{1:Si} {2:hubiera venido} {3:antes}, {4:no} {5:habríamos tenido que} {6:sacarle} {7:la muela}.","{1:If} {2:you'd come} {3:sooner}, {5:we would}{4:n't} {5:have had to} {6:take out} {7:the tooth}.",
health-emergency-01,Health,At A&E,1,1,{1:No} {2:puede} {3:respirar} {4:bien}.,{2:He can}{1:'t} {3:breathe} {4:properly}.,
health-emergency-02,Health,At A&E,1,2,{1:Es} {2:una urgencia}.,{1:It's} {2:an emergency}.,
health-emergency-03,Health,At A&E,1,2,{1:Me duele} {2:mucho} {3:el pecho}.,{3:My chest} {2:really} {1:hurts}.,
health-emergency-04,Health,At A&E,1,2,¿{1:Dónde} {2:está} {3:urgencias}?,{1:Where}{2:'s} {3:A&E}?,
health-emergency-05,Health,At A&E,1,3,{1:Está} {2:inconsciente}.,{1:She's} {2:unconscious}.,
health-emergency-06,Health,At A&E,1,3,{1:Tiene} {2:alergia} {3:a las picaduras de abeja}.,{1:He's} {2:allergic} {3:to bee stings}.,Literally 'he has allergy to bee stings'.
health-emergency-07,Health,At A&E,2,1,{1:Llevamos} {2:tres horas} {3:esperando}.,{1:We've been} {3:waiting} {1:for} {2:three hours}.,
health-emergency-08,Health,At A&E,2,2,{1:Se cayó} {2:de la escalera}.,{1:He fell} {2:off the ladder}.,
health-emergency-09,Health,At A&E,2,2,{1:Ha perdido} {2:mucha sangre}.,{1:He's lost} {2:a lot of blood}.,
health-emergency-10,Health,At A&E,2,3,{1:Creo} que {2:se ha roto} {3:la muñeca}.,{1:I think} {2:she's broken} {3:her wrist}.,
health-emergency-11,Health,At A&E,2,3,{1:Le han puesto} {2:puntos} {3:en la frente}.,{1:They've given him} {2:stitches} {3:in his forehead}.,
health-emergency-12,Health,At A&E,2,3,{1:Le hicieron} {2:un TAC} {3:para descartar} {4:una fractura}.,{1:They did} {2:a CT scan} {3:to rule out} {4:a fracture}.,
health-emergency-13,Health,At A&E,3,2,{1:No} {2:le dé} {3:nada} {4:de beber} {5:hasta que} {6:lo vea} {7:el médico}.,{1:Don't} {2:give him} {3:anything} {4:to drink} {5:until} {7:the doctor} {6:sees him}.,
health-emergency-14,Health,At A&E,3,2,"{1:Si} {2:no} {3:hubiera llegado} {4:la ambulancia} {5:a tiempo}, {6:podría haber muerto}.","{1:If} {4:the ambulance} {3:had}{2:n't} {3:arrived} {5:in time}, {6:he could have died}.",
health-emergency-15,Health,At A&E,3,3,{1:Es necesario} que {2:se quede} {3:en observación} {4:esta noche}.,{1:She needs} {2:to stay} {3:in for observation} {4:tonight}.,
health-wellbeing-01,Health,Mental wellbeing,1,1,{1:Estoy} {2:muy cansad[o|a]} {3:últimamente}.,{1:I've been} {2:very tired} {3:lately}.,
health-wellbeing-02,Health,Mental wellbeing,1,1,{1:Necesito} {2:hablar} {3:con alguien}.,{1:I need} {2:to talk} {3:to someone}.,
health-wellbeing-03,Health,Mental wellbeing,1,2,{1:No} {2:tengo ganas de} {3:nada}.,{2:I} {1:don't} {2:feel like} {3:doing anything}.,tener ganas de = to feel like.
health-wellbeing-04,Health,Mental wellbeing,1,2,{1:Me cuesta} {2:concentrarme}.,{1:I find it hard} {2:to concentrate}.,
health-wellbeing-05,Health,Mental wellbeing,1,2,{1:Hago} {2:meditación} {3:todas las mañanas}.,{1:I} {2:meditate} {3:every morning}.,
health-wellbeing-06,Health,Mental wellbeing,1,2,"{1:Desde que} {2:hago ejercicio}, {3:duermo} {4:mejor}.","{1:Since} {2:I've been exercising}, {3:I sleep} {4:better}.",
health-wellbeing-07,Health,Mental wellbeing,1,3,{1:Sufro} {2:de ansiedad}.,{1:I suffer} {2:from anxiety}.,
health-wellbeing-08,Health,Mental wellbeing,1,3,{1:Voy} {2:a terapia} {3:una vez a la semana}.,{1:I go} {2:to therapy} {3:once a week}.,
health-wellbeing-09,Health,Mental wellbeing,1,3,{1:Últimamente} {2:me cuesta} {3:desconectar} {4:del trabajo}.,{1:Lately} {2:I've found it hard} {3:to switch off} {4:from work}.,
health-wellbeing-10,Health,Mental wellbeing,2,1,{1:Ayer} {2:no} {3:pude} {4:levantarme} {5:de la cama}.,{1:Yesterday} {3:I could}{2:n't} {4:get out} {5:of bed}.,
health-wellbeing-11,Health,Mental wellbeing,2,2,{1:Me he dado cuenta de} que {2:necesito} {3:descansar}.,{1:I've realised} {2:I need} {3:to rest}.,
health-wellbeing-12,Health,Mental wellbeing,3,1,{1:Es normal} que {2:te sientas} {3:así}.,{1:It's normal} {2:to feel} {3:like that}.,
health-wellbeing-13,Health,Mental wellbeing,3,2,{1:No} {2:te sientas} {3:culpable}.,{1:Don't} {2:feel} {3:guilty}.,
health-wellbeing-14,Health,Mental wellbeing,3,2,{1:Me ayuda} {2:mucho} que {3:me escuches} {4:sin juzgarme}.,{1:It} {2:really} {1:helps me} {3:when you listen} {4:without judging me}.,
health-wellbeing-15,Health,Mental wellbeing,3,2,{1:Te sugiero} que {2:pidas} {3:cita} {4:con un especialista}.,{1:I suggest} {2:you make} {3:an appointment} {4:with a specialist}.,
health-wellbeing-16,Health,Mental wellbeing,3,2,"{1:Si} {2:hubiera pedido} {3:ayuda} {4:antes}, {5:no} {6:habría llegado} {7:a este punto}.","{1:If} {2:I'd asked} {3:for help} {4:sooner}, {6:I would}{5:n't} {6:have got} {7:to this point}.",
health-lifestyle-01,Health,Healthy living,1,1,{1:Como} {2:mucha fruta}.,{1:I eat} {2:a lot of fruit}.,
health-lifestyle-02,Health,Healthy living,1,1,{1:Bebo} {2:dos litros de agua} {3:al día}.,{1:I drink} {2:two litres of water} {3:a day}.,
health-lifestyle-03,Health,Healthy living,1,1,{1:Camino} {2:una hora} {3:todos los días}.,{1:I walk} {2:for an hour} {3:every day}.,
health-lifestyle-04,Health,Healthy living,1,1,{1:Intento} {2:dormir} {3:ocho horas}.,{1:I try} {2:to sleep} {3:eight hours}.,
health-lifestyle-05,Health,Healthy living,1,2,{1:Estoy} {2:a dieta}.,{1:I'm} {2:on a diet}.,
health-lifestyle-06,Health,Healthy living,1,3,{1:Evito} {2:los alimentos procesados}.,{1:I avoid} {2:processed food}.,
health-lifestyle-07,Health,Healthy living,1,3,"{1:Aunque} {2:me cuesta}, {3:intento} {4:no} {5:picar} {6:entre horas}.","{1:Although} {2:it's hard}, {3:I try} {4:not} {5:to snack} {6:between meals}.",
health-lifestyle-08,Health,Healthy living,2,1,{1:Fumaba} {2:mucho}.,{1:I used to smoke} {2:a lot}.,
health-lifestyle-09,Health,Healthy living,2,1,{1:Deberías} {2:comer} {3:menos azúcar}.,{1:You should} {2:eat} {3:less sugar}.,
health-lifestyle-10,Health,Healthy living,2,2,{1:He dejado de fumar}.,{1:I've given up smoking}.,
health-lifestyle-11,Health,Healthy living,2,3,{1:Me han recomendado} {2:reducir} {3:la sal}.,{1:I've been advised} {2:to cut down on} {3:salt}.,
health-lifestyle-12,Health,Healthy living,3,1,"{1:Si} {2:durmiera} {3:más}, {4:tendría} {5:más energía}.","{1:If} {2:I slept} {3:more}, {4:I'd have} {5:more energy}.",
health-lifestyle-13,Health,Healthy living,3,2,{1:Es importante} que {2:hagas} {3:ejercicio} {4:con regularidad}.,{1:It's important} {2:that you} {3:exercise} {4:regularly}.,
health-lifestyle-14,Health,Healthy living,3,3,{1:Mi médico} {2:quiere} que {3:me haga} {4:un chequeo} {5:cada año}.,{1:My doctor} {2:wants} {3:me to have} {4:a check-up} {5:every year}.,
health-hospital-01,Health,In hospital,1,1,{1:Vengo} {2:a ver} a {3:mi padre}.,{1:I've come} {2:to see} {3:my father}.,
health-hospital-02,Health,In hospital,1,1,¿{1:En qué habitación} {2:está}?,{1:Which room} {2:is he in}?,
health-hospital-03,Health,In hospital,1,2,¿{1:Cuál es} {2:el horario} {3:de visitas}?,{1:What are} {2:the} {3:visiting} {2:hours}?,
health-hospital-04,Health,In hospital,1,2,{1:Mañana} {2:le operan}.,{1:Tomorrow} {2:he's having an operation}.,Literally 'tomorrow they operate on him'.
health-hospital-05,Health,In hospital,1,3,{1:Está} {2:en la UCI}.,{1:He's} {2:in intensive care}.,
health-hospital-06,Health,In hospital,1,3,{1:Le van a dar} {2:el alta} {3:el lunes}.,{1:He's going to be} {2:discharged} {3:on Monday}.,dar el alta = to discharge (from hospital).
health-hospital-07,Health,In hospital,2,1,{1:Ha pasado} {2:buena noche}.,{1:He's had} {2:a good night}.,
health-hospital-08,Health,In hospital,2,1,{1:Avísenme} {2:si} {3:hay} {4:algún cambio}.,{1:Let me know} {2:if} {3:there's} {4:any change}.,Avísenme is a command to ustedes.
health-hospital-09,Health,In hospital,2,2,{1:La operación} {2:salió} {3:bien}.,{1:The operation} {2:went} {3:well}.,
health-hospital-10,Health,In hospital,2,2,{1:Lo trasladaron} {2:a otro hospital}.,{1:They moved him} {2:to another hospital}.,
health-hospital-11,Health,In hospital,2,3,{1:Le han puesto} {2:un gotero}.,{1:They've put him on} {2:a drip}.,
health-hospital-12,Health,In hospital,2,3,"{1:Gracias a que} {2:lo detectaron} {3:a tiempo}, {4:el pronóstico} {5:es} {6:bueno}.","{1:Because} {2:they caught it} {3:in time}, {4:the prognosis} {5:is} {6:good}.",
health-hospital-13,Health,In hospital,3,2,{1:Espero} que {2:se recupere} {3:pronto}.,{1:I hope} {2:he recovers} {3:soon}.,
health-hospital-14,Health,In hospital,3,2,{1:El médico} {2:nos dijo} que {3:tendría que} {4:quedarse} {5:una semana}.,{1:The doctor} {2:told us} {3:he'd have to} {4:stay} {5:a week}.,
health-hospital-15,Health,In hospital,3,3,{1:No} {2:se le permite} {3:comer} {4:nada} {5:hasta que} {6:pasen} {7:los efectos} {8:de la anestesia}.,{2:He's} {1:not} {2:allowed} {3:to eat} {4:anything} {5:until} {7:the effects} {8:of the anaesthetic} {6:wear off}.,
health-physio-01,Health,Physio & injuries,1,2,{1:Me duele} {2:el hombro} {3:al levantar el brazo}.,{2:My shoulder} {1:hurts} {3:when I lift my arm}.,
health-physio-02,Health,Physio & injuries,1,2,{1:Tengo} {2:una lesión} {3:en la rodilla}.,{1:I've got} {2:a} {3:knee} {2:injury}.,
health-physio-03,Health,Physio & injuries,1,3,{1:Necesito} {2:fisioterapia}.,{1:I need} {2:physio}.,
health-physio-04,Health,Physio & injuries,1,3,{1:Tengo} {2:una contractura} {3:en el cuello}.,{1:I've got} {2:a knot} {3:in my neck}.,
health-physio-05,Health,Physio & injuries,1,3,{1:Tengo} {2:un esguince} {3:de tobillo}.,{1:I've got} {2:a sprained} {3:ankle}.,
health-physio-06,Health,Physio & injuries,2,1,{1:Llevo} {2:un mes} {3:con este dolor}.,{1:I've had} {3:this pain} {1:for} {2:a month}.,
health-physio-07,Health,Physio & injuries,2,2,{1:Me hice daño} {2:jugando al fútbol}.,{1:I hurt myself} {2:playing football}.,
health-physio-08,Health,Physio & injuries,2,2,{1:Haz} {2:estos ejercicios} {3:dos veces al día}.,{1:Do} {2:these exercises} {3:twice a day}.,
health-physio-09,Health,Physio & injuries,2,2,{1:Ponte} {2:hielo} {3:veinte minutos}.,{1:Put} {2:ice} {1:on it} {3:for twenty minutes}.,
health-physio-10,Health,Physio & injuries,2,3,{1:Me han hecho} {2:una resonancia}.,{1:I've had} {2:an MRI scan}.,
health-physio-11,Health,Physio & injuries,2,3,{1:Me torcí} {2:el tobillo} {3:bajando la escalera}.,{1:I twisted} {2:my ankle} {3:coming down the stairs}.,
health-physio-12,Health,Physio & injuries,3,2,{1:No} {2:hagas} {3:deporte} {4:hasta que} {5:deje de dolerte}.,{1:Don't} {2:do} {3:sport} {4:until} {5:it stops hurting}.,
health-physio-13,Health,Physio & injuries,3,2,"{1:Si} {2:hubiera hecho} {3:los ejercicios}, {4:ya} {5:estaría recuperad[o|a]}.","{1:If} {2:I'd done} {3:the exercises}, {5:I'd} {4:already} {5:have recovered}.",
health-physio-14,Health,Physio & injuries,3,3,{1:El fisio} {2:me recomendó} que {3:nadara} {4:para fortalecer} {5:la espalda}.,{1:The physio} {2:recommended} {3:I swim} {4:to strengthen} {5:my back}.,
health-physio-15,Health,Physio & injuries,3,3,{1:Es posible} que {2:necesites} {3:una infiltración}.,{2:You} {1:may} {2:need} {3:a steroid injection}.,
health-optician-01,Health,At the optician,1,1,{1:Llevo} {2:gafas}.,{1:I wear} {2:glasses}.,
health-optician-02,Health,At the optician,1,2,{1:Me cuesta} {2:leer} {3:la letra pequeña}.,{1:I find it hard} {2:to read} {3:small print}.,
health-optician-03,Health,At the optician,1,2,¿{1:Cuánto} {2:cuesta} {3:la revisión}?,{1:How much} {2:is} {3:the check-up}?,
health-optician-04,Health,At the optician,1,2,{1:Tengo} {2:los ojos} {3:muy secos}.,{1:I've got} {3:very dry} {2:eyes}.,
health-optician-05,Health,At the optician,1,3,{1:Me gustan} {2:estas monturas}.,{1:I like} {2:these frames}.,
health-optician-06,Health,At the optician,2,1,{1:Mire} {2:aquí} {3:y} {4:lea} {5:las letras}.,{1:Look} {2:here} {3:and} {4:read} {5:the letters}.,
health-optician-07,Health,At the optician,2,2,{1:Me cambié} {2:de óptica} {3:el año pasado}.,{1:I switched} {2:opticians} {3:last year}.,
health-optician-08,Health,At the optician,2,2,{1:Hace tiempo} que {2:me duelen} {3:los ojos} {4:al leer}.,{1:For a while now} {3:my eyes} {2:have hurt} {4:when I read}.,
health-optician-09,Health,At the optician,2,2,{1:Tardarán} {2:una semana} {3:en hacerme} {4:las gafas}.,{1:It'll take} {2:a week} {3:to make} {4:my glasses}.,
health-optician-10,Health,At the optician,2,3,{1:Quiero} {2:graduarme} {3:la vista}.,{1:I'd like} {2:to have} {3:my eyes tested}.,
health-optician-11,Health,At the optician,2,3,{1:Me han subido} {2:la graduación}.,{2:My prescription} {1:has gone up}.,
health-optician-12,Health,At the optician,2,3,{1:Quisiera} {2:unas gafas de sol} {3:graduadas}.,{1:I'd like} {3:prescription} {2:sunglasses}.,
health-optician-13,Health,At the optician,3,2,{1:No} {2:te frotes} {3:los ojos}.,{1:Don't} {2:rub} {3:your eyes}.,
health-optician-14,Health,At the optician,3,2,{1:Me recomendó} que {2:usara} {3:gafas} {4:para conducir}.,{1:She advised me} {2:to wear} {3:glasses} {4:for driving}.,
health-optician-15,Health,At the optician,3,3,"{1:Si} {2:no} {3:pasara} {4:tantas horas} {5:delante del ordenador}, {6:no} {7:tendría} {8:la vista tan cansada}.","{1:If} {3:I did}{2:n't} {3:spend} {4:so many hours} {5:in front of the computer}, {7:my eyes would}{6:n't} {7:be} {8:so tired}.",
health-allergies-01,Health,Allergies & long-term conditions,1,2,{1:Tengo} {2:alergia al polen}.,{1:I've got} {2:hay fever}.,
health-allergies-02,Health,Allergies & long-term conditions,1,2,{1:Soy} {2:diabétic[o|a]}.,{1:I'm} {2:diabetic}.,
health-allergies-03,Health,Allergies & long-term conditions,1,2,{1:Tengo} {2:asma}.,{1:I have} {2:asthma}.,
health-allergies-04,Health,Allergies & long-term conditions,1,2,{1:En primavera} {2:estornudo} {3:sin parar}.,{1:In spring} {2:I sneeze} {3:non-stop}.,
health-allergies-05,Health,Allergies & long-term conditions,1,3,{1:Siempre} {2:llevo} {3:el inhalador}.,{2:I} {1:always} {2:carry} {3:my inhaler}.,
health-allergies-06,Health,Allergies & long-term conditions,1,3,{1:Tengo} {2:intolerancia} {3:a la lactosa}.,{1:I'm} {3:lactose} {2:intolerant}.,
health-allergies-07,Health,Allergies & long-term conditions,1,3,{1:Me pincho} {2:insulina} {3:dos veces al día}.,{1:I inject} {2:insulin} {3:twice a day}.,
health-allergies-08,Health,Allergies & long-term conditions,2,2,{1:Llevo} {2:años} {3:con migrañas}.,{1:I've had} {3:migraines} {1:for} {2:years}.,
health-allergies-09,Health,Allergies & long-term conditions,2,2,"{1:Si} {2:me desmayo}, {3:llama} a {4:una ambulancia}.","{1:If} {2:I faint}, {3:call} {4:an ambulance}.",
health-allergies-10,Health,Allergies & long-term conditions,2,3,{1:Me lo diagnosticaron} {2:hace} {3:cinco años}.,{1:I was diagnosed} {3:five years} {2:ago}.,
health-allergies-11,Health,Allergies & long-term conditions,2,3,{1:Tuve} {2:una reacción alérgica} {3:a un medicamento}.,{1:I had} {2:an allergic reaction} {3:to a medicine}.,
health-allergies-12,Health,Allergies & long-term conditions,2,3,{1:Tómate} {2:un antihistamínico}.,{1:Take} {2:an antihistamine}.,
health-allergies-13,Health,Allergies & long-term conditions,3,2,{1:Es importante} que {2:sepas} {3:qué hacer} {4:si} {5:tengo} {6:un ataque}.,{1:It's important} {2:you know} {3:what to do} {4:if} {5:I have} {6:an attack}.,
health-allergies-14,Health,Allergies & long-term conditions,3,3,{1:Asegúrate de} que {2:no} {3:lleve} {4:cacahuetes}.,{1:Make sure} {3:it does}{2:n't} {3:contain} {4:peanuts}.,
health-allergies-15,Health,Allergies & long-term conditions,3,3,"{1:Aunque} {2:me encuentre} {3:bien}, {4:no} {5:puedo} {6:dejar} {7:la medicación}.","{1:Even if} {2:I feel} {3:fine}, {5:I can}{4:'t} {6:stop taking} {7:my medication}.",
travel-airport-01,Travel,At the airport,1,1,{1:Aquí} {2:está} {3:mi pasaporte}.,{1:Here}{2:'s} {3:my passport}.,
travel-airport-09,Travel,At the airport,1,1,{1:Mi vuelo} {2:sale} {3:a las seis}.,{1:My flight} {2:leaves} {3:at six}.,
travel-airport-10,Travel,At the airport,1,1,¿{1:Dónde} {2:está} {3:la terminal dos}?,{1:Where}{2:'s} {3:terminal two}?,
travel-airport-02,Travel,At the airport,1,2,{1:Solo} {2:llevo} {3:equipaje de mano}.,{2:I've} {1:only} {2:got} {3:hand luggage}.,"llevar = to carry, to have with you."
travel-airport-03,Travel,At the airport,1,2,¿{1:Dónde} {2:facturo} {3:la maleta}?,{1:Where} {2:do I check in} {3:my suitcase}?,
travel-airport-04,Travel,At the airport,1,2,{1:Quiero} {2:un asiento} {3:de pasillo}.,{1:I'd like} {2:an} {3:aisle} {2:seat}.,Literally 'a seat of aisle'.
travel-airport-05,Travel,At the airport,1,2,¿{1:De qué puerta} {2:sale} {3:el vuelo}?,{1:Which gate} {2:does} {3:the flight} {2:leave} {1:from}?,Spanish puts the preposition first: 'from which gate'.
travel-airport-11,Travel,At the airport,1,2,{1:Quiero} {2:un asiento} {3:de ventanilla}.,{1:I'd like} {2:a} {3:window} {2:seat}.,
travel-airport-12,Travel,At the airport,1,2,{1:Llevo} {2:líquidos} {3:en la maleta de mano}.,{1:I've got} {2:liquids} {3:in my hand luggage}.,
travel-airport-13,Travel,At the airport,1,2,¿{1:Está a tiempo} {2:el vuelo}?,{1:Is} {2:the flight} {1:on time}?,
travel-airport-14,Travel,At the airport,1,2,{1:Tengo} {2:la tarjeta de embarque} {3:en el móvil}.,{1:I've got} {2:my boarding pass} {3:on my phone}.,
travel-airport-06,Travel,At the airport,1,3,{1:Tengo} {2:una escala} {3:de dos horas} {4:en Lisboa}.,{1:I have} {2:a} {3:two-hour} {2:layover} {4:in Lisbon}.,
travel-airport-15,Travel,At the airport,1,3,{1:Mi maleta} {2:pesa} {3:veinticinco kilos}.,{1:My suitcase} {2:weighs} {3:twenty-five kilos}.,
travel-airport-16,Travel,At the airport,1,3,{1:Tengo que} {2:pasar} {3:el control de seguridad}.,{1:I have to} {2:go through} {3:security}.,
travel-airport-17,Travel,At the airport,1,3,{1:El embarque} {2:empieza} {3:a las cinco y media}.,{1:Boarding} {2:starts} {3:at half past five}.,
travel-airport-18,Travel,At the airport,2,1,{1:Ya} {2:he facturado}.,{2:I've} {1:already} {2:checked in}.,
travel-airport-07,Travel,At the airport,2,2,{1:Me han dicho} que {2:el vuelo} {3:está} {4:retrasado}.,{1:They've told me} {2:the flight} {3:is} {4:delayed}.,
travel-airport-19,Travel,At the airport,2,2,{1:Quítese} {2:el cinturón} {3:y} {4:los zapatos}.,{1:Take off} {2:your belt} {3:and} {4:shoes}.,
travel-airport-20,Travel,At the airport,2,2,{1:Han cambiado} {2:la puerta de embarque}.,{1:They've changed} {2:the gate}.,
travel-airport-21,Travel,At the airport,2,3,{1:Me han hecho} {2:abrir} {3:la maleta}.,{1:They made me} {2:open} {3:my suitcase}.,
travel-airport-22,Travel,At the airport,2,3,{1:El vuelo} {2:ha aterrizado} {3:con antelación}.,{1:The flight} {2:has landed} {3:early}.,
travel-airport-08,Travel,At the airport,3,2,"{1:Por si acaso}, {2:llega} {3:al aeropuerto} {4:dos horas antes} de que {5:salga} {6:el vuelo}.","{1:Just in case}, {2:get} {3:to the airport} {4:two hours before} {6:the flight} {5:leaves}.",antes de que always takes the subjunctive.
travel-airport-23,Travel,At the airport,3,2,{1:No} {2:dejes} {3:la maleta} {4:sola}.,{1:Don't} {2:leave} {3:your suitcase} {4:unattended}.,
travel-airport-24,Travel,At the airport,3,3,"{1:Si} {2:hubiera facturado} {3:por internet}, {4:me habría ahorrado} {5:la cola}.","{1:If} {2:I'd checked in} {3:online}, {4:I'd have saved myself} {5:the queue}.",
travel-airport-25,Travel,At the airport,3,3,{1:Me pidieron} que {2:pagara} {3:el exceso de equipaje}.,{1:They asked me} {2:to pay} {3:for excess baggage}.,
travel-problems-02,Travel,Delays & problems,1,1,{1:Es} {2:negra} {3:y} {4:bastante grande}.,{1:It's} {2:black} {3:and} {4:quite big}.,negra ends in -a to match la maleta.
travel-problems-08,Travel,Delays & problems,1,1,{1:Mi vuelo} {2:llega} {3:tarde}.,{1:My flight} {2:is arriving} {3:late}.,
travel-problems-03,Travel,Delays & problems,1,2,{1:El vuelo} {2:está cancelado}. ¿{3:Qué} {4:hago} {5:ahora}?,{1:The flight} {2:is cancelled}. {3:What} {4:do I do} {5:now}?,
travel-problems-09,Travel,Delays & problems,1,2,¿{1:Hay} {2:otro vuelo} {3:hoy}?,{1:Is there} {2:another flight} {3:today}?,
travel-problems-11,Travel,Delays & problems,1,2,{1:Necesito} {2:un hotel} {3:para esta noche}.,{1:I need} {2:a hotel} {3:for tonight}.,
travel-problems-12,Travel,Delays & problems,1,2,{1:La maleta} {2:tiene} {3:una cinta roja}.,{1:The suitcase} {2:has} {3:a red ribbon} {2:on it}.,
travel-problems-04,Travel,Delays & problems,1,3,¿{1:Tengo derecho a} {2:una indemnización}?,{1:Am I entitled to} {2:compensation}?,Literally 'do I have the right to...?'
travel-problems-13,Travel,Delays & problems,1,3,{1:El tren} {2:lleva} {3:una hora} {4:parado}.,{1:The train} {2:has been} {4:stopped} {3:for an hour}.,
travel-problems-14,Travel,Delays & problems,1,3,{1:Quiero} {2:poner} {3:una reclamación}.,{1:I'd like} {2:to make} {3:a complaint}.,
travel-problems-15,Travel,Delays & problems,1,3,¿{1:Me} {2:pagan} {3:la comida} {4:mientras espero}?,{2:Will you pay for} {1:my} {3:meals} {4:while I wait}?,
travel-problems-01,Travel,Delays & problems,2,1,{1:Mi maleta} {2:no} {3:ha llegado}.,{1:My suitcase} {3:has}{2:n't} {3:arrived}.,
travel-problems-05,Travel,Delays & problems,2,2,{1:Perdí} {2:el vuelo} {3:de conexión} {4:porque} {5:el primero} {6:salió} {7:tarde}.,{1:I missed} {2:my} {3:connecting} {2:flight} {4:because} {5:the first one} {6:left} {7:late}.,
travel-problems-10,Travel,Delays & problems,2,2,¿{1:Dónde} {2:se reclaman} {3:las maletas perdidas}?,{1:Where} {2:do you report} {3:lost luggage}?,
travel-problems-16,Travel,Delays & problems,2,2,{1:Nos han cambiado} {2:el vuelo} {3:sin avisar}.,{1:They've changed} {2:our flight} {3:without telling us}.,
travel-problems-17,Travel,Delays & problems,2,2,{1:Me quedé} {2:tirad[o|a]} {3:en Madrid} {4:toda la noche}.,{1:I was} {2:stranded} {3:in Madrid} {4:all night}.,
travel-problems-18,Travel,Delays & problems,2,2,{1:Rellené} {2:el formulario} {3:en el mostrador}.,{1:I filled in} {2:the form} {3:at the desk}.,
travel-problems-19,Travel,Delays & problems,2,3,{1:Nos alojaron} {2:en un hotel} {3:junto al aeropuerto}.,{1:They put us up} {2:in a hotel} {3:next to the airport}.,
travel-problems-20,Travel,Delays & problems,2,3,{1:La maleta} {2:llegó} {3:con una rueda rota}.,{1:The suitcase} {2:arrived} {3:with a broken wheel}.,
travel-problems-21,Travel,Delays & problems,2,3,{1:Me reembolsarán} {2:el billete} {3:en un plazo de siete días}.,{1:They'll refund} {2:my ticket} {3:within seven days}.,
travel-problems-06,Travel,Delays & problems,3,2,"{1:Si} {2:me hubieran avisado} {3:antes}, {4:habría cambiado} {5:el vuelo}.","{1:If} {2:they'd told me} {3:earlier}, {4:I'd have changed} {5:my flight}.","A past 'if': pluperfect subjunctive, then the conditional perfect."
travel-problems-22,Travel,Delays & problems,3,2,{1:Es imprescindible} que {2:llegue} {3:mañana}; {4:tengo} {5:una boda}.,{1:It's essential} {2:that I arrive} {3:tomorrow}; {4:I've got} {5:a wedding}.,
travel-problems-23,Travel,Delays & problems,3,2,{1:Exijo} que {2:me den} {3:una solución}.,{1:I demand} {2:you give me} {3:a solution}.,
travel-problems-07,Travel,Delays & problems,3,3,{1:La aerolínea} {2:me pidió} que {3:presentara} {4:un justificante} {5:de los gastos} {6:antes de} {7:reembolsarme}.,{1:The airline} {2:asked me} {3:to provide} {4:proof} {5:of my expenses} {6:before} {7:reimbursing me}.,pedir que + imperfect subjunctive: a reported request.
travel-problems-24,Travel,Delays & problems,3,3,"{1:Para cuando} {2:llegue} {3:la maleta}, {4:ya} {5:me habré ido}.","{1:By the time} {3:the suitcase} {2:arrives}, {5:I'll} {4:already} {5:have left}.",
travel-problems-25,Travel,Delays & problems,3,3,{1:Me dijeron} que {2:me la entregarían} {3:en el hotel} {4:al día siguiente}.,{1:They told me} {2:they'd deliver it} {3:to the hotel} {4:the next day}.,
travel-planning-01,Travel,Planning a trip,1,1,¿{1:Cuánto} {2:cuesta} {3:el vuelo}?,{1:How much} {2:is} {3:the flight}?,
travel-planning-02,Travel,Planning a trip,1,1,{1:Vamos a} {2:ir} {3:en tren}.,{1:We're going to} {2:go} {3:by train}.,
travel-planning-03,Travel,Planning a trip,1,2,{1:Queremos} {2:ir} {3:a la costa} {4:en agosto}.,{1:We want} {2:to go} {3:to the coast} {4:in August}.,
travel-planning-04,Travel,Planning a trip,1,2,{1:Necesito} {2:renovar} {3:el pasaporte}.,{1:I need} {2:to renew} {3:my passport}.,
travel-planning-05,Travel,Planning a trip,1,2,¿{1:Hace falta} {2:visado}?,{1:Do I need} {2:a visa}?,
travel-planning-06,Travel,Planning a trip,1,3,{1:Prefiero} {2:un vuelo} {3:sin escalas}.,{1:I'd prefer} {2:a} {3:non-stop} {2:flight}.,
travel-planning-07,Travel,Planning a trip,2,1,{1:El año pasado} {2:fuimos} {3:a Italia}.,{1:Last year} {2:we went} {3:to Italy}.,
travel-planning-08,Travel,Planning a trip,2,2,{1:Ya} {2:he reservado} {3:el alojamiento}.,{2:I've} {1:already} {2:booked} {3:the accommodation}.,
travel-planning-09,Travel,Planning a trip,2,2,{1:Saldremos} {2:temprano} {3:para evitar} {4:el tráfico}.,{1:We'll leave} {2:early} {3:to avoid} {4:the traffic}.,saldremos = future of salir.
travel-planning-10,Travel,Planning a trip,2,2,{1:Me gustaría} {2:hacer} {3:una excursión} {4:de un día}.,{1:I'd like} {2:to do} {3:a} {4:day} {3:trip}.,
travel-planning-11,Travel,Planning a trip,2,3,{1:Contratamos} {2:un seguro de viaje} {3:por si acaso}.,{1:We took out} {2:travel insurance} {3:just in case}.,
travel-planning-12,Travel,Planning a trip,3,1,"{1:Si} {2:tuviéramos} {3:más días}, {4:visitaríamos} {5:también} {6:el norte}.","{1:If} {2:we had} {3:more days}, {4:we'd} {5:also} {4:visit} {6:the north}.",
travel-planning-13,Travel,Planning a trip,3,2,"{1:Cuando} {2:tengamos} {3:vacaciones}, {4:iremos} {5:a la montaña}.","{1:When} {2:we have} {3:a holiday}, {4:we'll go} {5:to the mountains}.",
travel-planning-14,Travel,Planning a trip,3,3,"{1:Prefiero} que {2:vayamos} {3:en temporada baja}, {4:cuando} {5:hay} {6:menos gente}.","{1:I'd rather} {2:we went} {3:in the low season}, {4:when} {5:there are} {6:fewer people}.",
travel-planning-15,Travel,Planning a trip,3,3,"{1:Antes de} {2:reservar}, {3:conviene} {4:asegurarse de} {5:que} {6:el pasaporte} {7:no} {8:caduque} {9:pronto}.","{1:Before} {2:booking}, {3:it's worth} {4:making sure} {5:that} {6:your passport} {8:does}{7:n't} {8:expire} {9:soon}.",
travel-sightseeing-01,Travel,Sightseeing,1,1,¿{1:A qué hora} {2:abre} {3:el museo}?,{1:What time} {2:does} {3:the museum} {2:open}?,
travel-sightseeing-02,Travel,Sightseeing,1,1,"¿{1:Nos} {2:hace} {3:una foto}, {4:por favor}?","{2:Could you take} {3:a photo} {1:of us}, {4:please}?",
travel-sightseeing-03,Travel,Sightseeing,1,1,¿{1:Qué} {2:nos recomienda} {3:ver}?,{1:What} {2:would you recommend} {3:seeing}?,
travel-sightseeing-04,Travel,Sightseeing,1,2,"{1:Dos entradas}, {2:por favor}.","{1:Two tickets}, {2:please}.",
travel-sightseeing-05,Travel,Sightseeing,1,2,¿{1:Hay} {2:visitas guiadas} {3:en inglés}?,{1:Are there} {2:guided tours} {3:in English}?,
travel-sightseeing-06,Travel,Sightseeing,1,2,{1:Esta iglesia} {2:es} {3:del siglo doce}.,{1:This church} {2:is} {3:from the twelfth century}.,
travel-sightseeing-07,Travel,Sightseeing,1,2,{1:La entrada} {2:es gratuita} {3:los domingos}.,{1:Entry} {2:is free} {3:on Sundays}.,
travel-sightseeing-08,Travel,Sightseeing,1,3,{1:El casco antiguo} {2:es} {3:patrimonio de la humanidad}.,{1:The old town} {2:is} {3:a World Heritage Site}.,
travel-sightseeing-09,Travel,Sightseeing,2,1,¿{1:Se pueden} {2:hacer fotos}?,{1:Can you} {2:take photos}?,
travel-sightseeing-10,Travel,Sightseeing,2,2,{1:Fuimos} {2:a ver} {3:la catedral} {4:ayer}.,{1:We went} {2:to see} {3:the cathedral} {4:yesterday}.,
travel-sightseeing-11,Travel,Sightseeing,2,2,{1:El puente} {2:fue construido} {3:en el siglo dieciséis}.,{1:The bridge} {2:was built} {3:in the sixteenth century}.,"ser + participle: the passive, common in history and guidebooks."
travel-sightseeing-12,Travel,Sightseeing,2,3,{1:Nos perdimos} {2:buscando} {3:el mirador}.,{1:We got lost} {2:looking for} {3:the viewpoint}.,
travel-sightseeing-13,Travel,Sightseeing,3,1,{1:Es una pena} que {2:esté cerrado} {3:hoy}.,{1:It's a shame} {2:it's closed} {3:today}.,
travel-sightseeing-14,Travel,Sightseeing,3,2,"{1:Si} {2:hubiéramos reservado} {3:con antelación}, {4:no} {5:habríamos tenido que} {6:hacer cola}.","{1:If} {2:we'd booked} {3:in advance}, {5:we would}{4:n't} {5:have had to} {6:queue}.",
travel-sightseeing-15,Travel,Sightseeing,3,3,{1:El guía} {2:nos explicó} que {3:el palacio} {4:había sido} {5:la residencia} {6:de los reyes}.,{1:The guide} {2:explained to us} {3:the palace} {4:had been} {5:the residence} {6:of the royal family}.,
travel-beach-01,Travel,At the beach,1,1,{1:Hace} {2:un día} {3:perfecto} {4:para la playa}.,{1:It's} {2:a} {3:perfect} {2:day} {4:for the beach}.,
travel-beach-02,Travel,At the beach,1,1,{1:El agua} {2:está} {3:fría}.,{1:The water} {2:is} {3:cold}.,"agua is feminine (fría), but takes el to avoid two stressed a sounds."
travel-beach-03,Travel,At the beach,1,1,¿{1:Vamos} {2:a nadar}?,{1:Shall we} {2:go for a swim}?,
travel-beach-04,Travel,At the beach,1,2,{1:Hay} {2:muchas olas} {3:hoy}.,{1:There are} {2:lots of waves} {3:today}.,
travel-beach-05,Travel,At the beach,1,3,{1:Dicen} que {2:hay} {3:medusas} {4:en esta playa}.,{1:They say} {2:there are} {3:jellyfish} {4:on this beach}.,
travel-beach-06,Travel,At the beach,2,1,"{1:Cuando} {2:era} {3:pequeñ[o|a]}, {4:íbamos} {5:a la playa} {6:todos los veranos}.","{1:When} {2:I was} {3:little}, {4:we used to go} {5:to the beach} {6:every summer}.",
travel-beach-07,Travel,At the beach,2,2,{1:Ponte} {2:crema solar}.,{1:Put on} {2:some sun cream}.,
travel-beach-08,Travel,At the beach,2,2,¿{1:Se puede} {2:alquilar} {3:una sombrilla}?,{1:Can you} {2:hire} {3:a parasol}?,
travel-beach-09,Travel,At the beach,2,2,{1:Me he quemado} {2:la espalda}.,{1:I've burnt} {2:my back}.,
travel-beach-10,Travel,At the beach,2,2,{1:Me he dejado} {2:el bañador} {3:en el hotel}.,{1:I've left} {2:my swimming costume} {3:at the hotel}.,
travel-beach-11,Travel,At the beach,2,2,{1:Vigila} {2:nuestras cosas} {3:mientras} {4:me baño}.,{1:Keep an eye on} {2:our things} {3:while} {4:I go for a swim}.,
travel-beach-12,Travel,At the beach,2,3,{1:Hay} {2:bandera roja}; {3:no} {4:se puede} {5:nadar}.,{1:There's} {2:a red flag}; {5:you} {4:can}{3:'t} {5:swim}.,
travel-beach-13,Travel,At the beach,3,2,{1:No} {2:te bañes} {3:justo después de} {4:comer}.,{1:Don't} {2:go in the water} {3:right after} {4:eating}.,
travel-beach-14,Travel,At the beach,3,2,"{1:Si} {2:no} {3:hiciera} {4:tanto viento}, {5:nos quedaríamos} {6:toda la tarde}.","{1:If} {3:it was}{2:n't} {4:so windy}, {5:we'd stay} {6:all afternoon}.",
travel-beach-15,Travel,At the beach,3,3,{1:El socorrista} {2:nos pidió} que {3:no} {4:nos alejáramos} {5:de la orilla}.,{1:The lifeguard} {2:asked us} {3:not} {4:to go too far} {5:from the shore}.,
travel-roadtrip-01,Travel,Road trip,1,1,{1:Vamos} {2:en coche} {3:hasta Portugal}.,{1:We're going} {3:to Portugal} {2:by car}.,
travel-roadtrip-02,Travel,Road trip,1,1,¿{1:Conduces tú} {2:o} {3:conduzco yo}?,{1:Are you driving} {2:or} {3:am I}?,
travel-roadtrip-03,Travel,Road trip,1,1,¿{1:Cuántos kilómetros} {2:quedan}?,{1:How many kilometres} {2:are left}?,
travel-roadtrip-04,Travel,Road trip,1,1,{1:Paramos} {2:a comer} {3:en el próximo pueblo}.,{1:Let's stop} {2:for lunch} {3:in the next town}.,The present can make a suggestion: 'we stop'.
travel-roadtrip-05,Travel,Road trip,1,2,{1:Hay que} {2:echar gasolina}.,{1:We need to} {2:get petrol}.,
travel-roadtrip-06,Travel,Road trip,1,3,{1:Hay} {2:peajes} {3:en esta autopista}.,{1:There are} {2:tolls} {3:on this motorway}.,
travel-roadtrip-07,Travel,Road trip,1,3,{1:Prefiero} {2:ir} {3:por carreteras secundarias}.,{1:I'd rather} {2:go} {3:on minor roads}.,
travel-roadtrip-08,Travel,Road trip,2,1,{1:Hicimos} {2:ochocientos kilómetros} {3:en un día}.,{1:We did} {2:eight hundred kilometres} {3:in one day}.,
travel-roadtrip-09,Travel,Road trip,2,2,{1:Nos perdimos} {2:por culpa del GPS}.,{1:We got lost} {2:because of the satnav}.,
travel-roadtrip-10,Travel,Road trip,2,3,"{1:Para} {2:en el arcén}, que {3:me mareo}.",{1:Pull over} {2:onto the hard shoulder}; {3:I feel sick}.,
travel-roadtrip-11,Travel,Road trip,2,3,{1:Alquilamos} {2:una autocaravana} {3:para dos semanas}.,{1:We hired} {2:a campervan} {3:for two weeks}.,
travel-roadtrip-12,Travel,Road trip,3,1,{1:Avísame} {2:cuando} {3:quieras} {4:parar}.,{1:Tell me} {2:when} {3:you want} {4:to stop}.,
travel-roadtrip-13,Travel,Road trip,3,1,"{1:Si} {2:no} {3:hubiéramos parado} {4:tantas veces}, {5:ya} {6:habríamos llegado}.","{1:If} {3:we had}{2:n't} {3:stopped} {4:so many times}, {6:we'd have arrived} {5:by now}.",
travel-roadtrip-14,Travel,Road trip,3,3,{1:Turnémonos} {2:para conducir}.,{1:Let's take turns} {2:driving}.,
travel-roadtrip-15,Travel,Road trip,3,3,{1:Conviene} {2:salir} {3:de madrugada} {4:para que} {5:no} {6:nos pille} {7:el atasco}.,{1:It's best} {2:to leave} {3:at dawn} {4:so} {6:we} {5:don't} {6:get caught in} {7:the traffic}.,
travel-ferries-01,Travel,Ferries & cruises,1,2,{1:El ferri} {2:sale} {3:a las ocho}.,{1:The ferry} {2:leaves} {3:at eight}.,
travel-ferries-02,Travel,Ferries & cruises,1,2,{1:Me mareo} {2:en los barcos}.,{1:I get seasick} {2:on boats}.,
travel-ferries-03,Travel,Ferries & cruises,1,2,{1:El mar} {2:está} {3:muy movido} {4:hoy}.,{1:The sea} {2:is} {3:very rough} {4:today}.,
travel-ferries-04,Travel,Ferries & cruises,1,2,¿{1:Puedo} {2:llevar} {3:el coche} {4:en el ferri}?,{1:Can I} {2:take} {3:the car} {4:on the ferry}?,
travel-ferries-05,Travel,Ferries & cruises,1,3,¿{1:Hay} {2:camarotes} {3:libres}?,{1:Are there} {2:any} {3:free} {2:cabins}?,
travel-ferries-06,Travel,Ferries & cruises,1,3,{1:Hay que} {2:embarcar} {3:una hora antes}.,{1:You have to} {2:board} {3:an hour before}.,
travel-ferries-07,Travel,Ferries & cruises,1,3,{1:El crucero} {2:hace escala} {3:en cuatro puertos}.,{1:The cruise} {2:stops} {3:at four ports}.,
travel-ferries-08,Travel,Ferries & cruises,2,1,{1:Pasamos} {2:la noche} {3:en el barco}.,{1:We spent} {2:the night} {3:on the boat}.,
travel-ferries-09,Travel,Ferries & cruises,2,2,{1:Tómate} {2:una pastilla} {3:para el mareo} {4:antes de} {5:subir}.,{1:Take} {2:a tablet} {3:for seasickness} {4:before} {5:getting on}.,
travel-ferries-10,Travel,Ferries & cruises,2,3,{1:Vimos} {2:delfines} {3:desde la cubierta}.,{1:We saw} {2:dolphins} {3:from the deck}.,
travel-ferries-11,Travel,Ferries & cruises,2,3,{1:Cancelaron} {2:el ferri} {3:por el temporal}.,{1:They cancelled} {2:the ferry} {3:because of the storm}.,
travel-ferries-12,Travel,Ferries & cruises,3,2,{1:Es probable} que {2:el ferri} {3:salga} {4:con retraso}.,{1:It's likely} {2:the ferry} {3:will leave} {4:late}.,
travel-ferries-13,Travel,Ferries & cruises,3,2,"{1:Si} {2:hubiéramos sabido} que {3:el mar} {4:estaría} {5:tan movido}, {6:habríamos ido} {7:en avión}.","{1:If} {2:we'd known} {3:the sea} {4:would be} {5:so rough}, {6:we'd have gone} {7:by plane}.",
travel-ferries-14,Travel,Ferries & cruises,3,3,{1:No} {2:salgas} {3:a cubierta} {4:si} {5:hace} {6:mucho viento}.,{1:Don't} {2:go out} {3:on deck} {4:if} {5:it's} {6:very windy}.,
travel-border-01,Travel,At the border,1,1,{1:Vengo} {2:de vacaciones}.,{1:I'm here} {2:on holiday}.,
travel-border-02,Travel,At the border,1,1,{1:Me quedo} {2:dos semanas}.,{1:I'm staying} {2:for two weeks}.,
travel-border-03,Travel,At the border,1,1,{1:Viajo} {2:por trabajo}.,{1:I'm travelling} {2:for work}.,
travel-border-04,Travel,At the border,1,2,No {1:tengo} {2:nada} {3:que declarar}.,{1:I have} {2:nothing} {3:to declare}.,Spanish doubles the negative: no... nada.
travel-border-05,Travel,At the border,1,2,{1:Estoy} {2:alojad[o|a]} {3:en un hotel} {4:del centro}.,{1:I'm} {2:staying} {3:at a hotel} {4:in the centre}.,
travel-border-06,Travel,At the border,1,3,{1:Llevo} {2:medicamentos} {3:con receta}.,{1:I'm carrying} {3:prescription} {2:medicines}.,
travel-border-07,Travel,At the border,1,3,{1:El control de pasaportes} {2:está} {3:por allí}.,{1:Passport control} {2:is} {3:over there}.,
travel-border-08,Travel,At the border,2,1,{1:Vine} {2:hace} {3:una semana}.,{1:I came} {3:a week} {2:ago}.,
travel-border-09,Travel,At the border,2,1,"{1:Abra} {2:la maleta}, {3:por favor}.","{1:Open} {2:your suitcase}, {3:please}.",
travel-border-10,Travel,At the border,2,2,{1:Me pararon} {2:en la aduana}.,{1:They stopped me} {2:at customs}.,
travel-border-11,Travel,At the border,2,2,{1:Me pidieron} {2:el billete de vuelta}.,{1:They asked me for} {2:my return ticket}.,
travel-border-12,Travel,At the border,2,3,{1:Tendrá que} {2:pagar} {3:aranceles} {4:por estos productos}.,{1:You'll have to} {2:pay} {3:duty} {4:on these goods}.,
travel-border-13,Travel,At the border,3,2,{1:Me preguntaron} {2:cuánto tiempo} {3:pensaba} {4:quedarme}.,{1:They asked me} {2:how long} {3:I planned} {4:to stay}.,Reported question: the present (pienso) shifts to the imperfect (pensaba).
travel-border-14,Travel,At the border,3,2,"{1:Si} {2:hubiera rellenado} {3:el formulario} {4:en el avión}, {5:no} {6:habría tenido que} {7:hacer cola}.","{1:If} {2:I'd filled in} {3:the form} {4:on the plane}, {6:I would}{5:n't} {6:have had to} {7:queue}.",
travel-border-15,Travel,At the border,3,3,{1:Es necesario} que {2:el pasaporte} {3:tenga} {4:una validez} {5:de seis meses}.,{2:Your passport} {1:must} {3:be} {4:valid} {5:for six months}.,
travel-camping-01,Travel,Camping,1,1,¿{1:Dónde} {2:están} {3:las duchas}?,{1:Where} {2:are} {3:the showers}?,
travel-camping-02,Travel,Camping,1,1,{1:Por la noche} {2:hace} {3:mucho frío}.,{1:At night} {2:it gets} {3:very cold}.,
travel-camping-03,Travel,Camping,1,2,¿{1:Hay} {2:sitio} {3:para una tienda}?,{1:Is there} {2:room} {3:for a tent}?,
travel-camping-04,Travel,Camping,1,2,{1:Vamos a} {2:montar} {3:la tienda} {4:junto al río}.,{1:We're going to} {2:put up} {3:the tent} {4:by the river}.,
travel-camping-05,Travel,Camping,1,2,{1:Necesitamos} {2:otro saco de dormir}.,{1:We need} {2:another sleeping bag}.,
travel-camping-06,Travel,Camping,1,2,{1:Hay} {2:muchos mosquitos}.,{1:There are} {2:lots of mosquitoes}.,
travel-camping-07,Travel,Camping,2,2,{1:Dormimos} {2:bajo las estrellas}.,{1:We slept} {2:under the stars}.,
travel-camping-08,Travel,Camping,2,2,{1:Llovió} {2:toda la noche} {3:y} {4:se mojó} {5:todo}.,{1:It rained} {2:all night} {3:and} {5:everything} {4:got wet}.,
travel-camping-09,Travel,Camping,2,3,{1:Se nos ha olvidado} {2:la linterna}.,{1:We've forgotten} {2:the torch}.,
travel-camping-10,Travel,Camping,2,3,{1:Encendimos} {2:una hoguera}.,{1:We lit} {2:a campfire}.,
travel-camping-11,Travel,Camping,2,3,{1:Clava} {2:bien} {3:las piquetas}.,{1:Knock} {3:the pegs} {2:in properly}.,
travel-camping-12,Travel,Camping,3,2,{1:No} {2:dejes} {3:comida} {4:fuera de la tienda}.,{1:Don't} {2:leave} {3:food} {4:outside the tent}.,
travel-camping-13,Travel,Camping,3,2,{1:Es mejor} que {2:acampemos} {3:antes de que} {4:oscurezca}.,{1:It's better} {2:if we pitch camp} {3:before} {4:it gets dark}.,
travel-camping-14,Travel,Camping,3,2,"{1:Está prohibido} {2:hacer fuego}, {3:aunque} {4:sea} {5:pequeño}.","{1:It's forbidden} {2:to light fires}, {3:even} {5:small} {4:ones}.",
travel-camping-15,Travel,Camping,3,3,"{1:Si} {2:hubiéramos traído} {3:un hornillo}, {4:podríamos} {5:hacer café}.","{1:If} {2:we'd brought} {3:a camping stove}, {4:we could} {5:make coffee}.",
travel-skiing-01,Travel,Skiing & winter holidays,1,1,{1:Me encanta} {2:esquiar}.,{1:I love} {2:skiing}.,
travel-skiing-02,Travel,Skiing & winter holidays,1,1,{1:Hay} {2:mucha nieve} {3:este año}.,{1:There's} {2:a lot of snow} {3:this year}.,
travel-skiing-03,Travel,Skiing & winter holidays,1,2,{1:Quiero} {2:alquilar} {3:unos esquís}.,{1:I'd like} {2:to hire} {3:some skis}.,
travel-skiing-04,Travel,Skiing & winter holidays,1,2,{1:Esta pista} {2:es} {3:demasiado difícil} {4:para mí}.,{1:This slope} {2:is} {3:too difficult} {4:for me}.,
travel-skiing-05,Travel,Skiing & winter holidays,1,2,{1:Soy} {2:principiante}.,{1:I'm} {2:a beginner}.,
travel-skiing-06,Travel,Skiing & winter holidays,1,3,¿{1:Cuánto} {2:cuesta} {3:el forfait}?,{1:How much} {2:is} {3:the ski pass}?,
travel-skiing-07,Travel,Skiing & winter holidays,1,3,{1:El telesilla} {2:cierra} {3:a las cinco}.,{1:The chairlift} {2:closes} {3:at five}.,
travel-skiing-08,Travel,Skiing & winter holidays,2,1,{1:Me caí} {2:diez veces} {3:el primer día}.,{1:I fell over} {2:ten times} {3:on the first day}.,
travel-skiing-09,Travel,Skiing & winter holidays,2,2,{1:Dobla} {2:las rodillas}.,{1:Bend} {2:your knees}.,
travel-skiing-10,Travel,Skiing & winter holidays,2,2,{1:Ponte} {2:las gafas}; {3:hace mucho sol}.,{1:Put on} {2:your goggles}; {3:it's very sunny}.,
travel-skiing-11,Travel,Skiing & winter holidays,2,3,{1:Me torcí} {2:la rodilla} {3:en la pista roja}.,{1:I twisted} {2:my knee} {3:on the red run}.,
travel-skiing-12,Travel,Skiing & winter holidays,2,3,{1:Cerraron} {2:la estación} {3:por riesgo de aludes}.,{1:They closed} {2:the resort} {3:because of the risk of avalanches}.,
travel-skiing-13,Travel,Skiing & winter holidays,3,2,{1:Te recomiendo} que {2:des} {3:clases} {4:los primeros días}.,{1:I'd recommend} {2:taking} {3:lessons} {4:for the first few days}.,
travel-skiing-14,Travel,Skiing & winter holidays,3,3,{1:No} {2:vayas} {3:fuera de pista}.,{1:Don't} {2:go} {3:off-piste}.,
travel-skiing-15,Travel,Skiing & winter holidays,3,3,"{1:Si} {2:nevara} {3:esta noche}, {4:mañana} {5:habría} {6:nieve polvo}.","{1:If} {2:it snowed} {3:tonight}, {5:there'd be} {6:powder} {4:tomorrow}.",
travel-luggage-01,Travel,Luggage,1,1,{1:Esta maleta} {2:pesa} {3:mucho}.,{1:This suitcase} {2:is} {3:very heavy}.,
travel-luggage-02,Travel,Luggage,1,1,¿{1:Dónde} {2:puedo} {3:dejar} {4:las maletas}?,{1:Where} {2:can I} {3:leave} {4:my bags}?,
travel-luggage-03,Travel,Luggage,1,2,{1:No} {2:me cabe} {3:todo} {4:en la maleta}.,{2:I can}{1:'t} {2:fit} {3:everything} {4:in my suitcase}.,
travel-luggage-04,Travel,Luggage,1,2,"{1:Si} {2:no} {3:aparece} {4:mi maleta}, ¿{5:qué} {6:hago}?","{1:If} {4:my suitcase} {3:does}{2:n't} {3:turn up}, {5:what} {6:do I do}?",
travel-luggage-05,Travel,Luggage,1,3,¿{1:Hay} {2:consigna} {3:en la estación}?,{1:Is there} {2:left luggage} {3:at the station}?,
travel-luggage-06,Travel,Luggage,1,3,{1:Mi maleta} {2:supera} {3:el peso permitido}.,{1:My suitcase} {2:is over} {3:the weight limit}.,
travel-luggage-07,Travel,Luggage,1,3,{1:La cremallera} {2:está rota}.,{1:The zip} {2:is broken}.,
travel-luggage-08,Travel,Luggage,2,1,{1:Ayúdame} {2:a bajar} {3:la maleta}.,{1:Help me} {2:get down} {3:the suitcase}.,
travel-luggage-09,Travel,Luggage,2,2,{1:Se me ha roto} {2:la rueda} {3:de la maleta}.,{2:The wheel} {3:on my suitcase} {1:has broken}.,
travel-luggage-10,Travel,Luggage,2,2,{1:Mi maleta} {2:no} {3:ha salido}.,{1:My suitcase} {3:has}{2:n't} {3:come out}.,
travel-luggage-11,Travel,Luggage,2,3,{1:Facturé} {2:dos maletas}.,{1:I checked in} {2:two suitcases}.,
travel-luggage-12,Travel,Luggage,2,3,{1:Me la devolvieron} {2:con un asa rota}.,{1:They gave it back} {2:with a broken handle}.,
travel-luggage-13,Travel,Luggage,3,2,{1:No} {2:pierdas de vista} {3:tu equipaje}.,{1:Don't} {2:let} {3:your luggage} {2:out of your sight}.,
travel-luggage-14,Travel,Luggage,3,2,{1:Me dijeron} que {2:me la enviarían} {3:al hotel}.,{1:They told me} {2:they'd send it} {3:to the hotel}.,
travel-luggage-15,Travel,Luggage,3,3,{1:Ojalá} {2:hubiera metido} {3:una muda} {4:en el equipaje de mano}.,{1:I wish} {2:I'd put} {3:a change of clothes} {4:in my hand luggage}.,
travel-tours-01,Travel,Excursions & tours,1,1,¿{1:A qué hora} {2:sale} {3:la excursión}?,{1:What time} {2:does} {3:the trip} {2:leave}?,
travel-tours-02,Travel,Excursions & tours,1,1,¿{1:Está incluida} {2:la comida}?,{1:Is} {2:lunch} {1:included}?,
travel-tours-03,Travel,Excursions & tours,1,1,¿{1:El guía} {2:habla} {3:inglés}?,{2:Does} {1:the guide} {2:speak} {3:English}?,
travel-tours-04,Travel,Excursions & tours,1,2,{1:Queremos} {2:hacer} {3:una excursión} {4:de un día}.,{1:We'd like} {2:to do} {3:a} {4:day} {3:trip}.,
travel-tours-05,Travel,Excursions & tours,1,2,{1:Nos recogen} {2:en el hotel}.,{1:They pick us up} {2:at the hotel}.,
travel-tours-06,Travel,Excursions & tours,1,3,{1:El punto de encuentro} {2:es} {3:la fuente}.,{1:The meeting point} {2:is} {3:the fountain}.,
travel-tours-07,Travel,Excursions & tours,2,1,{1:Fue} {2:la mejor excursión} {3:del viaje}.,{1:It was} {2:the best trip} {3:of the holiday}.,
travel-tours-08,Travel,Excursions & tours,2,2,{1:Reservamos} {2:la visita} {3:por internet}.,{1:We booked} {2:the tour} {3:online}.,
travel-tours-09,Travel,Excursions & tours,2,2,{1:El autocar} {2:nos dejó} {3:en la entrada}.,{1:The coach} {2:dropped us} {3:at the entrance}.,
travel-tours-10,Travel,Excursions & tours,2,2,{1:Hicimos} {2:una ruta} {3:en barco} {4:por la costa}.,{1:We did} {2:a} {3:boat} {2:trip} {4:along the coast}.,
travel-tours-11,Travel,Excursions & tours,2,2,{1:Tuvimos} {2:una hora libre} {3:para comer}.,{1:We had} {2:a free hour} {3:for lunch}.,
travel-tours-12,Travel,Excursions & tours,2,3,{1:Se cancela} {2:la excursión} {3:si} {4:no} {5:hay} {6:un mínimo de diez personas}.,{2:The trip} {1:is cancelled} {3:if} {5:there are}{4:n't} {6:at least ten people}.,
travel-tours-13,Travel,Excursions & tours,3,2,{1:No} {2:os separéis} {3:del grupo}.,{1:Don't} {2:get separated} {3:from the group}.,
travel-tours-14,Travel,Excursions & tours,3,2,{1:El guía} {2:nos pidió} que {3:estuviéramos} {4:de vuelta} {5:a las cuatro}.,{1:The guide} {2:asked us} {3:to be} {4:back} {5:by four}.,
travel-tours-15,Travel,Excursions & tours,3,2,"{1:Si} {2:hubiéramos ido} {3:por nuestra cuenta}, {4:habría salido} {5:más barato}.","{1:If} {2:we'd gone} {3:on our own}, {4:it would have been} {5:cheaper}.",
home-routine-01,Home & daily life,Daily routine,1,1,{1:Me levanto} {2:a las siete}.,{1:I get up} {2:at seven}.,levantarse: literally 'to raise yourself'.
home-routine-02,Home & daily life,Daily routine,1,1,{1:Desayuno} {2:café} {3:y} {4:tostadas}.,{1:I have} {2:coffee} {3:and} {4:toast} {1:for breakfast}.,"desayunar = to have breakfast, all in one verb."
home-routine-03,Home & daily life,Daily routine,1,1,{1:Me ducho} {2:por la noche}.,{1:I shower} {2:at night}.,
home-routine-04,Home & daily life,Daily routine,1,1,{1:Normalmente} {2:voy} {3:al trabajo} {4:en bici}.,{2:I} {1:usually} {2:go} {3:to work} {4:by bike}.,
home-routine-09,Home & daily life,Daily routine,1,1,{1:Me acuesto} {2:a las once}.,{1:I go to bed} {2:at eleven}.,
home-routine-10,Home & daily life,Daily routine,1,1,{1:Como} {2:a las dos}.,{1:I have lunch} {2:at two}.,
home-routine-11,Home & daily life,Daily routine,1,1,{1:Los domingos} {2:no} {3:hago} {4:nada}.,{1:On Sundays} {3:I do}{2:n't} {3:do} {4:anything}.,
home-routine-12,Home & daily life,Daily routine,1,1,{1:Me lavo} {2:los dientes} {3:después de desayunar}.,{1:I brush} {2:my teeth} {3:after breakfast}.,
home-routine-13,Home & daily life,Daily routine,1,2,{1:Paseo} {2:al perro} {3:dos veces al día}.,{1:I walk} {2:the dog} {3:twice a day}.,
home-routine-14,Home & daily life,Daily routine,1,2,{1:Me echo} {2:la siesta} {3:después de comer}.,{1:I have} {2:a nap} {3:after lunch}.,
home-routine-15,Home & daily life,Daily routine,1,2,{1:Hago} {2:la compra} {3:los sábados}.,{1:I do} {2:the shopping} {3:on Saturdays}.,
home-routine-16,Home & daily life,Daily routine,1,2,{1:Tardo} {2:media hora} {3:en llegar al trabajo}.,{1:It takes me} {2:half an hour} {3:to get to work}.,
home-routine-17,Home & daily life,Daily routine,1,3,{1:Me pongo} {2:el despertador} {3:a las seis y cuarto}.,{1:I set} {2:my alarm} {3:for quarter past six}.,
home-routine-18,Home & daily life,Daily routine,1,3,"{1:Antes de dormir}, {2:leo} {3:un rato}.","{1:Before going to sleep}, {2:I read} {3:for a while}.",
home-routine-19,Home & daily life,Daily routine,1,3,"{1:Ceno} {2:muy tarde}, {3:sobre las diez}.","{1:I have dinner} {2:very late}, {3:around ten}.",
home-routine-05,Home & daily life,Daily routine,2,1,"{1:Cuando} {2:era} {3:niñ[o|a]}, {4:me acostaba} {5:a las ocho}.","{1:When} {2:I was} {3:a child}, {4:I used to go to bed} {5:at eight}.",The imperfect for habits in the past: 'used to'.
home-routine-20,Home & daily life,Daily routine,2,1,{1:Hoy} {2:me he levantado} {3:tarde}.,{2:I got up} {3:late} {1:today}.,
home-routine-06,Home & daily life,Daily routine,2,2,{1:Esta mañana} {2:me he quedado dormid[o|a]} {3:y} {4:he llegado} {5:tarde}.,{1:This morning} {2:I overslept} {3:and} {4:got in} {5:late}.,Spain uses the present perfect for anything earlier today.
home-routine-21,Home & daily life,Daily routine,2,2,{1:Antes iba} {2:al gimnasio} {3:a diario}.,{1:I used to go} {2:to the gym} {3:every day}.,
home-routine-22,Home & daily life,Daily routine,2,2,{1:Esta semana} {2:he trabajado} {3:muchísimo}.,{2:I've worked} {3:really hard} {1:this week}.,
home-routine-23,Home & daily life,Daily routine,2,3,{1:Mañana} {2:me levantaré} {3:temprano} {4:para correr}.,{1:Tomorrow} {2:I'll get up} {3:early} {4:to go running}.,
home-routine-07,Home & daily life,Daily routine,3,2,"{1:Antes de que} {2:te vayas}, ¿{3:puedes} {4:sacar} {5:la basura}?","{1:Before} {2:you go}, {3:can you} {4:take out} {5:the rubbish}?",antes de que + subjunctive.
home-routine-08,Home & daily life,Daily routine,3,2,"{1:Me gustaría} {2:levantarme} {3:más temprano}, {4:pero} {5:por mucho que} {6:lo intente}, {7:no} {8:lo consigo}.","{1:I'd like} {2:to get up} {3:earlier}, {4:but} {5:however hard} {6:I try}, {8:I can}{7:'t} {8:manage it}.",por mucho que + subjunctive = 'however much'.
home-routine-24,Home & daily life,Daily routine,3,2,"{1:Cuando} {2:me jubile}, no {3:pondré} {4:el despertador} {5:nunca más}.","{1:When} {2:I retire}, {3:I'll} {5:never} {3:set} {4:an alarm} {5:again}.",
home-routine-25,Home & daily life,Daily routine,3,3,"{1:Si} {2:no} {3:tuviera} {4:que} {5:madrugar}, {6:dormiría} {7:hasta las diez}.","{1:If} {3:I did}{2:n't} {3:have} {4:to} {5:get up early}, {6:I'd sleep} {7:until ten}.",
home-house-01,Home & daily life,Around the house,1,1,{1:Vivo} {2:en un piso} {3:en el centro}.,{1:I live} {2:in a flat} {3:in the centre}.,
home-house-02,Home & daily life,Around the house,1,1,{1:Mi casa} {2:tiene} {3:dos dormitorios}.,{1:My house} {2:has} {3:two bedrooms}.,
home-house-03,Home & daily life,Around the house,1,1,"{1:La cocina} {2:es} {3:pequeña}, {4:pero} {5:tiene} {6:mucha luz}.","{1:The kitchen} {2:is} {3:small}, {4:but} {5:it gets} {6:lots of light}.",
home-house-08,Home & daily life,Around the house,1,1,{1:Mi piso} {2:está} {3:en la quinta planta}.,{1:My flat} {2:is} {3:on the fifth floor}.,
home-house-09,Home & daily life,Around the house,1,1,{1:El salón} {2:es} {3:muy grande}.,{1:The living room} {2:is} {3:very big}.,
home-house-10,Home & daily life,Around the house,1,1,{1:No} {2:tenemos} {3:jardín}.,{2:We have}{1:n't} {2:got} {3:a garden}.,
home-house-04,Home & daily life,Around the house,1,2,{1:La nevera} {2:hace} {3:un ruido} {4:raro}.,{1:The fridge} {2:is making} {3:a} {4:strange} {3:noise}.,hacer = to make or to do.
home-house-11,Home & daily life,Around the house,1,2,{1:Hay} {2:un balcón} {3:que da a la calle}.,{1:There's} {2:a balcony} {3:overlooking the street}.,
home-house-12,Home & daily life,Around the house,1,2,{1:El edificio} {2:no} {3:tiene} {4:ascensor}.,{1:The building} {3:has} {2:no} {4:lift}.,
home-house-13,Home & daily life,Around the house,1,2,{1:La calefacción} {2:es} {3:de gas}.,{1:The heating} {2:runs} {3:on gas}.,
home-house-14,Home & daily life,Around the house,1,2,{1:El baño} {2:tiene} {3:bañera} {4:y} {5:ducha}.,{1:The bathroom} {2:has} {3:a bath} {4:and} {5:a shower}.,
home-house-15,Home & daily life,Around the house,1,3,{1:El lavavajillas} {2:está} {3:estropeado}.,{1:The dishwasher} {2:is} {3:broken}.,
home-house-16,Home & daily life,Around the house,1,3,{1:Hay} {2:humedad} {3:en el techo}.,{1:There's} {2:damp} {3:on the ceiling}.,
home-house-17,Home & daily life,Around the house,1,3,{1:El trastero} {2:está} {3:lleno de cajas}.,{1:The storage room} {2:is} {3:full of boxes}.,
home-house-05,Home & daily life,Around the house,2,2,{1:Ya} {2:he puesto} {3:la lavadora}.,{2:I've} {1:already} {2:put} {3:the washing machine} {2:on}.,
home-house-18,Home & daily life,Around the house,2,2,{1:Cierra} {2:las persianas}; {3:entra} {4:mucho sol}.,{1:Close} {2:the blinds}; {4:a lot of sun} {3:is coming in}.,
home-house-19,Home & daily life,Around the house,2,2,"{1:Pon} {2:el lavavajillas}, {3:por favor}.","{1:Put} {2:the dishwasher} {1:on}, {3:please}.",
home-house-20,Home & daily life,Around the house,2,2,{1:Pintamos} {2:las paredes} {3:el verano pasado}.,{1:We painted} {2:the walls} {3:last summer}.,
home-house-06,Home & daily life,Around the house,2,3,{1:Hay que} {2:llamar} a {3:un fontanero}; {4:se ha atascado} {5:el desagüe}.,{1:We need to} {2:call} {3:a plumber}; {5:the drain} {4:is blocked}.,Spanish often puts the subject after the verb.
home-house-21,Home & daily life,Around the house,2,3,{1:Se ha fundido} {2:la bombilla} {3:del pasillo}.,{2:The} {3:hall} {2:light bulb} {1:has gone}.,
home-house-22,Home & daily life,Around the house,2,3,{1:Ha saltado} {2:el diferencial}.,{2:The trip switch} {1:has gone}.,
home-house-07,Home & daily life,Around the house,3,1,"{1:Si} {2:yo fuera} {3:tú}, {4:no} {5:dejaría} {6:la ventana abierta}.","{1:If} {2:I were} {3:you}, {5:I would}{4:n't} {5:leave} {6:the window open}.","The classic advice structure: si + imperfect subjunctive, then the conditional."
home-house-23,Home & daily life,Around the house,3,2,{1:No} {2:dejes} {3:la puerta} {4:abierta}; {5:se escapa} {6:el gato}.,{1:Don't} {2:leave} {3:the door} {4:open}; {6:the cat} {5:gets out}.,
home-house-24,Home & daily life,Around the house,3,3,"{1:Si} {2:tuviéramos} {3:más espacio}, {4:pondríamos} {5:una mesa} {6:más grande}.","{1:If} {2:we had} {3:more space}, {4:we'd get} {5:a} {6:bigger} {5:table}.",
home-house-25,Home & daily life,Around the house,3,3,{1:Es importante} que {2:ventiles} {3:la casa} {4:cada mañana}.,{1:It's important} {2:to air} {3:the house} {4:every morning}.,
home-chores-01,Home & daily life,Chores,1,1,{1:Voy a} {2:hacer} {3:la cama}.,{1:I'm going to} {2:make} {3:the bed}.,
home-chores-02,Home & daily life,Chores,1,2,{1:Hoy} {2:me toca} {3:cocinar}.,{1:Today} {2:it's my turn} {3:to cook}.,tocar = to be someone's turn. Works like gustar.
home-chores-03,Home & daily life,Chores,1,2,¿{1:Quién} {2:friega} {3:los platos}?,{1:Who}{2:'s washing} {3:the dishes}?,
home-chores-04,Home & daily life,Chores,1,2,{1:Tengo que} {2:planchar} {3:las camisas}.,{1:I have to} {2:iron} {3:the shirts}.,
home-chores-05,Home & daily life,Chores,1,2,{1:La aspiradora} {2:no} {3:funciona}.,{1:The hoover} {3:is}{2:n't} {3:working}.,
home-chores-06,Home & daily life,Chores,1,2,{1:Hay que} {2:sacar} {3:la basura} {4:los martes}.,{1:We have to} {2:put} {3:the bins} {2:out} {4:on Tuesdays}.,
home-chores-07,Home & daily life,Chores,2,1,{1:Ayer} {2:limpié} {3:toda la casa}.,{1:Yesterday} {2:I cleaned} {3:the whole house}.,
home-chores-08,Home & daily life,Chores,2,1,"{1:Recoge} {2:tu habitación}, {3:por favor}.","{1:Tidy} {2:your room}, {3:please}.",
home-chores-09,Home & daily life,Chores,2,2,"{1:Tiende} {2:la ropa}, que {3:hace sol}.",{1:Hang out} {2:the washing}; {3:it's sunny}.,que here means 'because'.
home-chores-10,Home & daily life,Chores,2,2,¿{1:Ya} {2:has puesto} {3:el lavavajillas}?,{2:Have you} {1:already} {2:put} {3:the dishwasher} {2:on}?,
home-chores-11,Home & daily life,Chores,2,3,{1:Se ha fundido} {2:la bombilla} {3:de la cocina}.,{2:The} {3:kitchen} {2:light bulb} {1:has gone}.,
home-chores-12,Home & daily life,Chores,3,1,{1:No} {2:dejes} {3:los zapatos} {4:en medio}.,{1:Don't} {2:leave} {3:your shoes} {4:in the way}.,
home-chores-13,Home & daily life,Chores,3,1,"{1:Si} {2:me ayudaras} {3:un poco más}, {4:terminaríamos} {5:antes}.","{1:If} {2:you helped me} {3:a bit more}, {4:we'd finish} {5:sooner}.",
home-chores-14,Home & daily life,Chores,3,2,{1:Quiero} que {2:todo} {3:esté} {4:limpio} {5:antes de que} {6:lleguen} {7:los invitados}.,{1:I want} {2:everything} {3:to be} {4:clean} {5:before} {7:the guests} {6:arrive}.,
home-chores-15,Home & daily life,Chores,3,2,"{1:Por mucho que} {2:limpie}, {3:el polvo} {4:vuelve a} {5:aparecer}.","{1:However much} {2:I clean}, {3:the dust} {4:keeps} {5:coming back}.",volver a + infinitive = to do again.
home-renting-01,Home & daily life,Renting a flat,1,1,{1:Tiene} {2:dos habitaciones} {3:y} {4:un balcón}.,{1:It has} {2:two bedrooms} {3:and} {4:a balcony}.,
home-renting-02,Home & daily life,Renting a flat,1,2,{1:Busco} {2:un piso} {3:de alquiler}.,{1:I'm looking for} {2:a flat} {3:to rent}.,
home-renting-03,Home & daily life,Renting a flat,1,2,¿{1:Cuánto} {2:es} {3:el alquiler} {4:al mes}?,{1:How much} {2:is} {3:the rent} {4:a month}?,
home-renting-04,Home & daily life,Renting a flat,1,2,¿{1:Está amueblado}?,{1:Is it furnished}?,
home-renting-05,Home & daily life,Renting a flat,1,2,¿{1:Los gastos} {2:están incluidos}?,{2:Are} {1:the bills} {2:included}?,
home-renting-06,Home & daily life,Renting a flat,1,3,{1:Piden} {2:dos meses} {3:de fianza}.,{1:They want} {2:two months'} {3:deposit}.,
home-renting-07,Home & daily life,Renting a flat,1,3,{1:Hay} {2:humedad} {3:en el baño}.,{1:There's} {2:damp} {3:in the bathroom}.,
home-renting-08,Home & daily life,Renting a flat,2,1,¿{1:Cuándo} {2:podría} {3:verlo}?,{1:When} {2:could I} {3:see it}?,
home-renting-09,Home & daily life,Renting a flat,2,2,¿{1:Se admiten} {2:mascotas}?,{1:Are} {2:pets} {1:allowed}?,
home-renting-10,Home & daily life,Renting a flat,2,2,{1:Firmamos} {2:el contrato} {3:la semana pasada}.,{1:We signed} {2:the contract} {3:last week}.,
home-renting-11,Home & daily life,Renting a flat,2,2,{1:El casero} {2:no} {3:ha arreglado} {4:la calefacción}.,{1:The landlord} {3:has}{2:n't} {3:fixed} {4:the heating}.,
home-renting-12,Home & daily life,Renting a flat,2,2,{1:Me mudaré} {2:a principios de} {3:mes}.,{1:I'll move in} {2:at the start of} {3:the month}.,
home-renting-13,Home & daily life,Renting a flat,3,2,{1:Busco} {2:un piso} {3:que tenga} {4:luz natural} {5:y} {6:no} {7:sea} {8:muy caro}.,{1:I'm looking for} {2:a flat} {3:that has} {4:natural light} {5:and} {7:is}{6:n't} {8:too expensive}.,The subjunctive describes something you're still looking for.
home-renting-14,Home & daily life,Renting a flat,3,2,{1:Me gustaría} que {2:pintaran} {3:las paredes} {4:antes de que} {5:me mude}.,{1:I'd like} {2:them to paint} {3:the walls} {4:before} {5:I move in}.,
home-renting-15,Home & daily life,Renting a flat,3,3,{1:El casero} {2:exige} que {3:avisemos} {4:con un mes} {5:de antelación}.,{1:The landlord} {2:requires} {3:us to give} {4:a month's} {5:notice}.,
home-neighbours-01,Home & daily life,Neighbours,1,1,{1:Soy} {2:tu nuev[o|a] vecin[o|a]}.,{1:I'm} {2:your new neighbour}.,
home-neighbours-02,Home & daily life,Neighbours,1,1,{1:Vivo} {2:en el tercero}.,{1:I live} {2:on the third floor}.,
home-neighbours-03,Home & daily life,Neighbours,1,1,¿{1:Me} {2:dejas} {3:un poco de sal}?,{2:Could you lend} {1:me} {3:a bit of salt}?,
home-neighbours-04,Home & daily life,Neighbours,1,2,{1:Los vecinos} {2:de arriba} {3:hacen} {4:mucho ruido}.,{1:The neighbours} {2:upstairs} {3:make} {4:a lot of noise}.,
home-neighbours-05,Home & daily life,Neighbours,1,2,{1:Su perro} {2:ladra} {3:toda la noche}.,{1:Their dog} {2:barks} {3:all night}.,
home-neighbours-06,Home & daily life,Neighbours,1,2,¿{1:Me} {2:puedes} {3:regar} {4:las plantas} {5:este fin de semana}?,{2:Can you} {3:water} {4:the plants} {1:for me} {5:this weekend}?,
home-neighbours-07,Home & daily life,Neighbours,1,2,{1:Hay} {2:una reunión} {3:de vecinos} {4:el jueves}.,{1:There's} {2:a} {3:residents'} {2:meeting} {4:on Thursday}.,
home-neighbours-08,Home & daily life,Neighbours,2,1,{1:Anoche} {2:hubo} {3:una fiesta} {4:hasta las tres}.,{1:Last night} {2:there was} {3:a party} {4:until three}.,"hubo = there was (preterite of hay), for a single event."
home-neighbours-09,Home & daily life,Neighbours,2,1,"{1:Si} {2:necesitas} {3:algo}, {4:llama} {5:a mi puerta}.","{1:If} {2:you need} {3:anything}, {4:knock} {5:on my door}.",
home-neighbours-10,Home & daily life,Neighbours,2,2,{1:Te he dejado} {2:un paquete} {3:en la puerta}.,{1:I've left you} {2:a parcel} {3:at the door}.,
home-neighbours-11,Home & daily life,Neighbours,2,2,¿{1:Podrías} {2:bajar} {3:un poco} {4:la música}?,{1:Could you} {2:turn} {4:the music} {2:down} {3:a bit}?,
home-neighbours-12,Home & daily life,Neighbours,3,2,{1:Os} {2:agradecería} que {3:no} {4:dejarais} {5:las bicis} {6:en la escalera}.,{2:I'd be grateful if} {1:you} {4:did}{3:n't} {4:leave} {5:your bikes} {6:on the stairs}.,"Os and dejarais are vosotros forms: 'you all', Spain only."
home-neighbours-13,Home & daily life,Neighbours,3,2,{1:Dudo} que {2:se den cuenta} {3:del ruido} que {4:hacen}.,{1:I doubt} {2:they realise} {3:how much noise} {4:they make}.,
home-moving-01,Home & daily life,Moving house,1,1,{1:Nos mudamos} {2:el mes que viene}.,{1:We're moving} {2:next month}.,
home-moving-02,Home & daily life,Moving house,1,1,{1:La casa nueva} {2:es} {3:más grande}.,{1:The new house} {2:is} {3:bigger}.,
home-moving-03,Home & daily life,Moving house,1,1,{1:Esta caja} {2:pesa} {3:muchísimo}.,{1:This box} {2:weighs} {3:a ton}.,
home-moving-04,Home & daily life,Moving house,1,1,¿{1:Me} {2:ayudas} {3:con el sofá}?,{2:Can you help} {1:me} {3:with the sofa}?,
home-moving-05,Home & daily life,Moving house,1,2,{1:Necesito} {2:cajas} {3:para la mudanza}.,{1:I need} {2:boxes} {3:for the move}.,
home-moving-06,Home & daily life,Moving house,1,3,{1:Tengo que} {2:dar de alta} {3:la luz} {4:y el agua}.,{1:I have to} {2:set up} {3:the electricity} {4:and water}.,
home-moving-07,Home & daily life,Moving house,2,1,{1:Pon} {2:esa caja} {3:en la cocina}.,{1:Put} {2:that box} {3:in the kitchen}.,
home-moving-08,Home & daily life,Moving house,2,2,{1:Ya} {2:lo hemos empaquetado} {3:todo}.,{2:We've} {1:already} {2:packed} {3:everything}.,
home-moving-09,Home & daily life,Moving house,2,2,{1:Se rompió} {2:un espejo} {3:durante la mudanza}.,{2:A mirror} {1:broke} {3:during the move}.,
home-moving-10,Home & daily life,Moving house,2,3,{1:Hemos contratado} {2:una empresa de mudanzas}.,{1:We've hired} {2:a removal company}.,
home-moving-11,Home & daily life,Moving house,2,3,{1:Etiqueta} {2:las cajas} {3:con el nombre de cada habitación}.,{1:Label} {2:the boxes} {3:with the name of each room}.,
home-moving-12,Home & daily life,Moving house,3,2,"{1:Cuando} {2:terminemos} {3:de desempaquetar}, {4:haremos} {5:una fiesta}.","{1:When} {2:we finish} {3:unpacking}, {4:we'll have} {5:a party}.",
home-moving-13,Home & daily life,Moving house,3,2,{1:No} {2:pongas} {3:nada pesado} {4:encima de} {5:esa caja}.,{1:Don't} {2:put} {3:anything heavy} {4:on top of} {5:that box}.,
home-moving-14,Home & daily life,Moving house,3,2,{1:Ojalá} {2:hubiéramos tirado} {3:más cosas} {4:antes de} {5:mudarnos}.,{1:I wish} {2:we'd thrown out} {3:more things} {4:before} {5:moving}.,
home-moving-15,Home & daily life,Moving house,3,2,"{1:Hasta que} no {2:llegue} {3:el camión}, {4:no} {5:podemos} {6:hacer} {7:nada}.","{1:Until} {3:the lorry} {2:arrives}, {5:we can}{4:'t} {6:do} {7:anything}.",The no after hasta que is optional and adds no meaning.
home-diy-01,Home & daily life,DIY & decorating,1,1,{1:Quiero} {2:pintar} {3:el salón}.,{1:I want} {2:to paint} {3:the living room}.,
home-diy-02,Home & daily life,DIY & decorating,1,1,¿{1:De qué color} {2:pintamos} {3:las paredes}?,{1:What colour} {2:shall we paint} {3:the walls}?,
home-diy-03,Home & daily life,DIY & decorating,1,2,{1:Necesito} {2:un martillo} {3:y} {4:unos clavos}.,{1:I need} {2:a hammer} {3:and} {4:some nails}.,
home-diy-04,Home & daily life,DIY & decorating,1,2,{1:Hay que} {2:colgar} {3:este cuadro}.,{1:We need to} {2:hang} {3:this picture}.,
home-diy-05,Home & daily life,DIY & decorating,1,3,{1:El taladro} {2:no} {3:tiene} {4:batería}.,{1:The drill} {3:has} {2:no} {4:battery}.,
home-diy-06,Home & daily life,DIY & decorating,1,3,{1:Voy a} {2:montar} {3:la estantería} {4:yo mism[o|a]}.,{1:I'm going to} {2:put} {3:the shelves} {2:together} {4:myself}.,
home-diy-07,Home & daily life,DIY & decorating,1,3,{1:Hay} {2:una gotera} {3:en el techo}.,{1:There's} {2:a leak} {3:in the roof}.,
home-diy-08,Home & daily life,DIY & decorating,2,1,{1:Ayer} {2:pinté} {3:la cocina} {4:de blanco}.,{1:Yesterday} {2:I painted} {3:the kitchen} {4:white}.,
home-diy-09,Home & daily life,DIY & decorating,2,3,{1:Me he dado} {2:un martillazo} {3:en el dedo}.,{1:I've hit} {3:my finger} {2:with a hammer}.,
home-diy-10,Home & daily life,DIY & decorating,2,3,"{1:Pásame} {2:el destornillador}, {3:por favor}.","{1:Pass me} {2:the screwdriver}, {3:please}.",
home-diy-11,Home & daily life,DIY & decorating,2,3,{1:Lijamos} {2:el suelo} {3:antes de} {4:barnizarlo}.,{1:We sanded} {2:the floor} {3:before} {4:varnishing it}.,
home-diy-12,Home & daily life,DIY & decorating,3,2,{1:No} {2:toques} {3:la pared}; {4:la pintura} {5:todavía} {6:está fresca}.,{1:Don't} {2:touch} {3:the wall}; {4:the paint} {6:is} {5:still} {6:wet}.,
home-diy-13,Home & daily life,DIY & decorating,3,2,{1:Es mejor} que {2:llamemos} a {3:un electricista}.,{1:It's better} {2:if we call} {3:an electrician}.,
home-diy-14,Home & daily life,DIY & decorating,3,2,"{1:Si} {2:hubiéramos medido} {3:bien}, {4:los muebles} {5:cabrían}.","{1:If} {2:we'd measured} {3:properly}, {4:the furniture} {5:would fit}.",cabrían = conditional of caber (to fit).
home-diy-15,Home & daily life,DIY & decorating,3,3,"{1:Antes de} {2:taladrar}, {3:asegúrate de} que {4:no} {5:haya} {6:cables} {7:en la pared}.","{1:Before} {2:drilling}, {3:make sure} {5:there are} {4:no} {6:cables} {7:in the wall}.",
home-buying-01,Home & daily life,Buying a home,1,1,{1:Queremos} {2:comprar} {3:una casa}.,{1:We want} {2:to buy} {3:a house}.,
home-buying-02,Home & daily life,Buying a home,1,1,{1:Está} {2:en una zona} {3:muy tranquila}.,{1:It's} {2:in a} {3:very quiet} {2:area}.,
home-buying-03,Home & daily life,Buying a home,1,2,¿{1:Cuántos metros} {2:tiene}?,{1:How many square metres} {2:is it}?,
home-buying-04,Home & daily life,Buying a home,1,2,¿{1:Tiene} {2:garaje}?,{1:Does it have} {2:a garage}?,
home-buying-05,Home & daily life,Buying a home,1,3,{1:Necesitamos} {2:una hipoteca}.,{1:We need} {2:a mortgage}.,
home-buying-06,Home & daily life,Buying a home,1,3,{1:El precio} {2:es} {3:negociable}.,{1:The price} {2:is} {3:negotiable}.,
home-buying-07,Home & daily life,Buying a home,1,3,{1:La casa} {2:necesita} {3:una reforma} {4:completa}.,{1:The house} {2:needs} {3:a} {4:complete} {3:renovation}.,
home-buying-08,Home & daily life,Buying a home,2,2,{1:Hemos visto} {2:cinco pisos} {3:esta semana}.,{1:We've seen} {2:five flats} {3:this week}.,
home-buying-09,Home & daily life,Buying a home,2,2,"{1:Hicimos} {2:una oferta}, {3:pero} {4:la rechazaron}.","{1:We made} {2:an offer}, {3:but} {4:they turned it down}.",
home-buying-10,Home & daily life,Buying a home,2,3,{1:El banco} {2:nos ha concedido} {3:el préstamo}.,{1:The bank} {2:has approved} {3:our loan}.,
home-buying-11,Home & daily life,Buying a home,2,3,{1:Tendremos que} {2:pagar} {3:los gastos de notaría}.,{1:We'll have to} {2:pay} {3:the notary fees}.,
home-buying-12,Home & daily life,Buying a home,3,2,{1:Buscamos} {2:una casa} {3:que tenga} {4:jardín} {5:y} {6:esté} {7:cerca de un colegio}.,{1:We're looking for} {2:a house} {3:that has} {4:a garden} {5:and} {6:is} {7:near a school}.,
home-buying-13,Home & daily life,Buying a home,3,2,"{1:Si} {2:bajaran} {3:el precio}, {4:la compraríamos} {5:mañana mismo}.","{1:If} {2:they lowered} {3:the price}, {4:we'd buy it} {5:tomorrow}.",
home-buying-14,Home & daily life,Buying a home,3,3,"{1:Antes de} {2:firmar}, {3:queremos} que {4:un perito} {5:revise} {6:la estructura}.","{1:Before} {2:signing}, {3:we want} {4:a surveyor} {5:to check} {6:the structure}.",
home-buying-15,Home & daily life,Buying a home,3,3,"{1:De haber sabido} {2:lo de las humedades}, {3:no} {4:habríamos hecho} {5:una oferta}.","{1:Had we known} {2:about the damp}, {4:we would}{3:n't} {4:have made} {5:an offer}.",
home-garden-01,Home & daily life,The garden,1,1,{1:Me encanta} {2:mi jardín}.,{1:I love} {2:my garden}.,
home-garden-02,Home & daily life,The garden,1,1,{1:Las flores} {2:son} {3:preciosas}.,{1:The flowers} {2:are} {3:beautiful}.,
home-garden-03,Home & daily life,The garden,1,2,{1:Hay que} {2:regar} {3:las plantas}.,{1:We need to} {2:water} {3:the plants}.,
home-garden-04,Home & daily life,The garden,1,2,{1:Tengo que} {2:cortar} {3:el césped}.,{1:I have to} {2:mow} {3:the lawn}.,
home-garden-05,Home & daily life,The garden,1,2,{1:Cultivamos} {2:tomates} {3:y} {4:lechugas}.,{1:We grow} {2:tomatoes} {3:and} {4:lettuces}.,
home-garden-06,Home & daily life,The garden,1,2,{1:Las hojas} {2:se están poniendo} {3:amarillas}.,{1:The leaves} {2:are turning} {3:yellow}.,
home-garden-07,Home & daily life,The garden,1,3,{1:Hay} {2:una plaga} {3:de pulgones}.,{1:There's} {2:an infestation} {3:of greenfly}.,
home-garden-08,Home & daily life,The garden,2,1,"{1:Si} {2:no} {3:llueve} {4:pronto}, {5:se morirán} {6:las flores}.","{1:If} {3:it does}{2:n't} {3:rain} {4:soon}, {6:the flowers} {5:will die}.",
home-garden-09,Home & daily life,The garden,2,2,{1:El año pasado} {2:planté} {3:un manzano}.,{1:Last year} {2:I planted} {3:an apple tree}.,
home-garden-10,Home & daily life,The garden,2,2,{1:Se han secado} {2:las plantas} {3:con el calor}.,{2:The plants} {1:have dried up} {3:in the heat}.,
home-garden-11,Home & daily life,The garden,2,3,{1:Poda} {2:los rosales} {3:en invierno}.,{1:Prune} {2:the roses} {3:in winter}.,
home-garden-12,Home & daily life,The garden,2,3,{1:Abona} {2:la tierra} {3:antes de} {4:sembrar}.,{1:Fertilise} {2:the soil} {3:before} {4:sowing}.,
home-garden-13,Home & daily life,The garden,3,2,{1:Mi abuelo} {2:quería} que {3:le ayudara} {4:en el huerto}.,{1:My grandfather} {2:wanted} {3:me to help him} {4:in the vegetable garden}.,
home-garden-14,Home & daily life,The garden,3,2,"{1:Para que} {2:los tomates} {3:maduren} {4:bien}, {5:necesitan} {6:mucho sol}.","{1:For} {2:tomatoes} {3:to ripen} {4:properly}, {5:they need} {6:plenty of sun}.",
home-garden-15,Home & daily life,The garden,3,3,{1:No} {2:riegues} {3:las plantas} {4:a pleno sol}.,{1:Don't} {2:water} {3:the plants} {4:in full sun}.,
home-guests-01,Home & daily life,Having guests,1,1,{1:Esta es} {2:tu habitación}.,{1:This is} {2:your room}.,
home-guests-02,Home & daily life,Having guests,1,1,{1:Estás} {2:en tu casa}.,{1:Make yourself} {2:at home}.,Literally 'you're in your own house'.
home-guests-03,Home & daily life,Having guests,1,1,¿{1:Necesitas} {2:algo} {3:más}?,{1:Do you need} {2:anything} {3:else}?,
home-guests-04,Home & daily life,Having guests,1,2,{1:Hay} {2:toallas limpias} {3:en el armario}.,{1:There are} {2:clean towels} {3:in the wardrobe}.,
home-guests-05,Home & daily life,Having guests,1,2,{1:El sofá} {2:se convierte} {3:en cama}.,{1:The sofa} {2:turns} {3:into a bed}.,
home-guests-06,Home & daily life,Having guests,2,1,{1:Te he dejado} {2:una llave} {3:en la mesa}.,{1:I've left you} {2:a key} {3:on the table}.,
home-guests-07,Home & daily life,Having guests,2,2,{1:Gracias por} {2:acogerme} {3:estos días}.,{1:Thanks for} {2:having me} {3:these last few days}.,
home-guests-08,Home & daily life,Having guests,2,3,{1:Os he preparado} {2:el cuarto de invitados}.,{1:I've got} {2:the spare room} {1:ready for you}.,
home-guests-09,Home & daily life,Having guests,3,1,{1:Quédate} {2:el tiempo} {3:que necesites}.,{1:Stay} {2:as long} {3:as you need}.,
home-guests-10,Home & daily life,Having guests,3,2,{1:Coge} {2:lo que quieras} {3:de la nevera}.,{1:Help yourself to} {2:whatever you like} {3:from the fridge}.,
home-guests-11,Home & daily life,Having guests,3,2,{1:No} {2:hacía falta} {3:que trajeras nada}.,{2:You did}{1:n't} {2:need} {3:to bring anything}.,
home-guests-12,Home & daily life,Having guests,3,2,"{1:Si} {2:hubiera sabido} que {3:venías}, {4:habría preparado} {5:la cama}.","{1:If} {2:I'd known} {3:you were coming}, {4:I'd have made up} {5:the bed}.",
home-guests-13,Home & daily life,Having guests,3,2,"{1:La próxima vez} que {2:vengas}, {3:avísame} {4:con más tiempo}.","{1:Next time} {2:you come}, {3:let me know} {4:further in advance}.",
home-guests-14,Home & daily life,Having guests,3,3,{1:No} {2:te sientas} {3:en la obligación} {4:de ayudar}.,{1:Don't} {2:feel} {3:obliged} {4:to help}.,
home-housemates-01,Home & daily life,Flatmates,1,1,¿{1:De quién} {2:es} {3:esta leche}?,{1:Whose} {3:milk} {2:is this}?,
home-housemates-02,Home & daily life,Flatmates,1,2,{1:Comparto piso} {2:con dos personas}.,{1:I share a flat} {2:with two people}.,
home-housemates-03,Home & daily life,Flatmates,1,2,{1:Nos turnamos} {2:para limpiar}.,{1:We take turns} {2:cleaning}.,
home-housemates-04,Home & daily life,Flatmates,1,2,{1:Pagamos} {2:los gastos} {3:a medias}.,{1:We pay} {2:the bills} {3:half each}.,
home-housemates-05,Home & daily life,Flatmates,1,2,{1:Mi compañera} {2:pone} {3:la música} {4:muy alta}.,{1:My flatmate} {2:plays} {3:her music} {4:very loud}.,
home-housemates-06,Home & daily life,Flatmates,1,3,{1:Siempre} {2:deja} {3:los platos} {4:sin fregar}.,{2:He} {1:always} {2:leaves} {3:the dishes} {4:unwashed}.,
home-housemates-07,Home & daily life,Flatmates,2,1,{1:Alguien} {2:se ha comido} {3:mi yogur}.,{1:Someone}{2:'s eaten} {3:my yoghurt}.,
home-housemates-08,Home & daily life,Flatmates,2,1,"{1:Saca} {2:tus cosas} {3:del baño}, {4:por favor}.","{1:Take} {2:your things} {3:out of the bathroom}, {4:please}.",
home-housemates-09,Home & daily life,Flatmates,2,3,{1:Hemos hecho} {2:un cuadrante} {3:de limpieza}.,{1:We've made} {2:a} {3:cleaning} {2:rota}.,
home-housemates-10,Home & daily life,Flatmates,2,3,{1:Se fue} {2:sin pagar} {3:su parte del alquiler}.,{1:She left} {2:without paying} {3:her share of the rent}.,
home-housemates-11,Home & daily life,Flatmates,3,1,{1:No} {2:uses} {3:mis cosas} {4:sin preguntar}.,{1:Don't} {2:use} {3:my things} {4:without asking}.,
home-housemates-12,Home & daily life,Flatmates,3,2,{1:Me molesta} que {2:traiga} {3:gente} {4:sin avisar}.,{1:It annoys me} {2:when he brings} {3:people} {2:round} {4:without warning}.,
home-housemates-13,Home & daily life,Flatmates,3,2,{1:Sería mejor} que {2:habláramos} {3:las cosas} {4:claramente}.,{1:It would be better} {2:if we talked} {3:things} {2:through} {4:openly}.,
home-housemates-14,Home & daily life,Flatmates,3,2,"{1:Si} {2:fuera} {3:más ordenada}, {4:no} {5:discutiríamos} {6:tanto}.","{1:If} {2:she were} {3:tidier}, {5:we would}{4:n't} {5:argue} {6:so much}.",
home-housemates-15,Home & daily life,Flatmates,3,3,{1:Propongo} que {2:pongamos} {3:un bote} {4:para la compra común}.,{1:I suggest} {2:we have} {3:a kitty} {4:for shared shopping}.,
people-family-01,Family & friends,Family,1,1,{1:Tengo} {2:dos hermanos}.,{1:I have} {2:two brothers}.,hermanos can also mean 'brothers and sisters'.
people-family-02,Family & friends,Family,1,1,{1:Mi hermana} {2:es} {3:mayor} {4:que yo}.,{1:My sister} {2:is} {3:older} {4:than me}.,"After que, Spanish uses yo, not me."
people-family-03,Family & friends,Family,1,1,{1:Mis padres} {2:viven} {3:en el campo}.,{1:My parents} {2:live} {3:in the countryside}.,
people-family-08,Family & friends,Family,1,1,{1:Soy} {2:hij[o|a] únic[o|a]}.,{1:I'm} {2:an only child}.,
people-family-09,Family & friends,Family,1,1,{1:Tengo} {2:una hija} {3:y} {4:un hijo}.,{1:I have} {2:a daughter} {3:and} {4:a son}.,
people-family-10,Family & friends,Family,1,1,{1:Mi familia} {2:es} {3:muy grande}.,{1:My family} {2:is} {3:very big}.,
people-family-11,Family & friends,Family,1,1,{1:Mi hermano} {2:vive} {3:en Australia}.,{1:My brother} {2:lives} {3:in Australia}.,
people-family-04,Family & friends,Family,1,2,{1:Mi primo} {2:se parece mucho} a {3:mi tío}.,{1:My cousin} {2:looks a lot like} {3:my uncle}.,parecerse a = to look like.
people-family-12,Family & friends,Family,1,2,{1:Mi suegra} {2:viene} {3:a comer} {4:los domingos}.,{1:My mother-in-law} {2:comes} {3:for lunch} {4:on Sundays}.,
people-family-13,Family & friends,Family,1,2,{1:Mis padres} {2:están} {3:divorciados}.,{1:My parents} {2:are} {3:divorced}.,
people-family-14,Family & friends,Family,1,2,{1:Me llevo} {2:muy bien} {3:con mi cuñada}.,{1:I get on} {2:really well} {3:with my sister-in-law}.,
people-family-15,Family & friends,Family,1,2,{1:Mi sobrina} {2:tiene} {3:la misma edad} {4:que mi hija}.,{1:My niece} {2:is} {3:the same age} {4:as my daughter}.,
people-family-16,Family & friends,Family,1,3,{1:Mi padrastro} {2:es} {3:de Sevilla}.,{1:My stepfather} {2:is} {3:from Seville}.,
people-family-17,Family & friends,Family,1,3,{1:Tengo} {2:un medio hermano} {3:por parte de padre}.,{1:I have} {2:a half-brother} {3:on my father's side}.,
people-family-18,Family & friends,Family,1,3,{1:Mi familia política} {2:es} {3:encantadora}.,{1:My in-laws} {2:are} {3:lovely}.,
people-family-05,Family & friends,Family,2,1,{1:Mis abuelos} {2:se conocieron} {3:en un baile}.,{1:My grandparents} {2:met} {3:at a dance}.,conocerse in the preterite = to meet for the first time.
people-family-06,Family & friends,Family,2,1,"{1:De pequeñ[o|a]}, {2:pasaba} {3:los veranos} {4:en casa de mis abuelos}.","{1:As a child}, {2:I spent} {3:the summers} {4:at my grandparents'}.",The imperfect for repeated actions in the past.
people-family-19,Family & friends,Family,2,1,{1:Mi abuela} {2:murió} {3:el año pasado}.,{1:My grandmother} {2:died} {3:last year}.,
people-family-20,Family & friends,Family,2,2,{1:Me crie} {2:con mis tíos}.,{1:I was brought up} {2:by my aunt and uncle}.,
people-family-21,Family & friends,Family,2,2,{1:Mi hermana} {2:acaba de tener} {3:gemelos}.,{1:My sister} {2:has just had} {3:twins}.,
people-family-22,Family & friends,Family,2,3,{1:Nos reunimos} {2:toda la familia} {3:en Nochebuena}.,{2:The whole family} {1:gets together} {3:on Christmas Eve}.,
people-family-07,Family & friends,Family,3,2,{1:A mi madre} {2:le encantaría} que {3:la visitáramos} {4:más a menudo}.,{1:My mother} {2:would love} {3:us to visit her} {4:more often}.,Conditional + que + imperfect subjunctive.
people-family-23,Family & friends,Family,3,2,{1:A mis padres} {2:les gustaría} que {3:me casara}.,{1:My parents} {2:would like} {3:me to get married}.,
people-family-24,Family & friends,Family,3,3,"{1:Si} {2:mi abuelo} {3:viviera}, {4:estaría} {5:orgulloso} {6:de ti}.","{1:If} {2:my grandfather} {3:were alive}, {4:he'd be} {5:proud} {6:of you}.",
people-family-25,Family & friends,Family,3,3,"{1:Aunque} {2:vivamos} {3:lejos}, {4:hablamos} {5:todas las semanas}.","{1:Even though} {2:we live} {3:far apart}, {4:we talk} {5:every week}.","Aunque + subjunctive here concedes the point: 'even though, granted, we live far apart'."
people-plans-01,Family & friends,Making plans,1,1,¿{1:Quedamos} {2:mañana}?,{1:Shall we meet up} {2:tomorrow}?,quedar = to arrange to meet. Very common in Spain.
people-plans-02,Family & friends,Making plans,1,1,¿{1:Qué} {2:haces} {3:este fin de semana}?,{1:What} {2:are you doing} {3:this weekend}?,The simple present often covers 'are doing'.
people-plans-03,Family & friends,Making plans,1,1,{1:Vamos a} {2:ir} {3:al cine} {4:el sábado}.,{1:We're going to} {2:go} {3:to the cinema} {4:on Saturday}.,No word for 'on' with days: just el sábado.
people-plans-04,Family & friends,Making plans,1,1,"{1:Vale}, {2:nos vemos} {3:a las ocho} {4:en la plaza}.","{1:OK}, {2:see you} {3:at eight} {4:in the square}.",
people-plans-10,Family & friends,Making plans,1,1,¿{1:Estás libre} {2:el viernes}?,{1:Are you free} {2:on Friday}?,
people-plans-11,Family & friends,Making plans,1,1,¿{1:Dónde} {2:quedamos} {3:exactamente}?,"{1:Where} {2:shall we meet}, {3:exactly}?",
people-plans-12,Family & friends,Making plans,1,1,{1:Me viene bien} {2:el sábado}.,{2:Saturday} {1:suits me}.,
people-plans-13,Family & friends,Making plans,1,1,{1:Mejor} {2:otro día}.,{2:Another day} {1:would be better}.,
people-plans-05,Family & friends,Making plans,1,2,¿{1:Te apetece} {2:tomar algo}?,{1:Do you fancy} {2:a drink}?,apetecer works like gustar: 'does it appeal to you?'
people-plans-06,Family & friends,Making plans,1,2,{1:Te mando} {2:la ubicación} {3:por WhatsApp}.,{1:I'll send you} {2:the location} {3:on WhatsApp}.,The present tense is often used for the near future.
people-plans-14,Family & friends,Making plans,1,2,¿{1:Te apuntas}?,{1:Are you in}?,
people-plans-15,Family & friends,Making plans,1,2,{1:Estoy} {2:a tope} {3:esta semana}.,{1:I'm} {2:snowed under} {3:this week}.,
people-plans-16,Family & friends,Making plans,1,2,{1:Quedamos} {2:en la puerta del cine}.,{1:Let's meet} {2:outside the cinema}.,
people-plans-17,Family & friends,Making plans,1,3,{1:Lo dejamos} {2:para la semana que viene}.,{1:Let's leave it} {2:until next week}.,
people-plans-07,Family & friends,Making plans,2,1,"{1:Lo siento}, {2:no} {3:puedo}; {4:ya} {5:he quedado} {6:con otra gente}.","{1:Sorry}, {3:I can}{2:'t}; {5:I've} {4:already} {5:made plans} {6:with other people}.",
people-plans-18,Family & friends,Making plans,2,1,{1:Te llamo} {2:luego} {3:y} {4:lo hablamos}.,{1:I'll ring you} {2:later} {3:and} {4:we'll talk about it}.,
people-plans-19,Family & friends,Making plans,2,2,{1:Tengo que} {2:cancelar} {3:lo de mañana}.,{1:I have to} {2:cancel} {3:tomorrow}.,
people-plans-20,Family & friends,Making plans,2,2,{1:Ha surgido} {2:algo} {3:en el trabajo}.,{2:Something} {1:has come up} {3:at work}.,
people-plans-21,Family & friends,Making plans,2,2,{1:Reservé} {2:mesa} {3:para las nueve}.,{1:I booked} {2:a table} {3:for nine}.,
people-plans-22,Family & friends,Making plans,2,3,{1:Llegaré} {2:un poco tarde}; {3:empezad} {4:sin mí}.,{1:I'll be} {2:a bit late}; {3:start} {4:without me}.,
people-plans-08,Family & friends,Making plans,3,1,{1:Llámame} {2:en cuanto} {3:sepas} {4:algo}.,{1:Call me} {2:as soon as} {3:you know} {4:anything}.,en cuanto + subjunctive for a future moment.
people-plans-09,Family & friends,Making plans,3,1,"{1:Me dijo} que {2:vendría}, {3:pero} {4:dudo} que {5:venga}.","{1:She told me} {2:she'd come}, {3:but} {4:I doubt} {5:she will}.",Reported future becomes conditional (vendría); doubt takes the subjunctive (venga).
people-plans-23,Family & friends,Making plans,3,1,"{1:Cuando} {2:sepas} {3:la hora}, {4:dímelo}.","{1:When} {2:you know} {3:the time}, {4:tell me}.",
people-plans-24,Family & friends,Making plans,3,2,{1:Prefiero} que {2:vengáis} {3:a casa}.,{1:I'd rather} {2:you came} {3:to ours}.,
people-plans-25,Family & friends,Making plans,3,3,"{1:Si} {2:hubiera sabido} que {3:venías}, {4:habría reservado} {5:para tres}.","{1:If} {2:I'd known} {3:you were coming}, {4:I'd have booked} {5:for three}.",
people-feelings-01,Family & friends,Feelings,1,1,{1:Estoy} {2:muy content[o|a]}.,{1:I'm} {2:very happy}.,estar for how you feel right now.
people-feelings-02,Family & friends,Feelings,1,1,{1:Estoy} {2:un poco} {3:nervios[o|a]}.,{1:I'm} {2:a bit} {3:nervous}.,
people-feelings-09,Family & friends,Feelings,1,1,{1:Estoy} {2:cansad[o|a]}.,{1:I'm} {2:tired}.,
people-feelings-10,Family & friends,Feelings,1,1,{1:Estoy} {2:aburrid[o|a]}.,{1:I'm} {2:bored}.,
people-feelings-11,Family & friends,Feelings,1,1,{1:Tengo} {2:miedo} {3:de volar}.,{1:I'm} {2:scared} {3:of flying}.,
people-feelings-03,Family & friends,Feelings,1,2,{1:Echo de menos} a {2:mi familia}.,{1:I miss} {2:my family}.,echar de menos = to miss (someone). Note the personal a.
people-feelings-04,Family & friends,Feelings,1,2,{1:Estoy} {2:enfadad[o|a]} {3:con mi hermano}.,{1:I'm} {2:angry} {3:with my brother}.,
people-feelings-12,Family & friends,Feelings,1,2,{1:Estoy} {2:hart[o|a]} {3:de esperar}.,{1:I'm} {2:fed up} {3:with waiting}.,
people-feelings-13,Family & friends,Feelings,1,2,{1:Me siento} {2:muy sol[o|a]} {3:aquí}.,{1:I feel} {2:very lonely} {3:here}.,
people-feelings-14,Family & friends,Feelings,1,2,{1:Estoy} {2:orgullos[o|a]} {3:de ti}.,{1:I'm} {2:proud} {3:of you}.,
people-feelings-15,Family & friends,Feelings,1,2,{1:Me da} {2:vergüenza} {3:hablar en público}.,{3:Speaking in public} {1:makes me} {2:embarrassed}.,
people-feelings-16,Family & friends,Feelings,1,3,{1:Estoy} {2:agobiad[o|a]} {3:con tanto trabajo}.,{1:I'm} {2:overwhelmed} {3:with so much work}.,
people-feelings-17,Family & friends,Feelings,1,3,{1:Me siento} {2:culpable}.,{1:I feel} {2:guilty}.,
people-feelings-18,Family & friends,Feelings,1,3,{1:Tengo} {2:morriña} {3:de mi tierra}.,{1:I'm} {2:homesick} {3:for home}.,"morriña is a Galician word for longing, used across Spain."
people-feelings-19,Family & friends,Feelings,2,1,{1:Me puse} {2:muy content[o|a]} {3:al verte}.,{1:I was} {2:so happy} {3:to see you}.,
people-feelings-05,Family & friends,Feelings,2,2,{1:Me puse} {2:muy nervios[o|a]} {3:antes de} {4:la entrevista}.,{1:I got} {2:really nervous} {3:before} {4:the interview}.,"ponerse + adjective = to become, to get."
people-feelings-20,Family & friends,Feelings,2,2,{1:Me llevé} {2:un disgusto} {3:enorme}.,{1:I was} {3:terribly} {2:upset}.,
people-feelings-21,Family & friends,Feelings,2,2,{1:Me he emocionado} {2:con la película}.,{2:The film} {1:really moved me}.,
people-feelings-22,Family & friends,Feelings,2,3,{1:Me quedé} {2:de piedra} {3:cuando} {4:me lo contó}.,{1:I was} {2:stunned} {3:when} {4:she told me}.,
people-feelings-06,Family & friends,Feelings,3,1,{1:Me da pena} que {2:te vayas}.,{1:It makes me sad} {2:that you're leaving}.,Emotions + que take the subjunctive (vayas).
people-feelings-07,Family & friends,Feelings,3,1,{1:Me molesta} que {2:la gente} {3:no} {4:diga} {5:la verdad}.,{1:It bothers me} {2:when people} {4:do}{3:n't} {4:tell} {5:the truth}.,"molestar works like gustar, and takes the subjunctive after que."
people-feelings-08,Family & friends,Feelings,3,2,{1:Me arrepiento de} {2:no} {3:haberle dicho} {4:lo que} {5:sentía}.,{1:I regret} {2:not} {3:telling him} {4:how} {5:I felt}.,haber + past participle after a preposition: 'not having told'.
people-feelings-23,Family & friends,Feelings,3,2,{1:Me alegro mucho} de que {2:estés} {3:mejor}.,{1:I'm so glad} {2:you're} {3:feeling better}.,
people-feelings-24,Family & friends,Feelings,3,2,{1:Me preocupa} que {2:no} {3:me haya llamado}.,{1:I'm worried} {3:she has}{2:n't} {3:called me}.,
people-feelings-25,Family & friends,Feelings,3,3,{1:Me habría gustado} que {2:me lo dijeras} {3:antes}.,{1:I'd have liked} {2:you to tell me} {3:earlier}.,
people-feelings-26,Family & friends,Feelings,3,3,{1:No soporto} que {2:me hablen} {3:en ese tono}.,{1:I can't stand} {2:people talking to me} {3:in that tone}.,
people-describing-01,Family & friends,Describing people,1,1,{1:Es} {2:alto} {3:y} {4:moreno}.,{1:He's} {2:tall} {3:and} {4:dark-haired}.,moreno can mean dark-haired or tanned.
people-describing-02,Family & friends,Describing people,1,1,{1:Tiene} {2:los ojos} {3:azules}.,{1:She has} {3:blue} {2:eyes}.,
people-describing-03,Family & friends,Describing people,1,1,{1:Mi amiga} {2:es} {3:muy simpática}.,{1:My friend} {2:is} {3:really nice}.,
people-describing-04,Family & friends,Describing people,1,2,{1:Lleva} {2:gafas} {3:y} {4:barba}.,{1:He wears} {2:glasses} {3:and} {4:has a beard}.,
people-describing-05,Family & friends,Describing people,1,2,"{1:Es} {2:un poco} {3:tímido}, {4:pero} {5:muy divertido}.","{1:He's} {2:a bit} {3:shy}, {4:but} {5:really funny}.",
people-describing-06,Family & friends,Describing people,1,2,{1:Tiene} {2:el pelo} {3:rizado}.,{1:She has} {3:curly} {2:hair}.,
people-describing-07,Family & friends,Describing people,1,2,{1:Es} {2:más} {3:trabajador} {4:que} {5:su hermano}.,{1:He's} {2:more} {3:hard-working} {4:than} {5:his brother}.,
people-describing-08,Family & friends,Describing people,1,2,{1:Es} {2:la persona} {3:más generosa} {4:que conozco}.,{1:She's} {2:the} {3:most generous} {2:person} {4:I know}.,
people-describing-09,Family & friends,Describing people,1,2,"{1:Se parece} {2:a su padre}, {3:pero} {4:tiene} {5:el carácter} {6:de su madre}.","{1:He looks like} {2:his father}, {3:but} {4:he has} {6:his mother's} {5:personality}.",
people-describing-10,Family & friends,Describing people,1,3,{1:Es} {2:muy} {3:cabezota}.,{1:He's} {2:very} {3:stubborn}.,
people-describing-11,Family & friends,Describing people,2,1,{1:Ha cambiado} {2:mucho} {3:desde que} {4:la conocí}.,{1:She's changed} {2:a lot} {3:since} {4:I met her}.,
people-describing-12,Family & friends,Describing people,2,2,"{1:De joven}, {2:era} {3:muy deportista}.","{1:When he was young}, {2:he was} {3:very sporty}.",
people-describing-13,Family & friends,Describing people,3,1,{1:Habla} {2:como si} {3:lo supiera} {4:todo}.,{1:He talks} {2:as if} {3:he knew} {4:everything}.,
people-describing-14,Family & friends,Describing people,3,2,{1:No} {2:conozco} a {3:nadie} que {4:sea} {5:tan paciente} {6:como ella}.,{2:I do}{1:n't} {2:know} {3:anyone} {4:who's} {5:as patient} {6:as her}.,The subjunctive after 'nobody who...': the person may not exist.
people-describing-15,Family & friends,Describing people,3,3,"{1:Aunque} {2:parezca} {3:seria}, {4:en realidad} {5:es} {6:muy cariñosa}.","{1:Although} {2:she may seem} {3:serious}, {5:she's} {4:actually} {6:very affectionate}.",
people-relationships-01,Family & friends,Relationships,1,1,{1:Te quiero}.,{1:I love you}.,"Te quiero is for partners, family and close friends."
people-relationships-02,Family & friends,Relationships,1,1,{1:Tengo} {2:novio}.,{1:I have} {2:a boyfriend}.,
people-relationships-03,Family & friends,Relationships,1,1,{1:Mi pareja} {2:trabaja} {3:en un hospital}.,{1:My partner} {2:works} {3:in a hospital}.,
people-relationships-04,Family & friends,Relationships,1,2,{1:Nos llevamos} {2:muy bien}.,{1:We get on} {2:really well}.,llevarse bien = to get on.
people-relationships-05,Family & friends,Relationships,1,2,{1:Mi hermano} {2:se casa} {3:en junio}.,{1:My brother} {2:is getting married} {3:in June}.,
people-relationships-06,Family & friends,Relationships,2,1,{1:Estamos} {2:juntos} {3:desde hace} {4:cinco años}.,{1:We've been} {2:together} {3:for} {4:five years}.,
people-relationships-07,Family & friends,Relationships,2,1,{1:Llevan} {2:diez años} {3:casados}.,{1:They've been} {3:married} {1:for} {2:ten years}.,
people-relationships-08,Family & friends,Relationships,2,2,{1:Nos conocimos} {2:en una boda}.,{1:We met} {2:at a wedding}.,
people-relationships-09,Family & friends,Relationships,2,2,{1:Mi mejor amigo} {2:y yo} {3:nos peleamos} {4:la semana pasada}.,{1:My best friend} {2:and I} {3:had a fight} {4:last week}.,
people-relationships-10,Family & friends,Relationships,2,2,{1:Rompieron} {2:hace} {3:un mes}.,{1:They broke up} {3:a month} {2:ago}.,
people-relationships-11,Family & friends,Relationships,2,3,{1:Ya} {2:nos hemos reconciliado}.,{2:We've} {1:already} {2:made up}.,
people-relationships-12,Family & friends,Relationships,3,1,{1:Quiero} que {2:seas} {3:feliz}.,{1:I want} {2:you to be} {3:happy}.,querer que + subjunctive.
people-relationships-13,Family & friends,Relationships,3,1,{1:Me molesta} que no {2:me llame} {3:nunca}.,{1:It annoys me} {2:that he} {3:never} {2:calls me}.,Spanish doubles the negative: no... nunca.
people-relationships-14,Family & friends,Relationships,3,1,{1:Ojalá} {2:hablaras} {3:conmigo} {4:antes de} {5:decidir}.,{1:I wish} {2:you'd talk} {3:to me} {4:before} {5:deciding}.,
people-relationships-15,Family & friends,Relationships,3,2,{1:Le pidió} que {2:se casara con él} {3:durante} {4:un viaje} {5:a Roma}.,{1:He asked her} {2:to marry him} {3:during} {4:a trip} {5:to Rome}.,
people-celebrations-01,Family & friends,Celebrations,1,1,¡{1:Feliz cumpleaños}!,{1:Happy birthday}!,
people-celebrations-02,Family & friends,Celebrations,1,1,¡{1:Felicidades}!,{1:Congratulations}!,
people-celebrations-03,Family & friends,Celebrations,1,1,¡{1:Feliz Navidad}!,{1:Happy Christmas}!,
people-celebrations-04,Family & friends,Celebrations,1,1,{1:Mañana} {2:es} {3:mi cumpleaños}.,{1:Tomorrow} {2:is} {3:my birthday}.,
people-celebrations-05,Family & friends,Celebrations,1,2,{1:Vamos a} {2:hacer} {3:una fiesta} {4:sorpresa}.,{1:We're going to} {2:throw} {3:a} {4:surprise} {3:party}.,
people-celebrations-06,Family & friends,Celebrations,1,2,¿{1:Qué} {2:le regalamos}?,{1:What} {2:shall we get him}?,regalar = to give as a present.
people-celebrations-07,Family & friends,Celebrations,1,2,{1:Cumplo} {2:cuarenta} {3:el sábado}.,{1:I turn} {2:forty} {3:on Saturday}.,cumplir = to turn (an age).
people-celebrations-08,Family & friends,Celebrations,2,1,{1:Te he comprado} {2:un regalo}.,{1:I've bought you} {2:a present}.,
people-celebrations-09,Family & friends,Celebrations,2,2,¿{1:Qué} {2:hiciste} {3:en Nochevieja}?,{1:What} {2:did you do} {3:on New Year's Eve}?,
people-celebrations-10,Family & friends,Celebrations,2,2,{1:Celebramos} {2:la boda} {3:en el campo}.,{1:We held} {2:the wedding} {3:in the countryside}.,
people-celebrations-11,Family & friends,Celebrations,2,3,{1:La boda} {2:será} {3:en una finca} {4:a las afueras}.,{1:The wedding} {2:will be} {3:at a country estate} {4:on the outskirts}.,
people-celebrations-12,Family & friends,Celebrations,3,1,{1:Que} {2:cumplas} {3:muchos más}.,{1:I hope} {2:you have} {3:many more}.,Que + subjunctive on its own: a wish for someone.
people-celebrations-13,Family & friends,Celebrations,3,1,{1:Espero} que {2:lo pases} {3:genial} {4:en tu fiesta}.,{1:I hope} {2:you have} {3:a great time} {4:at your party}.,
people-celebrations-14,Family & friends,Celebrations,3,1,"{1:Si} {2:hubiera sabido} que {3:era} {4:tu cumpleaños}, {5:te habría traído} {6:algo}.","{1:If} {2:I'd known} {3:it was} {4:your birthday}, {5:I'd have brought you} {6:something}.",
people-celebrations-15,Family & friends,Celebrations,3,2,{1:Brindemos} {2:por} {3:los novios}.,{1:Let's drink a toast} {2:to} {3:the bride and groom}.,"Brindemos = 'let's toast' (a nosotros command, subjunctive form)."
people-children-01,Family & friends,Children,1,1,{1:Tengo} {2:una hija} {3:de cinco años}.,{1:I have} {2:a} {3:five-year-old} {2:daughter}.,
people-children-02,Family & friends,Children,1,1,{1:Mi hijo} {2:va} {3:al colegio} {4:aquí al lado}.,{1:My son} {2:goes} {3:to school} {4:nearby}.,
people-children-03,Family & friends,Children,1,1,{1:Los niños} {2:están jugando} {3:en el parque}.,{1:The children} {2:are playing} {3:in the park}.,
people-children-04,Family & friends,Children,1,1,{1:Es hora de} {2:acostarse}.,{1:It's time} {2:for bed}.,
people-children-05,Family & friends,Children,1,1,{1:Mi hija} {2:tiene} {3:miedo} {4:a los perros}.,{1:My daughter} {2:is} {3:scared} {4:of dogs}.,tener miedo = 'to have fear'.
people-children-06,Family & friends,Children,1,3,¿{1:Hay} {2:un cambiador} {3:en el baño}?,{1:Is there} {2:a baby changing table} {3:in the toilets}?,
people-children-07,Family & friends,Children,2,1,{1:Lávate} {2:las manos}.,{1:Wash} {2:your hands}.,Reflexive commands attach the pronoun: lava + te.
people-children-08,Family & friends,Children,2,1,"{1:Ponte} {2:el abrigo}, que {3:hace frío}.",{1:Put} {2:your coat} {1:on}; {3:it's cold}.,
people-children-09,Family & friends,Children,2,1,"{1:Cuando} {2:era} {3:bebé}, {4:no} {5:dormía} {6:nada}.","{1:When} {2:she was} {3:a baby}, {5:she did}{4:n't} {5:sleep} {6:at all}.",
people-children-10,Family & friends,Children,2,2,{1:Se ha portado} {2:muy bien} {3:hoy}.,{1:He's behaved} {2:very well} {3:today}.,
people-children-11,Family & friends,Children,2,2,"{1:Si} {2:sigues} {3:portándote así}, {4:no} {5:iremos} {6:al parque}.","{1:If} {2:you keep} {3:behaving like this}, {5:we wo}{4:n't} {5:go} {6:to the park}.",
people-children-12,Family & friends,Children,2,3,{1:Hemos contratado} a {2:una canguro} {3:para el sábado}.,{1:We've booked} {2:a babysitter} {3:for Saturday}.,
people-children-13,Family & friends,Children,3,1,"{1:No} {2:toques} {3:eso}, que {4:quema}.",{1:Don't} {2:touch} {3:that}; {4:it's hot}.,
people-children-14,Family & friends,Children,3,1,{1:Quiero} que {2:te comas} {3:las verduras}.,{1:I want} {2:you to eat} {3:your vegetables}.,
people-children-15,Family & friends,Children,3,2,{1:Te dejo} {2:jugar} {3:con la tablet} {4:cuando} {5:termines} {6:los deberes}.,{1:I'll let you} {2:play} {3:on the tablet} {4:when} {5:you finish} {6:your homework}.,
people-worries-01,Family & friends,Worries & stress,1,1,{1:Estoy} {2:muy estresad[o|a]}.,{1:I'm} {2:really stressed}.,
people-worries-02,Family & friends,Worries & stress,1,1,{1:No} {2:duermo} {3:bien} {4:últimamente}.,{2:I have}{1:n't} {2:been sleeping} {3:well} {4:lately}.,
people-worries-03,Family & friends,Worries & stress,1,1,{1:Tengo} {2:mucho trabajo}.,{1:I have} {2:a lot of work}.,
people-worries-04,Family & friends,Worries & stress,1,1,{1:Me preocupa} {2:mi madre}.,{1:I'm worried about} {2:my mother}.,preocupar works like gustar: 'my mother worries me'.
people-worries-05,Family & friends,Worries & stress,1,2,{1:Necesito} {2:desconectar}.,{1:I need} {2:to switch off}.,
people-worries-06,Family & friends,Worries & stress,1,3,{1:Estoy} {2:agobiad[o|a]} {3:con los exámenes}.,{1:I'm} {2:overwhelmed} {3:with exams}.,
people-worries-07,Family & friends,Worries & stress,2,1,{1:Ayer} {2:tuve} {3:un día} {4:horrible}.,{1:Yesterday} {2:I had} {3:a} {4:horrible} {3:day}.,
people-worries-08,Family & friends,Worries & stress,2,1,{1:Hablar} {2:contigo} {3:me ha ayudado} {4:mucho}.,{1:Talking} {2:to you} {3:has helped me} {4:a lot}.,An infinitive can be the subject: 'talking'.
people-worries-09,Family & friends,Worries & stress,2,2,{1:Últimamente} {2:me he sentido} {3:muy sol[o|a]}.,{1:Lately} {2:I've felt} {3:very lonely}.,
people-worries-10,Family & friends,Worries & stress,2,2,{1:Me tomaré} {2:unos días} {3:libres}.,{1:I'll take} {2:a few days} {3:off}.,
people-worries-11,Family & friends,Worries & stress,3,1,{1:No} {2:te preocupes}.,{1:Don't} {2:worry}.,A negative tú command: subjunctive form.
people-worries-12,Family & friends,Worries & stress,3,1,{1:Ojalá} {2:todo} {3:salga} {4:bien}.,{1:I hope} {2:everything} {3:turns out} {4:well}.,
people-worries-13,Family & friends,Worries & stress,3,2,{1:Me agobia} que {2:la gente} {3:espere} {4:tanto} {5:de mí}.,{1:It gets to me} {2:that people} {3:expect} {4:so much} {5:of me}.,
people-worries-14,Family & friends,Worries & stress,3,2,"{1:Si} {2:yo fuera} {3:tú}, {4:hablaría} {5:con un profesional}.","{1:If} {2:I were} {3:you}, {4:I'd talk} {5:to a professional}.",
people-worries-15,Family & friends,Worries & stress,3,2,"{1:Aunque} {2:me cueste}, {3:voy a} {4:intentar} {5:ver} {6:el lado positivo}.","{1:Even if} {2:it's hard for me}, {3:I'm going to} {4:try} {5:to see} {6:the positive side}.",
people-dating-01,Family & friends,Dating,1,1,¿{1:Tienes} {2:pareja}?,{1:Do you have} {2:a partner}?,
people-dating-02,Family & friends,Dating,1,1,{1:Me gustas} {2:mucho}.,{1:I} {2:really} {1:like you}.,Literally 'you please me a lot'.
people-dating-03,Family & friends,Dating,1,1,¿{1:Quieres} {2:salir} {3:conmigo}?,{1:Do you want} {2:to go out} {3:with me}?,
people-dating-04,Family & friends,Dating,1,2,¿{1:Te apetece} {2:tomar un café} {3:algún día}?,{1:Do you fancy} {2:getting a coffee} {3:sometime}?,
people-dating-05,Family & friends,Dating,1,2,{1:Estoy} {2:muy nervios[o|a]} {3:por la cita}.,{1:I'm} {2:really nervous} {3:about the date}.,
people-dating-06,Family & friends,Dating,1,2,{1:Creo} que {2:estoy} {3:enamorad[o|a]}.,{1:I think} {2:I'm} {3:in love}.,
people-dating-07,Family & friends,Dating,1,2,{1:No sé} {2:si} {3:le gusto} {4:o} {5:solo} {6:es amable} {7:conmigo}.,{1:I don't know} {2:if} {3:she likes me} {4:or} {6:is} {5:just} {6:being nice} {7:to me}.,
people-dating-08,Family & friends,Dating,2,2,{1:Nos conocimos} {2:por una aplicación}.,{1:We met} {2:on an app}.,
people-dating-09,Family & friends,Dating,2,2,{1:Lo pasamos} {2:muy bien} {3:en la primera cita}.,{1:We had} {2:a really good time} {3:on our first date}.,
people-dating-10,Family & friends,Dating,2,2,{1:No} {2:me ha contestado} {3:al mensaje}.,{2:He has}{1:n't} {2:answered} {3:my message}.,
people-dating-11,Family & friends,Dating,2,3,{1:Me dejó plantad[o|a]}.,{1:She stood me up}.,
people-dating-12,Family & friends,Dating,2,3,{1:Hubo} {2:química} {3:desde el principio}.,{1:There was} {2:chemistry} {3:from the start}.,
people-dating-13,Family & friends,Dating,3,1,{1:Me gustaría} que {2:nos viéramos} {3:otra vez}.,{1:I'd like} {2:us to see each other} {3:again}.,
people-dating-14,Family & friends,Dating,3,1,{1:Espero} que {2:me llame} {3:esta semana}.,{1:I hope} {2:he calls me} {3:this week}.,
people-dating-15,Family & friends,Dating,3,3,"{1:Si} {2:me hubiera atrevido} {3:a hablarle}, {4:quizás} {5:ahora} {6:estaríamos juntos}.","{1:If} {2:I'd dared} {3:to talk to her}, {4:maybe} {6:we'd be together} {5:now}.",
people-arguments-01,Family & friends,Arguments & making up,1,1,{1:Estoy} {2:muy enfadad[o|a]} {3:contigo}.,{1:I'm} {2:really angry} {3:with you}.,
people-arguments-02,Family & friends,Arguments & making up,1,1,{1:No} {2:quiero} {3:hablar} {4:de eso}.,{2:I do}{1:n't} {2:want} {3:to talk} {4:about it}.,
people-arguments-03,Family & friends,Arguments & making up,1,1,"{1:Lo siento}, {2:tienes razón}.","{1:I'm sorry}, {2:you're right}.",
people-arguments-04,Family & friends,Arguments & making up,1,1,{1:Siempre} {2:llegas} {3:tarde}.,{2:You're} {1:always} {3:late}.,
people-arguments-05,Family & friends,Arguments & making up,1,2,{1:No} {2:es} {3:para tanto}.,{2:It's} {1:not} {3:that big a deal}.,
people-arguments-06,Family & friends,Arguments & making up,1,3,{1:Estás} {2:sacando las cosas de quicio}.,{1:You're} {2:blowing things out of proportion}.,
people-arguments-07,Family & friends,Arguments & making up,2,1,{1:Perdóname}.,{1:Forgive me}.,
people-arguments-08,Family & friends,Arguments & making up,2,2,{1:No} {2:quería} {3:hacerte daño}.,{2:I did}{1:n't} {2:mean} {3:to hurt you}.,
people-arguments-09,Family & friends,Arguments & making up,2,2,{1:Me has decepcionado}.,{1:You've let me down}.,
people-arguments-10,Family & friends,Arguments & making up,2,2,{1:Discutimos} {2:por una tontería}.,{1:We argued} {2:over something silly}.,
people-arguments-11,Family & friends,Arguments & making up,3,1,{1:No} {2:me hables} {3:así}.,{1:Don't} {2:talk to me} {3:like that}.,
people-arguments-12,Family & friends,Arguments & making up,3,1,{1:Quiero} que {2:me pidas perdón}.,{1:I want} {2:you to apologise}.,
people-arguments-13,Family & friends,Arguments & making up,3,1,"{1:Si} {2:me hubieras escuchado}, {3:no} {4:habríamos discutido}.","{1:If} {2:you'd listened to me}, {4:we would}{3:n't} {4:have argued}.",
people-arguments-14,Family & friends,Arguments & making up,3,2,{1:Me duele} que {2:no} {3:confíes} {4:en mí}.,{1:It hurts me} {3:that you do}{2:n't} {3:trust} {4:me}.,
people-arguments-15,Family & friends,Arguments & making up,3,2,{1:Hagamos las paces}.,{1:Let's make up}.,Hagamos = 'let's make' (a nosotros command).
people-arguments-16,Family & friends,Arguments & making up,3,2,"{1:Por mucho que} {2:te enfades}, {3:no} {4:voy a} {5:cambiar} {6:de opinión}.","{1:However angry} {2:you get}, {4:I'm} {3:not} {4:going to} {5:change} {6:my mind}.",
people-gatherings-01,Family & friends,Family gatherings,1,1,{1:Este domingo} {2:comemos} {3:en casa de mis padres}.,{1:This Sunday} {2:we're having lunch} {3:at my parents'}.,
people-gatherings-02,Family & friends,Family gatherings,1,1,{1:Viene} {2:toda la familia}.,{2:The whole family} {1:is coming}.,
people-gatherings-03,Family & friends,Family gatherings,1,1,{1:Mi tía} {2:siempre} {3:cocina} {4:demasiado}.,{1:My aunt} {2:always} {3:cooks} {4:too much}.,
people-gatherings-04,Family & friends,Family gatherings,1,1,{1:Mis primos} {2:viven} {3:en otra ciudad}.,{1:My cousins} {2:live} {3:in another city}.,
people-gatherings-05,Family & friends,Family gatherings,1,2,{1:Somos} {2:una familia} {3:muy numerosa}.,{1:We're} {2:a} {3:very big} {2:family}.,
people-gatherings-06,Family & friends,Family gatherings,1,3,{1:Mi cuñado} {2:es} {3:muy} {4:hablador}.,{1:My brother-in-law} {2:is} {3:very} {4:chatty}.,
people-gatherings-07,Family & friends,Family gatherings,1,3,{1:Mi suegra} {2:hace} {3:la mejor paella} {4:del mundo}.,{1:My mother-in-law} {2:makes} {3:the best paella} {4:in the world}.,
people-gatherings-08,Family & friends,Family gatherings,2,1,{1:Los niños} {2:estuvieron jugando} {3:toda la tarde}.,{1:The children} {2:were playing} {3:all afternoon}.,
people-gatherings-09,Family & friends,Family gatherings,2,2,{1:Hacía} {2:mucho} que {3:no} {4:nos juntábamos} {5:todos}.,{5:We} {4:had}{3:n't} {4:all got together} {1:for} {2:a long time}.,
people-gatherings-10,Family & friends,Family gatherings,2,2,{1:Mi abuelo} {2:nos contó} {3:historias} {4:de la guerra}.,{1:My grandfather} {2:told us} {3:stories} {4:about the war}.,
people-gatherings-11,Family & friends,Family gatherings,2,3,{1:Celebramos} {2:las bodas de oro} {3:de mis abuelos}.,{1:We celebrated} {3:my grandparents'} {2:golden wedding anniversary}.,
people-gatherings-12,Family & friends,Family gatherings,3,1,{1:Me alegra} que {2:estemos} {3:todos juntos} {4:otra vez}.,{1:I'm glad} {2:we're} {3:all together} {4:again}.,
people-gatherings-13,Family & friends,Family gatherings,3,2,{1:Mi madre} {2:insiste en} que {3:vayamos} {4:todos los domingos}.,{1:My mother} {2:insists} {3:we go} {4:every Sunday}.,
people-gatherings-14,Family & friends,Family gatherings,3,2,{1:Ojalá} {2:mi abuela} {3:estuviera} {4:aquí} {5:para verlo}.,{1:I wish} {2:my grandmother} {3:were} {4:here} {5:to see it}.,
people-gatherings-15,Family & friends,Family gatherings,3,2,"{1:Aunque} {2:a veces} {3:discutamos}, {4:nos queremos} {5:mucho}.","{1:Even though} {3:we argue} {2:sometimes}, {4:we love each other} {5:very much}.","aunque + subjunctive can also concede a known fact, playing it down."
people-personality-01,Family & friends,Personality,1,1,{1:Soy} {2:bastante tímid[o|a]}.,{1:I'm} {2:quite shy}.,
people-personality-02,Family & friends,Personality,1,1,{1:Es} {2:muy simpático}.,{1:He's} {2:really nice}.,
people-personality-03,Family & friends,Personality,1,2,{1:Mi hermana} {2:es} {3:muy extrovertida}.,{1:My sister} {2:is} {3:very outgoing}.,
people-personality-04,Family & friends,Personality,1,2,{1:Mi jefe} {2:es} {3:muy exigente}.,{1:My boss} {2:is} {3:very demanding}.,
people-personality-05,Family & friends,Personality,1,2,{1:Tiene} {2:mucho sentido del humor}.,{1:She has} {2:a great sense of humour}.,
people-personality-06,Family & friends,Personality,1,2,{1:Se enfada} {2:por cualquier cosa}.,{1:He gets angry} {2:about anything}.,
people-personality-07,Family & friends,Personality,1,3,{1:Soy} {2:muy despistad[o|a]}.,{1:I'm} {2:very absent-minded}.,
people-personality-08,Family & friends,Personality,1,3,{1:Es} {2:un poco} {3:tacaño}.,{1:He's} {2:a bit} {3:stingy}.,
people-personality-09,Family & friends,Personality,1,3,{1:Es} {2:muy maniático}.,{1:He's} {2:very fussy}.,
people-personality-10,Family & friends,Personality,2,2,{1:De niñ[o|a]} {2:era} {3:muy travies[o|a]}.,{1:As a child} {2:I was} {3:very naughty}.,
people-personality-11,Family & friends,Personality,2,2,{1:Ha cambiado} {2:mucho} {3:desde que} {4:tiene hijos}.,{1:He's changed} {2:a lot} {3:since} {4:he had children}.,
people-personality-12,Family & friends,Personality,2,2,{1:Siempre} {2:ha sido} {3:muy responsable}.,{2:She's} {1:always} {2:been} {3:very responsible}.,
people-personality-13,Family & friends,Personality,3,2,{1:No} {2:es} que {3:sea} {4:antipático}; {5:es} que {6:es} {7:tímido}.,{2:It's} {1:not} that {3:he's} {4:unfriendly}; {5:it's} that {6:he's} {7:shy}.,
people-personality-14,Family & friends,Personality,3,2,{1:Busco} {2:una pareja} que {3:sea} {4:cariñosa} {5:y} {6:divertida}.,{1:I'm looking for} {2:a partner} {3:who's} {4:affectionate} {5:and} {6:fun}.,que + subjunctive: the person you're looking for may not exist yet.
people-personality-15,Family & friends,Personality,3,3,"{1:Por muy} {2:seguro} que {3:parezca}, {4:en el fondo} {5:es} {6:muy inseguro}.","{1:However} {2:confident} {3:he seems}, {4:deep down} {5:he's} {6:very insecure}.",
people-friendship-01,Family & friends,Friendship,1,1,{1:Es} {2:mi mejor amiga}.,{1:She's} {2:my best friend}.,
people-friendship-02,Family & friends,Friendship,1,1,{1:Nos conocemos} {2:desde hace} {3:veinte años}.,{1:We've known each other} {2:for} {3:twenty years}.,desde hace + present = 'have... for'.
people-friendship-03,Family & friends,Friendship,1,2,{1:Siempre} {2:puedo} {3:contar con ella}.,{2:I can} {1:always} {3:count on her}.,
people-friendship-04,Family & friends,Friendship,1,2,{1:Quedamos} {2:una vez al mes}.,{1:We meet up} {2:once a month}.,
people-friendship-05,Family & friends,Friendship,1,2,{1:Nos contamos} {2:todo}.,{1:We tell each other} {2:everything}.,
people-friendship-06,Family & friends,Friendship,1,3,{1:Somos} {2:uña y carne}.,{1:We're} {2:inseparable}.,Literally 'nail and flesh'.
people-friendship-07,Family & friends,Friendship,2,1,{1:Nos conocimos} {2:en el trabajo}.,{1:We met} {2:at work}.,
people-friendship-08,Family & friends,Friendship,2,2,{1:Hemos perdido el contacto}.,{1:We've lost touch}.,
people-friendship-09,Family & friends,Friendship,2,2,{1:Me ayudó} {2:mucho} {3:cuando} {4:estaba} {5:mal}.,{1:She helped me} {2:a lot} {3:when} {4:I was} {5:going through a bad time}.,
people-friendship-10,Family & friends,Friendship,2,2,{1:Hace tiempo} que {2:no} {3:sé} {4:nada de él}.,{3:I have}{2:n't} {3:heard} {4:from him} {1:for a while}.,
people-friendship-11,Family & friends,Friendship,3,1,{1:Espero} que {2:sigamos siendo} {3:amigos} {4:siempre}.,{1:I hope} {2:we'll} {4:always} {2:be} {3:friends}.,
people-friendship-12,Family & friends,Friendship,3,2,{1:Me dolió} que {2:no} {3:me invitara} {4:a su cumpleaños}.,{1:It hurt} {3:that she did}{2:n't} {3:invite me} {4:to her birthday}.,
people-friendship-13,Family & friends,Friendship,3,2,"{1:Si} {2:necesitas} {3:algo}, {4:no} {5:dudes en} {6:llamarme}.","{1:If} {2:you need} {3:anything}, {5:do}{4:n't} {5:hesitate to} {6:call me}.",
people-friendship-14,Family & friends,Friendship,3,2,{1:Un buen amigo} {2:te dice} {3:la verdad} {4:aunque} {5:duela}.,{1:A good friend} {2:tells you} {3:the truth} {4:even if} {5:it hurts}.,
people-friendship-15,Family & friends,Friendship,3,2,"{1:Si} {2:no} {3:me hubiera apoyado}, {4:no sé} {5:qué} {6:habría hecho}.","{1:If} {3:she had}{2:n't} {3:supported me}, {4:I don't know} {5:what} {6:I'd have done}.",
people-weddings-01,Family & friends,Weddings,1,1,{1:Me caso} {2:en junio}.,{1:I'm getting married} {2:in June}.,
people-weddings-02,Family & friends,Weddings,1,1,¿{1:Cuándo} {2:es} {3:la boda}?,{1:When}{2:'s} {3:the wedding}?,
people-weddings-03,Family & friends,Weddings,1,2,{1:Estamos} {2:prometidos}.,{1:We're} {2:engaged}.,
people-weddings-04,Family & friends,Weddings,1,2,¡{1:Vivan} {2:los novios}!,{1:Three cheers for} {2:the bride and groom}!,A fixed toast shouted at weddings.
people-weddings-05,Family & friends,Weddings,1,3,¿{1:Dónde} {2:es} {3:el banquete}?,{1:Where}{2:'s} {3:the reception}?,
people-weddings-06,Family & friends,Weddings,1,3,{1:Voy a ser} {2:testigo} {3:en la boda de mi amiga}.,{1:I'm going to be} {2:a witness} {3:at my friend's wedding}.,
people-weddings-07,Family & friends,Weddings,1,3,{1:La lista de bodas} {2:está} {3:en una tienda} {4:del centro}.,{1:The wedding list} {2:is} {3:at a shop} {4:in town}.,
people-weddings-08,Family & friends,Weddings,2,1,{1:Nos casamos} {2:hace} {3:diez años}.,{1:We got married} {3:ten years} {2:ago}.,
people-weddings-09,Family & friends,Weddings,2,1,{1:Bailamos} {2:hasta las cinco de la mañana}.,{1:We danced} {2:until five in the morning}.,
people-weddings-10,Family & friends,Weddings,2,2,{1:Me pidió matrimonio} {2:en la playa}.,{1:He proposed to me} {2:on the beach}.,
people-weddings-11,Family & friends,Weddings,2,2,{1:La novia} {2:llegó} {3:media hora tarde}.,{1:The bride} {2:arrived} {3:half an hour late}.,
people-weddings-12,Family & friends,Weddings,2,3,{1:Se casaron} {2:por lo civil}.,{1:They got married} {2:in a civil ceremony}.,
people-weddings-13,Family & friends,Weddings,3,1,{1:Que} {2:seáis} {3:muy felices}.,{1:May} {2:you be} {3:very happy}.,Que + subjunctive expresses a wish.
people-weddings-14,Family & friends,Weddings,3,1,{1:Nos gustaría} que {2:vinierais} {3:a nuestra boda}.,{1:We'd love} {2:you to come} {3:to our wedding}.,
people-weddings-15,Family & friends,Weddings,3,2,{1:Brindemos} {2:por} {3:muchos años más} {4:de felicidad}.,{1:Let's raise a glass} {2:to} {3:many more years} {4:of happiness}.,
people-weddings-16,Family & friends,Weddings,3,2,"{1:Si} {2:hubiera llovido}, {3:habríamos tenido que} {4:celebrarlo} {5:dentro}.","{1:If} {2:it had rained}, {3:we'd have had to} {4:hold it} {5:indoors}.",
people-babies-01,Family & friends,Babies & pregnancy,1,1,{1:Estoy} {2:embarazada}.,{1:I'm} {2:pregnant}.,
people-babies-02,Family & friends,Babies & pregnancy,1,1,{1:Es} {2:un niño}.,{1:It's} {2:a boy}.,
people-babies-03,Family & friends,Babies & pregnancy,1,1,{1:El bebé} {2:no} {3:duerme} {4:por la noche}.,{1:The baby} {3:does}{2:n't} {3:sleep} {4:at night}.,
people-babies-04,Family & friends,Babies & pregnancy,1,2,{1:Le están saliendo} {2:los dientes}.,{2:Her teeth} {1:are coming through}.,
people-babies-05,Family & friends,Babies & pregnancy,1,3,¿{1:Cuándo} {2:sales de cuentas}?,{1:When}{2:'s the baby due}?,salir de cuentas = to reach your due date.
people-babies-06,Family & friends,Babies & pregnancy,1,3,{1:Necesitamos} {2:un carrito} {3:y} {4:una cuna}.,{1:We need} {2:a pushchair} {3:and} {4:a cot}.,
people-babies-07,Family & friends,Babies & pregnancy,1,3,{1:Le doy el pecho}.,{1:I'm breastfeeding}.,
people-babies-08,Family & friends,Babies & pregnancy,1,3,{1:Estoy de baja} {2:por maternidad}.,{1:I'm on} {2:maternity} {1:leave}.,
people-babies-09,Family & friends,Babies & pregnancy,2,1,{1:Nació} {2:el martes}.,{1:She was born} {2:on Tuesday}.,
people-babies-10,Family & friends,Babies & pregnancy,2,2,¿{1:Cuánto} {2:pesó} {3:al nacer}?,{1:How much} {2:did he weigh} {3:at birth}?,
people-babies-11,Family & friends,Babies & pregnancy,2,2,{1:Ya} {2:ha empezado} {3:a andar}.,{2:He's} {1:already} {2:started} {3:walking}.,
people-babies-12,Family & friends,Babies & pregnancy,2,2,"{1:Cámbiale} {2:el pañal}, {3:por favor}.","{1:Change} {2:his nappy}, {3:please}.",
people-babies-13,Family & friends,Babies & pregnancy,3,1,¡{1:Enhorabuena}! {2:Que} {3:todo} {4:salga} {5:bien}.,{1:Congratulations}! {2:I hope} {3:everything} {4:goes} {5:well}.,
people-babies-14,Family & friends,Babies & pregnancy,3,2,"{1:No} {2:lo despiertes}, que {3:acaba de dormirse}.",{1:Don't} {2:wake him}; {3:he's just gone to sleep}.,
people-babies-15,Family & friends,Babies & pregnancy,3,2,"{1:Si} {2:hubiera sabido} {3:lo agotador que es}, {4:habría pedido} {5:más ayuda}.","{1:If} {2:I'd known} {3:how exhausting it is}, {4:I'd have asked for} {5:more help}.",
people-elderly-01,Family & friends,Older relatives,1,1,{1:Mi abuela} {2:tiene} {3:noventa años}.,{1:My grandmother} {2:is} {3:ninety}.,
people-elderly-02,Family & friends,Older relatives,1,2,{1:Mi abuelo} {2:está} {3:jubilado}.,{1:My grandfather} {2:is} {3:retired}.,
people-elderly-03,Family & friends,Older relatives,1,2,{1:Ya} {2:no} {3:oye} {4:bien}.,{3:He can}{2:'t} {3:hear} {4:well} {1:any more}.,
people-elderly-04,Family & friends,Older relatives,1,3,{1:Vive} {2:en una residencia}.,{1:She lives} {2:in a care home}.,
people-elderly-05,Family & friends,Older relatives,1,3,{1:Tiene} {2:alzhéimer}.,{1:He has} {2:Alzheimer's}.,
people-elderly-06,Family & friends,Older relatives,1,3,{1:Cobra} {2:una pensión} {3:muy baja}.,{1:She gets} {2:a} {3:very small} {2:pension}.,
people-elderly-07,Family & friends,Older relatives,1,3,{1:Lo cuida} {2:una cuidadora} {3:por las mañanas}.,{2:A carer} {1:looks after him} {3:in the mornings}.,
people-elderly-08,Family & friends,Older relatives,2,1,{1:Antes caminaba} {2:todos los días}.,{1:She used to walk} {2:every day}.,
people-elderly-09,Family & friends,Older relatives,2,2,{1:Necesita} {2:ayuda} {3:para vestirse}.,{1:She needs} {2:help} {3:getting dressed}.,
people-elderly-10,Family & friends,Older relatives,2,2,{1:Se jubiló} {2:hace} {3:dos años}.,{1:He retired} {3:two years} {2:ago}.,
people-elderly-11,Family & friends,Older relatives,2,3,{1:Se cayó} {2:y} {3:se rompió} {4:la cadera}.,{1:He fell} {2:and} {3:broke} {4:his hip}.,
people-elderly-12,Family & friends,Older relatives,3,1,{1:Me gustaría} que {2:viviera} {3:con nosotros}.,{1:I'd like} {2:her to live} {3:with us}.,
people-elderly-13,Family & friends,Older relatives,3,1,{1:Ojalá} {2:hubiera pasado} {3:más tiempo} {4:con mis abuelos}.,{1:I wish} {2:I'd spent} {3:more time} {4:with my grandparents}.,
people-elderly-14,Family & friends,Older relatives,3,2,{1:Es importante} que {2:no} {3:se sienta} {4:sola}.,{1:It's important} {3:she does}{2:n't} {3:feel} {4:lonely}.,
people-elderly-15,Family & friends,Older relatives,3,2,"{1:Cuando} {2:sea} {3:mayor}, {4:espero} {5:tener} {6:tanta energía} {7:como} {8:ella}.","{1:When} {2:I'm} {3:old}, {4:I hope} {5:to have} {6:as much energy} {7:as} {8:she does}.",
people-grief-01,Family & friends,Grief & condolences,1,1,{1:Estoy} {2:contigo}.,{1:I'm} {2:here for you}.,
people-grief-02,Family & friends,Grief & condolences,1,1,"{1:Si} {2:necesitas} {3:algo}, {4:aquí} {5:estoy}.","{1:If} {2:you need} {3:anything}, {5:I'm} {4:here}.",
people-grief-03,Family & friends,Grief & condolences,1,2,{1:El funeral} {2:es} {3:mañana} {4:a las once}.,{1:The funeral} {2:is} {3:tomorrow} {4:at eleven}.,
people-grief-04,Family & friends,Grief & condolences,1,3,{1:Mi más sentido pésame}.,{1:My deepest condolences}.,The standard formula for condolences.
people-grief-05,Family & friends,Grief & condolences,1,3,{1:El tanatorio} {2:está} {3:en las afueras}.,{1:The funeral home} {2:is} {3:on the outskirts}.,
people-grief-06,Family & friends,Grief & condolences,2,1,{1:Murió} {2:la semana pasada}.,{1:He died} {2:last week}.,
people-grief-07,Family & friends,Grief & condolences,2,1,{1:Era} {2:una persona} {3:maravillosa}.,{1:He was} {2:a} {3:wonderful} {2:person}.,
people-grief-08,Family & friends,Grief & condolences,2,3,{1:Falleció} {2:mientras dormía}.,{1:She passed away} {2:in her sleep}.,"fallecer is a gentler, more formal word than morir."
people-grief-09,Family & friends,Grief & condolences,2,3,{1:Fuimos} {2:al entierro} {3:de su padre}.,{1:We went} {2:to} {3:his father's} {2:burial}.,
people-grief-10,Family & friends,Grief & condolences,2,3,{1:Le hicieron} {2:un homenaje} {3:en el pueblo}.,{1:They held} {2:a memorial} {3:in the village}.,
people-grief-11,Family & friends,Grief & condolences,3,1,{1:Siento mucho} que {2:hayas perdido} a {3:tu madre}.,{1:I'm so sorry} {2:you've lost} {3:your mother}.,
people-grief-12,Family & friends,Grief & condolences,3,2,{1:No} {2:dudes en} {3:llamarme} {4:si} {5:quieres hablar}.,{2:Do}{1:n't} {2:hesitate to} {3:call me} {4:if} {5:you want to talk}.,
people-grief-13,Family & friends,Grief & condolences,3,2,{1:Ojalá} {2:hubiera podido} {3:despedirme} {4:de ella}.,{1:I wish} {2:I'd been able} {3:to say goodbye} {4:to her}.,
people-grief-14,Family & friends,Grief & condolences,3,2,"{1:Aunque} {2:haya pasado} {3:un año}, {4:todavía} {5:la echo de menos}.","{1:Even though} {3:a year} {2:has passed}, {5:I} {4:still} {5:miss her}.",
people-grief-15,Family & friends,Grief & condolences,3,2,{1:Que} {2:descanse} {3:en paz}.,{1:May} {2:he rest} {3:in peace}.,
work-jobs-01,Work & study,Jobs,1,1,{1:Soy} {2:profesor[|a]}.,{1:I'm} {2:a teacher}.,No un/una before a job after ser.
work-jobs-02,Work & study,Jobs,1,1,{1:Trabajo} {2:en una oficina}.,{1:I work} {2:in an office}.,
work-jobs-03,Work & study,Jobs,1,1,{1:Estoy buscando} {2:trabajo}.,{1:I'm looking for} {2:work}.,
work-jobs-09,Work & study,Jobs,1,1,¿{1:En qué} {2:trabajas}?,{1:What} {2:do you do for work}?,
work-jobs-10,Work & study,Jobs,1,1,{1:Soy} {2:enfermer[o|a]}.,{1:I'm} {2:a nurse}.,
work-jobs-11,Work & study,Jobs,1,1,{1:Trabajo} {2:en un hospital}.,{1:I work} {2:in a hospital}.,
work-jobs-12,Work & study,Jobs,1,1,{1:Estoy} {2:jubilad[o|a]}.,{1:I'm} {2:retired}.,
work-jobs-04,Work & study,Jobs,1,2,{1:Estudio} {2:ingeniería} {3:en la universidad}.,{1:I study} {2:engineering} {3:at university}.,
work-jobs-14,Work & study,Jobs,1,2,{1:Trabajo} {2:a media jornada}.,{1:I work} {2:part-time}.,
work-jobs-15,Work & study,Jobs,1,2,{1:Trabajo} {2:en el sector} {3:de la construcción}.,{1:I work} {2:in} {3:construction}.,
work-jobs-13,Work & study,Jobs,1,3,{1:Soy} {2:funcionari[o|a]}.,{1:I'm} {2:a civil servant}.,
work-jobs-16,Work & study,Jobs,1,3,{1:Soy} {2:diseñador[|a] gráfic[o|a]}.,{1:I'm} {2:a graphic designer}.,
work-jobs-17,Work & study,Jobs,1,3,{1:Hago} {2:turnos de noche}.,{1:I work} {2:night shifts}.,
work-jobs-18,Work & study,Jobs,1,3,{1:Estoy} {2:de prácticas} {3:en un bufete}.,{1:I'm} {2:doing an internship} {3:at a law firm}.,
work-jobs-19,Work & study,Jobs,2,1,{1:Empecé} {2:a trabajar} {3:con dieciséis años}.,{1:I started} {2:work} {3:at sixteen}.,
work-jobs-05,Work & study,Jobs,2,2,{1:Trabajé} {2:de camarer[o|a]} {3:durante} {4:dos años}.,{1:I worked} {2:as a waiter} {3:for} {4:two years}.,trabajar de = to work as.
work-jobs-20,Work & study,Jobs,2,2,{1:Me ascendieron} {2:el mes pasado}.,{1:I was promoted} {2:last month}.,
work-jobs-21,Work & study,Jobs,2,2,{1:He trabajado} {2:en hostelería} {3:toda mi vida}.,{1:I've worked} {2:in hospitality} {3:all my life}.,
work-jobs-06,Work & study,Jobs,2,3,{1:Me han ofrecido} {2:un contrato} {3:indefinido}.,{1:I've been offered} {2:a} {3:permanent} {2:contract}.,Literally 'they've offered me'. Spanish prefers this to a passive.
work-jobs-22,Work & study,Jobs,2,3,{1:Me quedé sin trabajo} {2:por un recorte de plantilla}.,{1:I lost my job} {2:in a round of redundancies}.,
work-jobs-07,Work & study,Jobs,3,2,{1:Busco} {2:un trabajo} que {3:me permita} {4:viajar} {5:más}.,{1:I'm looking for} {2:a job} {3:that lets me} {4:travel} {5:more}.,The subjunctive (permita) for something you haven't found yet.
work-jobs-23,Work & study,Jobs,3,2,{1:Me gustaría} {2:un trabajo} que {3:tenga que ver} {4:con idiomas}.,{1:I'd like} {2:a job} {3:to do} {4:with languages}.,
work-jobs-08,Work & study,Jobs,3,3,"{1:Si} {2:me hubieran subido} {3:el sueldo}, {4:no} {5:habría dimitido}.","{1:If} {2:they'd raised} {3:my salary}, {5:I would}{4:n't} {5:have resigned}.",
work-jobs-24,Work & study,Jobs,3,3,"{1:Si} {2:pudiera} {3:empezar de cero}, {4:estudiaría} {5:Medicina}.","{1:If} {2:I could} {3:start again}, {4:I'd study} {5:medicine}.",
work-office-01,Work & study,At work,1,1,{1:Hoy} {2:trabajo} {3:desde casa}.,{1:Today} {2:I'm working} {3:from home}.,
work-office-09,Work & study,At work,1,1,{1:Hoy} {2:salgo} {3:a las cinco}.,{1:Today} {2:I finish} {3:at five}.,
work-office-10,Work & study,At work,1,1,¿{1:Tienes} {2:un momento}?,{1:Have you got} {2:a minute}?,
work-office-02,Work & study,At work,1,2,{1:Tengo} {2:una reunión} {3:a las tres}.,{1:I have} {2:a meeting} {3:at three}.,
work-office-03,Work & study,At work,1,2,{1:Mi ordenador} {2:no} {3:funciona}.,{1:My computer} {3:is}{2:n't} {3:working}.,
work-office-04,Work & study,At work,1,2,¿{1:Me} {2:puedes} {3:mandar} {4:el informe} {5:antes del viernes}?,{2:Can you} {3:send} {1:me} {4:the report} {5:before Friday}?,
work-office-12,Work & study,At work,1,2,{1:Estoy} {2:en una llamada}.,{1:I'm} {2:on a call}.,
work-office-13,Work & study,At work,1,2,{1:Tengo} {2:mucho lío} {3:hoy}.,{1:I've got} {2:loads on} {3:today}.,
work-office-14,Work & study,At work,1,2,{1:El plazo} {2:termina} {3:el jueves}.,{1:The deadline} {2:is} {3:Thursday}.,
work-office-05,Work & study,At work,1,3,{1:Tenemos que} {2:aplazar} {3:la reunión} {4:hasta la semana que viene}.,{1:We have to} {2:postpone} {3:the meeting} {4:until next week}.,
work-office-15,Work & study,At work,1,3,{1:Necesito} {2:acceso} {3:a la carpeta compartida}.,{1:I need} {2:access} {3:to the shared folder}.,
work-office-16,Work & study,At work,1,3,{1:Mañana} {2:tengo} {3:una videollamada} {4:con el cliente}.,{1:Tomorrow} {2:I have} {3:a video call} {4:with the client}.,
work-office-06,Work & study,At work,2,2,{1:Ya} se {2:lo} {3:he enviado} {4:a mi jefe}.,{3:I've} {1:already} {3:sent} {2:it} {4:to my boss}.,"le becomes se before lo, so 'le lo' is never said."
work-office-11,Work & study,At work,2,2,{1:Se ha atascado} {2:la fotocopiadora}.,{2:The photocopier} {1:has jammed}.,
work-office-17,Work & study,At work,2,2,{1:Te he mandado} {2:el enlace} {3:por correo}.,{1:I've sent you} {2:the link} {3:by email}.,
work-office-18,Work & study,At work,2,2,{1:Se ha caído} {2:el servidor}.,{2:The server} {1:has gone down}.,
work-office-19,Work & study,At work,2,2,{1:Échale un vistazo} {2:a este documento}.,{1:Have a look} {2:at this document}.,
work-office-20,Work & study,At work,2,3,{1:Lo comentaremos} {2:en la reunión} {3:del lunes}.,{1:We'll discuss it} {2:at} {3:Monday's} {2:meeting}.,
work-office-21,Work & study,At work,2,3,{1:He pedido} {2:una semana} {3:de vacaciones} {4:en agosto}.,{1:I've asked for} {2:a week} {3:off} {4:in August}.,
work-office-07,Work & study,At work,3,2,{1:Te lo diré} {2:en cuanto} {3:hable} {4:con el cliente}.,{1:I'll tell you} {2:as soon as} {3:I've spoken} {4:to the client}.,en cuanto + subjunctive for a future moment.
work-office-22,Work & study,At work,3,2,{1:Avísame} {2:cuando} {3:termines} {4:el informe}.,{1:Let me know} {2:when} {3:you finish} {4:the report}.,
work-office-23,Work & study,At work,3,2,{1:No} {2:envíes} {3:nada} {4:sin que} {5:lo revise} {6:yo}.,{1:Don't} {2:send} {3:anything} {4:without} {6:me} {5:checking it}.,
work-office-08,Work & study,At work,3,3,{1:Es imprescindible} que {2:todos} {3:entreguen} {4:sus propuestas} {5:antes de que} {6:termine} {7:el trimestre}.,{1:It's essential} {2:that everyone} {3:submits} {4:their proposals} {5:before} {7:the quarter} {6:ends}.,Two subjunctives: after es imprescindible que and after antes de que.
work-office-24,Work & study,At work,3,3,{1:El jefe} {2:dijo} que {3:se cancelaría} {4:la reunión} {5:si} {6:no} {7:venía} {8:el cliente}.,{1:The boss} {2:said} {4:the meeting} {3:would be cancelled} {5:if} {8:the client} {7:did}{6:n't} {7:come}.,
work-office-25,Work & study,At work,3,3,{1:Ojalá} {2:hubiera guardado} {3:los cambios}.,{1:I wish} {2:I'd saved} {3:the changes}.,
work-interview-01,Work & study,Job interview,1,1,{1:Hablo} {2:inglés} {3:y} {4:español}.,{1:I speak} {2:English} {3:and} {4:Spanish}.,
work-interview-02,Work & study,Job interview,1,2,{1:Tengo} {2:una entrevista} {3:mañana}.,{1:I have} {2:an interview} {3:tomorrow}.,
work-interview-03,Work & study,Job interview,1,2,{1:Vengo} {2:por} {3:la entrevista}.,{1:I'm here} {2:for} {3:the interview}.,
work-interview-04,Work & study,Job interview,1,2,{1:Me gusta} {2:trabajar} {3:en equipo}.,{1:I like} {2:working} {3:in a team}.,
work-interview-05,Work & study,Job interview,1,2,{1:Soy} {2:muy organizad[o|a]}.,{1:I'm} {2:very organised}.,
work-interview-06,Work & study,Job interview,1,3,{1:Mi punto fuerte} {2:es} {3:la comunicación}.,{1:My strong point} {2:is} {3:communication}.,
work-interview-07,Work & study,Job interview,2,1,¿{1:Cuándo} {2:sabré} {3:algo}?,{1:When} {2:will I hear} {3:anything}?,
work-interview-08,Work & study,Job interview,2,1,{1:Podría} {2:empezar} {3:el mes que viene}.,{1:I could} {2:start} {3:next month}.,
work-interview-09,Work & study,Job interview,2,2,{1:Trabajé} {2:cinco años} {3:en una empresa} {4:de marketing}.,{1:I worked} {3:at a} {4:marketing} {3:company} {1:for} {2:five years}.,
work-interview-10,Work & study,Job interview,2,2,{1:Dejé} {2:mi anterior trabajo} {3:porque} {4:quería} {5:un reto} {6:nuevo}.,{1:I left} {2:my previous job} {3:because} {4:I wanted} {5:a} {6:new} {5:challenge}.,
work-interview-11,Work & study,Job interview,2,3,{1:He gestionado} {2:un equipo} {3:de diez personas}.,{1:I've managed} {2:a team} {3:of ten people}.,
work-interview-12,Work & study,Job interview,2,3,{1:Me encargaba de} {2:los clientes} {3:internacionales}.,{1:I was in charge of} {3:international} {2:clients}.,encargarse de = to be responsible for.
work-interview-13,Work & study,Job interview,3,2,{1:Me gustaría} que {2:me hablaran} {3:un poco más} {4:del puesto}.,{1:I'd like} {2:you to tell me} {3:a bit more} {4:about the role}.,
work-interview-14,Work & study,Job interview,3,3,{1:Busco} {2:un puesto} {3:donde} {4:pueda} {5:crecer} {6:profesionalmente}.,{1:I'm looking for} {2:a position} {3:where} {4:I can} {5:grow} {6:professionally}.,
work-interview-15,Work & study,Job interview,3,3,"{1:Si} {2:me ofrecieran} {3:el puesto}, {4:estaría dispuest[o|a] a} {5:mudarme}.","{1:If} {2:you offered me} {3:the job}, {4:I'd be willing to} {5:relocate}.",
work-calls-01,Work & study,Phone calls & emails,1,1,¿{1:Diga}?,{1:Hello}?,How people answer the phone in Spain.
work-calls-02,Work & study,Phone calls & emails,1,1,"¿{1:Está} {2:Carmen}, {3:por favor}?","{1:Is} {2:Carmen} {1:there}, {3:please}?",
work-calls-03,Work & study,Phone calls & emails,1,1,"{1:Soy} {2:Tom}, {3:de la oficina}.","{1:It's} {2:Tom}, {3:from the office}.","On the phone, Spanish says 'I am Tom'."
work-calls-04,Work & study,Phone calls & emails,1,1,¿{1:Quiere} {2:dejar} {3:un mensaje}?,{1:Would you like} {2:to leave} {3:a message}?,
work-calls-05,Work & study,Phone calls & emails,1,1,{1:No} {2:te oigo} {3:bien}; {4:te llamo} {5:luego}.,{2:I can}{1:'t} {2:hear you} {3:well}; {4:I'll call you} {5:later}.,
work-calls-06,Work & study,Phone calls & emails,1,2,{1:Le llamo} {2:por} {3:su anuncio}.,{1:I'm calling} {2:about} {3:your advert}.,
work-calls-07,Work & study,Phone calls & emails,1,2,{1:Te mando} {2:un correo} {3:con los detalles}.,{1:I'll send you} {2:an email} {3:with the details}.,
work-calls-08,Work & study,Phone calls & emails,1,2,¿{1:Me} {2:puede} {3:pasar} {4:con} {5:el departamento de ventas}?,{2:Could you} {3:put} {1:me} {4:through to} {5:the sales department}?,
work-calls-09,Work & study,Phone calls & emails,1,3,{1:Adjunto} {2:el documento}.,{1:Please find attached} {2:the document}.,Literally 'I attach the document'.
work-calls-10,Work & study,Phone calls & emails,1,3,{1:Le escribo} {2:para} {3:solicitar} {4:información}.,{1:I'm writing} {2:to} {3:request} {4:information}.,
work-calls-11,Work & study,Phone calls & emails,1,3,{1:Quedo a la espera de} {2:su respuesta}.,{1:I look forward to} {2:your reply}.,A standard way to close a formal email.
work-calls-12,Work & study,Phone calls & emails,2,1,{1:Te he llamado} {2:tres veces} {3:esta mañana}.,{1:I've called you} {2:three times} {3:this morning}.,
work-calls-13,Work & study,Phone calls & emails,2,2,{1:Ahora} {2:no} {3:puede} {4:ponerse}.,{3:She can}{2:'t} {4:come to the phone} {1:right now}.,ponerse (al teléfono) = to come to the phone.
work-calls-14,Work & study,Phone calls & emails,2,2,{1:Se ha cortado} {2:la llamada}.,{2:The call} {1:got cut off}.,
work-calls-15,Work & study,Phone calls & emails,3,1,{1:Dile} que {2:me llame} {3:cuando} {4:pueda}.,{1:Tell him} {2:to call me} {3:when} {4:he can}.,decir que + subjunctive passes on an instruction.
work-calls-16,Work & study,Phone calls & emails,3,2,{1:Le agradecería} que {2:me respondiera} {3:lo antes posible}.,{1:I'd be grateful if} {2:you could reply} {3:as soon as possible}.,
work-school-01,Work & study,School & university,1,1,{1:Mañana} {2:tengo} {3:un examen}.,{1:Tomorrow} {2:I have} {3:an exam}.,
work-school-02,Work & study,School & university,1,1,¿{1:Qué} {2:estudias}?,{1:What} {2:do you study}?,
work-school-03,Work & study,School & university,1,1,{1:La profesora} {2:explica} {3:muy bien}.,{1:The teacher} {2:explains things} {3:really well}.,
work-school-04,Work & study,School & university,1,2,{1:Mi asignatura favorita} {2:es} {3:la historia}.,{1:My favourite subject} {2:is} {3:history}.,
work-school-05,Work & study,School & university,1,2,{1:Tengo que} {2:entregar} {3:un trabajo} {4:el lunes}.,{1:I have to} {2:hand in} {3:an essay} {4:on Monday}.,
work-school-06,Work & study,School & university,1,2,¿{1:Me} {2:dejas} {3:tus apuntes}?,{2:Will you lend} {1:me} {3:your notes}?,
work-school-07,Work & study,School & university,2,1,{1:Estuve} {2:estudiando} {3:toda la noche}.,{1:I was} {2:studying} {3:all night}.,estuve + -ando: an activity that went on for a set time.
work-school-08,Work & study,School & university,2,2,¡{1:He aprobado} {2:el examen}!,{1:I've passed} {2:the exam}!,
work-school-09,Work & study,School & university,2,2,{1:Suspendí} {2:matemáticas} {3:el año pasado}.,{1:I failed} {2:maths} {3:last year}.,
work-school-10,Work & study,School & university,2,3,{1:Me he matriculado} {2:en un curso} {3:de fotografía}.,{1:I've enrolled} {2:on a} {3:photography} {2:course}.,
work-school-11,Work & study,School & university,2,3,{1:Saqué} {2:un sobresaliente} {3:en física}.,{1:I got} {2:top marks} {3:in physics}.,
work-school-12,Work & study,School & university,3,1,"{1:Si} {2:hubiera estudiado} {3:más}, {4:habría aprobado}.","{1:If} {2:I'd studied} {3:more}, {4:I'd have passed}.",
work-school-13,Work & study,School & university,3,2,{1:Es imprescindible} que {2:entreguéis} {3:los trabajos} {4:antes del viernes}.,{1:It's essential} {2:that you all hand in} {3:your essays} {4:before Friday}.,
work-school-14,Work & study,School & university,3,2,"{1:Cuando} {2:termine} {3:la carrera}, {4:quiero} {5:hacer} {6:un máster}.","{1:When} {2:I finish} {3:my degree}, {4:I want} {5:to do} {6:a master's}.",
work-school-15,Work & study,School & university,3,3,{1:Mi tutor} {2:me sugirió} que {3:cambiara} {4:de especialidad}.,{1:My tutor} {2:suggested} {3:I change} {4:subjects}.,
work-meetings-01,Work & study,Meetings,1,1,{1:Empezamos} {2:a las diez}.,{1:We start} {2:at ten}.,
work-meetings-02,Work & study,Meetings,1,1,¿{1:Quién} {2:toma} {3:notas}?,{1:Who}{2:'s taking} {3:notes}?,
work-meetings-03,Work & study,Meetings,1,1,¿{1:Alguien} {2:tiene} {3:alguna pregunta}?,{2:Does} {1:anyone} {2:have} {3:any questions}?,
work-meetings-04,Work & study,Meetings,1,2,{1:Perdón} {2:por} {3:el retraso}.,{1:Sorry} {2:for} {3:the delay}.,
work-meetings-05,Work & study,Meetings,1,2,{1:Vamos a} {2:hacer} {3:una pausa} {4:de diez minutos}.,{1:Let's} {2:take} {3:a} {4:ten-minute} {3:break}.,
work-meetings-06,Work & study,Meetings,1,2,¿{1:Podemos} {2:volver} {3:a este punto} {4:más tarde}?,{1:Can we} {2:come back} {3:to this point} {4:later}?,
work-meetings-07,Work & study,Meetings,1,2,{1:Hay que} {2:fijar} {3:una fecha} {4:para la próxima reunión}.,{1:We need to} {2:set} {3:a date} {4:for the next meeting}.,
work-meetings-08,Work & study,Meetings,1,3,{1:El primer punto} {2:del orden del día} {3:es} {4:el presupuesto}.,{1:The first item} {2:on the agenda} {3:is} {4:the budget}.,
work-meetings-09,Work & study,Meetings,2,1,{1:Como} {2:dije} {3:antes}...,{1:As} {2:I said} {3:earlier}...,
work-meetings-10,Work & study,Meetings,2,1,{1:Ya} {2:hemos hablado} {3:de esto}.,{2:We've} {1:already} {2:talked} {3:about this}.,
work-meetings-11,Work & study,Meetings,2,3,{1:Les pasaré} {2:el acta} {3:a todos} {4:por correo}.,{1:I'll send} {2:the minutes} {3:to everyone} {4:by email}.,
work-meetings-12,Work & study,Meetings,3,1,"{1:Antes de que} {2:terminemos}, {3:quiero} {4:dar las gracias} {5:a todos}.","{1:Before} {2:we finish}, {3:I'd like} {4:to thank} {5:everyone}.",
work-meetings-13,Work & study,Meetings,3,2,{1:Propongo} que {2:votemos} {3:la propuesta}.,{1:I propose} {2:we vote on} {3:the proposal}.,
work-meetings-14,Work & study,Meetings,3,3,{1:Sería conveniente} que {2:todos} {3:revisaran} {4:el informe} {5:antes del jueves}.,{1:It would be helpful} {2:if everyone} {3:reviewed} {4:the report} {5:before Thursday}.,
work-meetings-15,Work & study,Meetings,3,3,"{1:A menos que} {2:alguien} {3:se oponga}, {4:daremos} {5:el asunto} {6:por cerrado}.","{1:Unless} {2:anyone} {3:objects}, {4:we'll consider} {5:the matter} {6:closed}.",a menos que always takes the subjunctive.
work-negotiating-01,Work & study,Negotiating,1,1,{1:Es} {2:demasiado caro} {3:para nosotros}.,{1:It's} {2:too expensive} {3:for us}.,
work-negotiating-02,Work & study,Negotiating,1,2,{1:Necesitamos} {2:un descuento} {3:del diez por ciento}.,{1:We need} {2:a} {3:ten per cent} {2:discount}.,
work-negotiating-03,Work & study,Negotiating,1,2,{1:Esa} {2:es} {3:nuestra última oferta}.,{1:That}{2:'s} {3:our final offer}.,
work-negotiating-04,Work & study,Negotiating,1,3,¿{1:Hay} {2:margen} {3:para negociar}?,{1:Is there} {2:room} {3:for negotiation}?,
work-negotiating-05,Work & study,Negotiating,1,3,{1:El plazo de entrega} {2:es} {3:demasiado largo}.,{1:The delivery time} {2:is} {3:too long}.,
work-negotiating-06,Work & study,Negotiating,1,3,{1:Les ofrecemos} {2:pagar} {3:por adelantado}.,{1:We're offering} {2:to pay} {3:in advance}.,
work-negotiating-07,Work & study,Negotiating,2,2,{1:Podríamos} {2:llegar a un acuerdo}.,{1:We could} {2:reach an agreement}.,
work-negotiating-08,Work & study,Negotiating,2,2,{1:Lo consultaré} {2:con mi equipo}.,{1:I'll check it} {2:with my team}.,
work-negotiating-09,Work & study,Negotiating,2,2,"{1:Si} {2:pedimos} {3:más unidades}, ¿{4:nos bajarían} {5:el precio}?","{1:If} {2:we order} {3:more units}, {4:would you lower} {5:the price}?",
work-negotiating-10,Work & study,Negotiating,2,3,{1:Hemos revisado} {2:las condiciones} {3:del contrato}.,{1:We've reviewed} {2:the terms} {3:of the contract}.,
work-negotiating-11,Work & study,Negotiating,3,1,{1:Aceptaríamos} {2:si} {3:el precio} {4:fuera} {5:más bajo}.,{1:We'd accept} {2:if} {3:the price} {4:were} {5:lower}.,
work-negotiating-12,Work & study,Negotiating,3,2,{1:No} {2:firmaremos} {3:nada} {4:hasta que} {5:hayamos aclarado} {6:este punto}.,{2:We wo}{1:n't} {2:sign} {3:anything} {4:until} {5:we've cleared up} {6:this point}.,
work-negotiating-13,Work & study,Negotiating,3,3,{1:Estamos dispuestos a} {2:ceder} {3:siempre que} {4:ustedes} {5:hagan} {6:lo mismo}.,{1:We're willing to} {2:compromise} {3:as long as} {4:you} {5:do} {6:the same}.,
work-negotiating-14,Work & study,Negotiating,3,3,{1:Necesitamos} que {2:nos garanticen} {3:la entrega} {4:antes de marzo}.,{1:We need} {2:you to guarantee} {3:delivery} {4:before March}.,
work-negotiating-15,Work & study,Negotiating,3,3,"{1:De no ser así}, {2:tendríamos que} {3:buscar} {4:otro proveedor}.","{1:Otherwise}, {2:we'd have to} {3:look for} {4:another supplier}.",de no ser así = 'if that's not the case'.
work-workproblems-01,Work & study,Problems at work,1,1,{1:Tengo} {2:demasiado trabajo}.,{1:I have} {2:too much work}.,
work-workproblems-02,Work & study,Problems at work,1,1,{1:Mi jefe} {2:no} {3:me escucha}.,{1:My boss} {3:does}{2:n't} {3:listen to me}.,
work-workproblems-03,Work & study,Problems at work,1,1,{1:Me pagan} {2:muy poco}.,{1:They pay me} {2:very little}.,
work-workproblems-04,Work & study,Problems at work,1,2,{1:El ambiente} {2:en la oficina} {3:es} {4:muy tenso}.,{1:The atmosphere} {2:in the office} {3:is} {4:very tense}.,
work-workproblems-05,Work & study,Problems at work,1,3,{1:Estoy} {2:quemad[o|a]}.,{1:I'm} {2:burnt out}.,
work-workproblems-06,Work & study,Problems at work,1,3,{1:Hay} {2:mucha competitividad} {3:entre compañeros}.,{1:There's} {2:a lot of rivalry} {3:between colleagues}.,
work-workproblems-07,Work & study,Problems at work,1,3,{1:Estoy de baja} {2:por estrés}.,{1:I'm on sick leave} {2:because of stress}.,
work-workproblems-08,Work & study,Problems at work,1,3,{1:Van a} {2:despedir} a {3:la mitad de la plantilla}.,{1:They're going to} {2:lay off} {3:half the staff}.,
work-workproblems-09,Work & study,Problems at work,2,1,"{1:Si} {2:siguen} {3:así} {4:las cosas}, {5:buscaré} {6:otro trabajo}.","{1:If} {4:things} {2:carry on} {3:like this}, {5:I'll look for} {6:another job}.",
work-workproblems-10,Work & study,Problems at work,2,2,{1:Ayer} {2:discutí} {3:con un compañero}.,{1:Yesterday} {2:I had an argument} {3:with a colleague}.,
work-workproblems-11,Work & study,Problems at work,2,2,{1:Me han cambiado} {2:el horario} {3:sin avisarme}.,{1:They've changed} {2:my hours} {3:without telling me}.,
work-workproblems-12,Work & study,Problems at work,2,2,"{1:He pedido} {2:un aumento}, {3:pero} {4:me lo han negado}.","{1:I've asked for} {2:a pay rise}, {3:but} {4:they've turned me down}.",
work-workproblems-13,Work & study,Problems at work,3,1,{1:No} {2:es justo} que {3:siempre} {4:me toque} {5:a mí}.,{2:It's} {1:not} {2:fair} that {4:it's} {3:always} {5:me}.,
work-workproblems-14,Work & study,Problems at work,3,2,{1:Me molesta} que {2:se lleven} {3:el mérito} {4:de mi trabajo}.,{1:It annoys me} {2:that they take} {3:the credit} {4:for my work}.,
work-workproblems-15,Work & study,Problems at work,3,3,{1:He presentado} {2:una queja formal} {3:para que} {4:investiguen} {5:lo ocurrido}.,{1:I've made} {2:a formal complaint} {3:so that} {4:they investigate} {5:what happened}.,
work-presentations-01,Work & study,Presentations,1,1,{1:Buenos días} {2:a todos}.,"{1:Good morning}, {2:everyone}.",
work-presentations-02,Work & study,Presentations,1,2,{1:Hoy} {2:voy a} {3:hablar} {4:de nuestros resultados}.,{1:Today} {2:I'm going to} {3:talk} {4:about our results}.,
work-presentations-03,Work & study,Presentations,1,2,"{1:Primero}, {2:voy a} {3:presentar} {4:el contexto}.","{1:First}, {2:I'm going to} {3:give} {4:some background}.",
work-presentations-04,Work & study,Presentations,1,2,{1:Como} {2:podéis ver} {3:en el gráfico}...,{1:As} {2:you can see} {3:on the graph}...,
work-presentations-05,Work & study,Presentations,1,2,{1:Las cifras} {2:son} {3:muy positivas}.,{1:The figures} {2:are} {3:very positive}.,
work-presentations-06,Work & study,Presentations,1,3,{1:Esta diapositiva} {2:muestra} {3:las ventas} {4:del año}.,{1:This slide} {2:shows} {3:sales} {4:for the year}.,
work-presentations-07,Work & study,Presentations,1,3,{1:Les agradezco} {2:su atención} {3:y} {4:quedo a su disposición} {5:para cualquier duda}.,"{1:Thank you} {2:for your attention}, {3:and} {4:I'm happy to answer} {5:any questions}.",
work-presentations-08,Work & study,Presentations,2,1,"{1:Si} {2:tienen} {3:preguntas}, {4:pueden} {5:hacerlas} {6:al final}.","{1:If} {2:you have} {3:questions}, {4:you can} {5:ask them} {6:at the end}.",
work-presentations-09,Work & study,Presentations,2,2,"{1:Para terminar}, {2:resumiré} {3:los puntos clave}.","{1:To finish}, {2:I'll sum up} {3:the key points}.",
work-presentations-10,Work & study,Presentations,2,2,{1:Las ventas} {2:han aumentado} {3:un quince por ciento}.,{1:Sales} {2:have risen} {3:by fifteen per cent}.,
work-presentations-11,Work & study,Presentations,2,3,{1:Les mostraré} {2:una comparación} {3:con el año anterior}.,{1:I'll show you} {2:a comparison} {3:with the previous year}.,
work-presentations-12,Work & study,Presentations,2,3,{1:El año pasado} {2:superamos} {3:los objetivos}.,{1:Last year} {2:we exceeded} {3:our targets}.,
work-presentations-13,Work & study,Presentations,3,2,{1:Me gustaría} que {2:prestaran atención} {3:a este dato}.,{1:I'd like} {2:you to pay attention} {3:to this figure}.,
work-presentations-14,Work & study,Presentations,3,2,"{1:Si} {2:no} {3:hubiéramos invertido} {4:en marketing}, {5:los resultados} {6:habrían sido} {7:peores}.","{1:If} {3:we had}{2:n't} {3:invested} {4:in marketing}, {5:the results} {6:would have been} {7:worse}.",
work-presentations-15,Work & study,Presentations,3,3,{1:Es fundamental} que {2:mantengamos} {3:este ritmo} {4:de crecimiento}.,{1:It's essential} {2:that we maintain} {3:this rate} {4:of growth}.,
work-remote-01,Work & study,Remote working,1,1,{1:Trabajo} {2:desde casa} {3:dos días a la semana}.,{1:I work} {2:from home} {3:two days a week}.,
work-remote-02,Work & study,Remote working,1,1,¿{1:Me ves} {2:bien} {3:ahora}?,{1:Can you see me} {2:OK} {3:now}?,
work-remote-03,Work & study,Remote working,1,2,{1:No} {2:te oigo}; {3:tienes} {4:el micrófono} {5:apagado}.,{2:I can}{1:'t} {2:hear you}; {3:you've got} {4:your mic} {5:off}.,
work-remote-04,Work & study,Remote working,1,2,{1:Comparto} {2:pantalla}.,{1:I'll share} {2:my screen}.,
work-remote-05,Work & study,Remote working,1,2,{1:La conexión} {2:va} {3:muy mal} {4:hoy}.,{1:The connection} {2:is} {3:really bad} {4:today}.,
work-remote-06,Work & study,Remote working,1,2,{1:Echo de menos} {2:el contacto} {3:con mis compañeros}.,{1:I miss} {2:the contact} {3:with my colleagues}.,
work-remote-07,Work & study,Remote working,2,2,{1:Se te congela} {2:la imagen}.,{2:Your picture} {1:keeps freezing}.,
work-remote-08,Work & study,Remote working,2,2,{1:Se me ha ido} {2:la conexión} {3:un momento}.,{1:I lost} {2:my connection} {3:for a moment}.,
work-remote-09,Work & study,Remote working,2,2,{1:Te he mandado} {2:el enlace} {3:de la videollamada}.,{1:I've sent you} {2:the link} {3:for the video call}.,
work-remote-10,Work & study,Remote working,2,2,"{1:Activa} {2:la cámara}, {3:por favor}.","{1:Turn on} {2:your camera}, {3:please}.",
work-remote-11,Work & study,Remote working,2,3,{1:Me he montado} {2:una oficina} {3:en el cuarto de invitados}.,{1:I've set up} {2:an office} {3:in the spare room}.,
work-remote-12,Work & study,Remote working,3,2,{1:Silencia} {2:el micro} {3:cuando} {4:no} {5:hables}.,{1:Mute} {2:your mic} {3:when} {5:you're} {4:not} {5:talking}.,
work-remote-13,Work & study,Remote working,3,2,{1:Me cuesta} que {2:mis hijos} {3:respeten} {4:mi horario de trabajo}.,{1:It's hard for me} {2:to get my children} {3:to respect} {4:my working hours}.,
work-remote-14,Work & study,Remote working,3,3,"{1:Si} {2:pudiera elegir}, {3:trabajaría} {4:siempre} {5:en remoto}.","{1:If} {2:I could choose}, {3:I'd} {4:always} {3:work} {5:remotely}.",
work-remote-15,Work & study,Remote working,3,3,{1:Es importante} que {2:pongamos} {3:límites} {4:entre} {5:la vida laboral} {6:y la personal}.,{1:It's important} {2:that we set} {3:boundaries} {4:between} {5:work life} {6:and personal life}.,
work-business-01,Work & study,Starting a business,1,2,{1:Quiero} {2:montar} {3:mi propio negocio}.,{1:I want} {2:to start} {3:my own business}.,
work-business-02,Work & study,Starting a business,1,2,{1:Tengo} {2:una idea} {3:para una aplicación}.,{1:I have} {2:an idea} {3:for an app}.,
work-business-03,Work & study,Starting a business,1,3,{1:Necesito} {2:financiación}.,{1:I need} {2:funding}.,
work-business-04,Work & study,Starting a business,1,3,{1:Soy} {2:autónom[o|a]}.,{1:I'm} {2:self-employed}.,
work-business-05,Work & study,Starting a business,1,3,{1:Hay que} {2:registrar} {3:la empresa}.,{1:We have to} {2:register} {3:the company}.,
work-business-06,Work & study,Starting a business,1,3,{1:Estamos buscando} {2:inversores}.,{1:We're looking for} {2:investors}.,
work-business-07,Work & study,Starting a business,2,1,"{1:Si} {2:me va bien}, {3:abriré} {4:otra tienda}.","{1:If} {2:it goes well}, {3:I'll open} {4:another shop}.",
work-business-08,Work & study,Starting a business,2,1,{1:El primer año} {2:perdimos} {3:dinero}.,{1:In the first year} {2:we lost} {3:money}.,
work-business-09,Work & study,Starting a business,2,2,{1:Hemos abierto} {2:una tienda online}.,{1:We've opened} {2:an online shop}.,
work-business-10,Work & study,Starting a business,2,2,{1:Pedí} {2:un préstamo} {3:al banco}.,{1:I took out} {2:a loan} {3:from the bank}.,
work-business-11,Work & study,Starting a business,2,2,{1:Contraté} a {2:dos empleados} {3:el mes pasado}.,{1:I hired} {2:two employees} {3:last month}.,
work-business-12,Work & study,Starting a business,2,3,{1:Haremos} {2:un estudio de mercado} {3:antes de lanzar} {4:el producto}.,{1:We'll do} {2:market research} {3:before launching} {4:the product}.,
work-business-13,Work & study,Starting a business,3,3,{1:Busco} {2:un local} {3:que} {4:esté} {5:en una zona} {6:céntrica}.,{1:I'm looking for} {2:premises} {3:that} {4:are} {5:in a} {6:central} {5:area}.,
work-business-14,Work & study,Starting a business,3,3,"{1:Antes de que} {2:firmes} {3:nada}, {4:consulta} {5:con un asesor fiscal}.","{1:Before} {2:you sign} {3:anything}, {4:check} {5:with a tax adviser}.",
work-business-15,Work & study,Starting a business,3,3,"{1:Si} {2:hubiera tenido} {3:un plan de negocio} {4:más sólido}, {5:los bancos} {6:me habrían dado} {7:crédito}.","{1:If} {2:I'd had} {3:a} {4:more solid} {3:business plan}, {5:the banks} {6:would have given me} {7:credit}.",
work-jobhunt-01,Work & study,Job hunting,1,1,{1:Busco} {2:trabajo} {3:de camarer[o|a]}.,{1:I'm looking for} {2:work} {3:as a waiter}.,
work-jobhunt-02,Work & study,Job hunting,1,2,{1:Estoy} {2:en paro}.,{1:I'm} {2:unemployed}.,
work-jobhunt-03,Work & study,Job hunting,1,2,{1:Busco} {2:algo} {3:a media jornada}.,{1:I'm looking for} {2:something} {3:part-time}.,
work-jobhunt-04,Work & study,Job hunting,1,2,¿{1:Siguen} {2:buscando} {3:personal}?,{1:Are you still} {2:looking for} {3:staff}?,
work-jobhunt-05,Work & study,Job hunting,1,2,{1:Tengo} {2:experiencia} {3:en atención al cliente}.,{1:I have} {2:experience} {3:in customer service}.,
work-jobhunt-06,Work & study,Job hunting,1,3,{1:Estoy actualizando} {2:mi perfil} {3:de LinkedIn}.,{1:I'm updating} {2:my} {3:LinkedIn} {2:profile}.,
work-jobhunt-07,Work & study,Job hunting,1,3,{1:Adjunto} {2:mi carta de presentación}.,{1:Please find attached} {2:my cover letter}.,
work-jobhunt-08,Work & study,Job hunting,2,1,{1:Llámame} {2:si} {3:sabes} {4:de algo}.,{1:Call me} {2:if} {3:you hear} {4:of anything}.,
work-jobhunt-09,Work & study,Job hunting,2,2,{1:He enviado} {2:mi currículum} {3:a diez empresas}.,{1:I've sent} {2:my CV} {3:to ten companies}.,
work-jobhunt-10,Work & study,Job hunting,2,2,{1:Me han llamado} {2:para una entrevista}.,{1:I've been called} {2:for an interview}.,
work-jobhunt-11,Work & study,Job hunting,2,2,{1:Me rechazaron} {2:otra vez}.,{1:They turned me down} {2:again}.,
work-jobhunt-12,Work & study,Job hunting,2,3,{1:Me apunté} {2:a una agencia} {3:de trabajo temporal}.,{1:I signed up} {2:with a} {3:temp} {2:agency}.,
work-jobhunt-13,Work & study,Job hunting,3,2,{1:Me dijeron} que {2:me llamarían} {3:esta semana}.,{1:They said} {2:they'd call me} {3:this week}.,
work-jobhunt-14,Work & study,Job hunting,3,2,"{1:Si} {2:hubiera aprendido} {3:alemán} {4:antes}, {5:tendría} {6:más opciones}.","{1:If} {2:I'd learnt} {3:German} {4:earlier}, {5:I'd have} {6:more options}.",
work-jobhunt-15,Work & study,Job hunting,3,3,{1:Busco} {2:un trabajo} que {3:me permita} {4:conciliar}.,{1:I'm looking for} {2:a job} {3:that lets me} {4:balance work and family}.,conciliar = to balance work and family life.
work-jobhunt-16,Work & study,Job hunting,3,3,"{1:Aunque} {2:no} {3:cumpla} {4:todos los requisitos}, {5:voy a} {6:presentarme}.","{1:Even though} {3:I do}{2:n't} {3:meet} {4:all the requirements}, {5:I'm going to} {6:apply}.",
work-leaving-01,Work & study,Leaving a job,1,1,{1:Dejo} {2:el trabajo}.,{1:I'm leaving} {2:my job}.,
work-leaving-02,Work & study,Leaving a job,1,1,{1:Mañana} {2:es} {3:mi último día}.,{1:Tomorrow} {2:is} {3:my last day}.,
work-leaving-03,Work & study,Leaving a job,1,1,{1:Me voy} {2:a otra empresa}.,{1:I'm moving} {2:to another company}.,
work-leaving-04,Work & study,Leaving a job,1,2,{1:Tengo que} {2:avisar} {3:con quince días}.,{1:I have to} {2:give} {3:two weeks'} {2:notice}.,
work-leaving-05,Work & study,Leaving a job,1,2,{1:Os deseo} {2:lo mejor} {3:en esta nueva etapa}.,{1:I wish you all} {2:the best} {3:in this new chapter}.,
work-leaving-06,Work & study,Leaving a job,1,3,{1:Voy a} {2:presentar} {3:mi dimisión}.,{1:I'm going to} {2:hand in} {3:my resignation}.,
work-leaving-07,Work & study,Leaving a job,1,3,{1:Tengo} {2:una entrevista de salida} {3:con recursos humanos}.,{1:I have} {2:an exit interview} {3:with HR}.,
work-leaving-08,Work & study,Leaving a job,2,1,{1:Echaré de menos} a {2:todos}.,{1:I'll miss} {2:everyone}.,
work-leaving-09,Work & study,Leaving a job,2,2,{1:Hicimos} {2:una despedida} {3:para Luis}.,{1:We had} {2:a leaving do} {3:for Luis}.,
work-leaving-10,Work & study,Leaving a job,2,2,{1:He aceptado} {2:la oferta}.,{1:I've accepted} {2:the offer}.,
work-leaving-11,Work & study,Leaving a job,2,3,{1:Me pagaron} {2:el finiquito}.,{1:They paid me} {2:my final settlement}.,
work-leaving-12,Work & study,Leaving a job,2,3,{1:Le he pasado} {2:mis tareas} {3:a mi sustituto}.,{1:I've handed over} {2:my work} {3:to my replacement}.,
work-leaving-13,Work & study,Leaving a job,3,2,{1:Me pidieron} que {2:me quedara} {3:un mes más}.,{1:They asked me} {2:to stay} {3:another month}.,
work-leaving-14,Work & study,Leaving a job,3,2,"{1:Si} {2:me hubieran subido} {3:el sueldo}, {4:me habría quedado}.","{1:If} {2:they'd given me} {3:a pay rise}, {4:I'd have stayed}.",
work-leaving-15,Work & study,Leaving a job,3,2,"{1:Antes de que} {2:me vaya}, {3:quiero} {4:daros las gracias}.","{1:Before} {2:I go}, {3:I want} {4:to thank you all}.",
work-customers-01,Work & study,Customer service,1,2,"{1:Buenas tardes}, ¿{2:qué} {3:desea}?","{1:Good afternoon}, {2:what} {3:can I get you}?",
work-customers-02,Work & study,Customer service,1,2,{1:Ahora mismo} {2:lo miro}.,{2:I'll look into it} {1:right away}.,
work-customers-03,Work & study,Customer service,1,2,"{1:Lo siento}, {2:está agotado}.","{1:I'm sorry}, {2:it's sold out}.",
work-customers-04,Work & study,Customer service,1,2,{1:Le atiendo} {2:enseguida}.,{1:I'll be with you} {2:in a moment}.,
work-customers-05,Work & study,Customer service,1,2,¿{1:Tiene} {2:el número de pedido}?,{1:Do you have} {2:the order number}?,
work-customers-06,Work & study,Customer service,1,2,{1:Gracias por} {2:su paciencia}.,{1:Thank you for} {2:your patience}.,
work-customers-07,Work & study,Customer service,1,3,{1:Entiendo} {2:su frustración}.,{1:I understand} {2:your frustration}.,
work-customers-08,Work & study,Customer service,1,3,{1:Le paso} {2:con mi supervisor}.,{1:I'll put you through} {2:to my supervisor}.,
work-customers-09,Work & study,Customer service,2,1,¿{1:En qué} {2:puedo} {3:ayudarle}?,{1:How} {2:can I} {3:help you}?,
work-customers-10,Work & study,Customer service,2,2,{1:Le he enviado} {2:la factura} {3:por correo}.,{1:I've sent you} {2:the invoice} {3:by email}.,
work-customers-11,Work & study,Customer service,2,2,{1:Ha habido} {2:un error} {3:en su pedido}.,{1:There's been} {2:a mistake} {3:with your order}.,
work-customers-12,Work & study,Customer service,2,2,"{1:Si} {2:me deja} {3:su teléfono}, {4:le llamaremos}.","{1:If} {2:you leave me} {3:your number}, {4:we'll call you}.",
work-customers-13,Work & study,Customer service,2,3,{1:Le haremos} {2:un reembolso} {3:completo}.,{1:We'll give you} {2:a} {3:full} {2:refund}.,
work-customers-14,Work & study,Customer service,3,2,{1:No} {2:se preocupe}; {3:lo solucionamos} {4:hoy}.,{1:Don't} {2:worry}; {3:we'll sort it out} {4:today}.,
work-customers-15,Work & study,Customer service,3,3,{1:Le ruego} que {2:disculpe} {3:las molestias}.,{1:Please} {2:accept our apologies for} {3:the inconvenience}.,
work-customers-16,Work & study,Customer service,3,3,"{1:En cuanto} {2:recibamos} {3:el producto}, {4:le devolveremos} {5:el dinero}.","{1:As soon as} {2:we receive} {3:the product}, {4:we'll refund} {5:your money}.",
work-customers-17,Work & study,Customer service,3,3,{1:Lamentamos} que {2:el servicio} {3:no} {4:haya estado} {5:a la altura}.,{1:We're sorry} {2:the service} {4:was}{3:n't} {5:up to standard}.,
time-dates-01,Time & weather,Time & dates,1,1,¿{1:Qué hora} {2:es}?,{1:What time} {2:is it}?,
time-dates-02,Time & weather,Time & dates,1,1,{1:Son} {2:las tres y media}.,{1:It's} {2:half past three}.,"Times use son (plural), except for one o'clock: es la una."
time-dates-03,Time & weather,Time & dates,1,1,{1:Hoy} {2:es} {3:lunes}.,{1:Today} {2:is} {3:Monday}.,Days of the week have no capital letter.
time-dates-04,Time & weather,Time & dates,1,1,{1:Mi cumpleaños} {2:es} {3:el doce de mayo}.,{1:My birthday} {2:is} {3:on the twelfth of May}.,Dates use ordinary numbers: 'the twelve of May'.
time-dates-05,Time & weather,Time & dates,1,1,{1:Llego} {2:dentro de} {3:diez minutos}.,{1:I'll be there} {2:in} {3:ten minutes}.,dentro de = in (a period of time from now).
time-dates-08,Time & weather,Time & dates,1,1,¿{1:Qué día} {2:es hoy}?,{1:What day} {2:is it today}?,
time-dates-09,Time & weather,Time & dates,1,1,{1:Es} {2:la una} {3:en punto}.,{1:It's} {2:one o'clock} {3:exactly}.,
time-dates-10,Time & weather,Time & dates,1,1,{1:Son} {2:las diez menos cuarto}.,{1:It's} {2:quarter to ten}.,
time-dates-11,Time & weather,Time & dates,1,1,{1:Hoy} {2:es} {3:quince de marzo}.,{1:Today} {2:is} {3:the fifteenth of March}.,
time-dates-12,Time & weather,Time & dates,1,1,{1:Nos vemos} {2:el martes} {3:por la tarde}.,{1:See you} {2:on Tuesday} {3:afternoon}.,
time-dates-13,Time & weather,Time & dates,1,2,{1:Abren} {2:de nueve} {3:a dos}.,{1:They're open} {2:from nine} {3:to two}.,
time-dates-14,Time & weather,Time & dates,1,2,{1:Nací} {2:en mil novecientos ochenta y cinco}.,{1:I was born} {2:in nineteen eighty-five}.,
time-dates-15,Time & weather,Time & dates,1,2,{1:Dentro de} {2:una semana} {3:me voy de vacaciones}.,{1:In} {2:a week's time} {3:I'm going on holiday}.,
time-dates-16,Time & weather,Time & dates,1,2,{1:Los lunes} {2:tengo} {3:clase de yoga}.,{1:On Mondays} {2:I have} {3:a yoga class}.,
time-dates-17,Time & weather,Time & dates,1,3,{1:Pasado mañana} {2:es} {3:festivo}.,{1:The day after tomorrow} {2:is} {3:a bank holiday}.,
time-dates-18,Time & weather,Time & dates,1,3,{1:Es} {2:a mediados de julio}.,{1:It's} {2:in mid-July}.,
time-dates-06,Time & weather,Time & dates,2,1,{1:Hace} {2:tres años} que {3:vivo} {4:aquí}.,{3:I've lived} {4:here} {1:for} {2:three years}.,hace + time + que + present = 'have been... for'.
time-dates-19,Time & weather,Time & dates,2,1,{1:Llegué} {2:anteayer}.,{1:I arrived} {2:the day before yesterday}.,
time-dates-20,Time & weather,Time & dates,2,2,{1:Nos casamos} {2:en dos mil quince}.,{1:We got married} {2:in twenty fifteen}.,
time-dates-21,Time & weather,Time & dates,2,2,{1:La tienda} {2:abrirá} {3:a finales de mes}.,{1:The shop} {2:will open} {3:at the end of the month}.,
time-dates-22,Time & weather,Time & dates,2,3,{1:Lo entregaré} {2:a principios de la semana que viene}.,{1:I'll hand it in} {2:early next week}.,
time-dates-07,Time & weather,Time & dates,3,1,"{1:Para cuando} {2:llegues}, {3:ya} {4:habremos cenado}.","{1:By the time} {2:you arrive}, {4:we'll} {3:already} {4:have had dinner}.","The future perfect, and para cuando + subjunctive."
time-dates-23,Time & weather,Time & dates,3,2,"{1:Cuando} {2:sean} {3:las ocho}, {4:llámame}.","{1:When} {2:it's} {3:eight o'clock}, {4:call me}.",
time-dates-24,Time & weather,Time & dates,3,3,{1:Para el viernes} {2:ya} {3:habré terminado}.,{1:By Friday} {3:I'll} {2:already} {3:have finished}.,
time-dates-25,Time & weather,Time & dates,3,3,"{1:Dijo} que {2:volvería} {3:dentro de una hora}, {4:pero} {5:han pasado} {6:tres}.","{1:She said} {2:she'd be back} {3:in an hour}, {4:but} {6:three} {5:have gone by}.",
time-weather-01,Time & weather,Weather,1,1,{1:Hace} {2:sol}.,{1:It's} {2:sunny}.,Literally 'it makes sun'.
time-weather-02,Time & weather,Weather,1,1,{1:Está lloviendo}.,{1:It's raining}.,
time-weather-03,Time & weather,Weather,1,1,{1:Hace} {2:mucho frío} {3:hoy}.,{1:It's} {2:very cold} {3:today}.,
time-weather-04,Time & weather,Weather,1,1,{1:Mañana} {2:va a} {3:nevar}.,{1:Tomorrow} {2:it's going to} {3:snow}.,
time-weather-09,Time & weather,Weather,1,1,{1:Hace} {2:viento}.,{1:It's} {2:windy}.,
time-weather-10,Time & weather,Weather,1,1,{1:Hace} {2:buen tiempo}.,{1:The weather} {2:is nice}.,
time-weather-11,Time & weather,Weather,1,1,{1:Está} {2:nublado}.,{1:It's} {2:cloudy}.,
time-weather-12,Time & weather,Weather,1,1,¿{1:Qué tiempo} {2:hace} {3:hoy}?,{1:What's the weather} {2:like} {3:today}?,
time-weather-14,Time & weather,Weather,1,2,{1:Hay} {2:niebla} {3:en la carretera}.,{1:There's} {2:fog} {3:on the road}.,
time-weather-15,Time & weather,Weather,1,2,{1:Hace} {2:treinta y cinco grados} {3:a la sombra}.,{1:It's} {2:thirty-five degrees} {3:in the shade}.,
time-weather-16,Time & weather,Weather,1,2,{1:Va a} {2:hacer} {3:mucho calor} {4:esta semana}.,{1:It's going to} {2:be} {3:very hot} {4:this week}.,
time-weather-13,Time & weather,Weather,1,3,{1:Hace} {2:un frío que pela}.,{1:It's} {2:bitterly cold}.,Literally 'a cold that peels'.
time-weather-17,Time & weather,Weather,1,3,{1:Está} {2:chispeando}.,{1:It's} {2:spitting}.,
time-weather-18,Time & weather,Weather,1,3,{1:Hay} {2:aviso amarillo} {3:por lluvias}.,{1:There's} {2:a yellow warning} {3:for rain}.,
time-weather-05,Time & weather,Weather,2,1,{1:Ayer} {2:hizo} {3:un día} {4:precioso}.,{1:Yesterday} {2:was} {3:a} {4:beautiful} {3:day}.,hizo = past of hace.
time-weather-19,Time & weather,Weather,2,2,{1:Se ha levantado} {2:mucho viento}.,{2:A strong wind} {1:has got up}.,
time-weather-20,Time & weather,Weather,2,2,{1:Anoche} {2:cayó} {3:una tormenta tremenda}.,{1:Last night} {2:there was} {3:a terrible storm}.,
time-weather-21,Time & weather,Weather,2,2,{1:Me empapé} {2:volviendo a casa}.,{1:I got soaked} {2:on the way home}.,
time-weather-06,Time & weather,Weather,2,3,{1:Se esperan} {2:tormentas} {3:y} {4:fuertes rachas de viento} {5:en el norte}.,{2:Storms} {3:and} {4:strong gusts of wind} {1:are expected} {5:in the north}.,Passive with se: 'storms are expected'.
time-weather-22,Time & weather,Weather,2,3,{1:Ha granizado} {2:esta tarde}.,{1:It hailed} {2:this afternoon}.,
time-weather-23,Time & weather,Weather,2,3,{1:Mañana} {2:bajarán} {3:las temperaturas}.,{3:Temperatures} {2:will drop} {1:tomorrow}.,
time-weather-07,Time & weather,Weather,3,1,{1:Ojalá} {2:haga buen tiempo} {3:el fin de semana}.,{1:Hopefully} {2:the weather will be nice} {3:at the weekend}.,Ojalá + present subjunctive: a hope that could come true.
time-weather-08,Time & weather,Weather,3,1,"{1:Aunque} {2:llueva}, {3:vamos a} {4:salir} {5:a dar un paseo}.","{1:Even if} {2:it rains}, {3:we're going to} {4:go out} {5:for a walk}.",aunque + subjunctive = 'even if'. With the indicative it means 'even though'.
time-weather-24,Time & weather,Weather,3,2,"{1:Coge} {2:un paraguas}, {3:por si} {4:llueve}.","{1:Take} {2:an umbrella}, {3:in case} {4:it rains}.",
time-weather-25,Time & weather,Weather,3,3,"{1:Si} {2:no} {3:hubiera llovido}, {4:habríamos ido} {5:a la playa}.","{1:If} {3:it had}{2:n't} {3:rained}, {4:we'd have gone} {5:to the beach}.",
time-seasons-01,Time & weather,Seasons & climate,1,1,{1:En verano} {2:hace} {3:mucho calor} {4:aquí}.,{1:In summer} {2:it's} {3:very hot} {4:here}.,
time-seasons-02,Time & weather,Seasons & climate,1,1,{1:Me encanta} {2:la primavera}.,{1:I love} {2:spring}.,
time-seasons-03,Time & weather,Seasons & climate,1,1,{1:En invierno} {2:nieva} {3:mucho}.,{1:In winter} {2:it snows} {3:a lot}.,
time-seasons-04,Time & weather,Seasons & climate,1,2,{1:El otoño} {2:es} {3:mi estación favorita}.,{1:Autumn} {2:is} {3:my favourite season}.,
time-seasons-05,Time & weather,Seasons & climate,1,2,{1:Hay} {2:mucha humedad}.,{1:It's} {2:very humid}.,Literally 'there's a lot of humidity'.
time-seasons-06,Time & weather,Seasons & climate,1,2,{1:Las noches} {2:son} {3:frescas}.,{1:The nights} {2:are} {3:cool}.,
time-seasons-07,Time & weather,Seasons & climate,1,2,{1:En esta zona} {2:llueve} {3:poco}; {4:el clima} {5:es} {6:muy seco}.,{1:In this area} {2:it rains} {3:very little}; {4:the climate} {5:is} {6:very dry}.,
time-seasons-08,Time & weather,Seasons & climate,2,1,{1:El invierno pasado} {2:hizo} {3:muchísimo frío}.,{1:Last winter} {2:it was} {3:incredibly cold}.,
time-seasons-09,Time & weather,Seasons & climate,2,1,{1:Antes} {2:nevaba} {3:más}.,{2:It used to snow} {3:more} {1:before}.,
time-seasons-10,Time & weather,Seasons & climate,2,2,{1:Este verano} {2:ha sido} {3:el más caluroso} {4:en años}.,{1:This summer} {2:has been} {3:the hottest} {4:in years}.,
time-seasons-11,Time & weather,Seasons & climate,2,3,{1:Se prevén} {2:heladas} {3:para el fin de semana}.,{2:Frost} {1:is forecast} {3:for the weekend}.,
time-seasons-12,Time & weather,Seasons & climate,2,3,{1:Los expertos} {2:advierten} que {3:las sequías} {4:serán} {5:cada vez más frecuentes}.,{1:Experts} {2:warn} {3:droughts} {4:will become} {5:more and more frequent}.,cada vez más = more and more.
time-seasons-13,Time & weather,Seasons & climate,3,1,{1:Espero} que {2:no} {3:llueva} {4:mañana}.,{1:I hope} {3:it does}{2:n't} {3:rain} {4:tomorrow}.,
time-seasons-14,Time & weather,Seasons & climate,3,1,{1:Es raro} que {2:haga} {3:tanto calor} {4:en octubre}.,{1:It's unusual} {2:for it to be} {3:this hot} {4:in October}.,
time-schedules-01,Time & weather,Schedules & deadlines,1,1,¿{1:A qué hora} {2:quedamos}?,{1:What time} {2:shall we meet}?,
time-schedules-02,Time & weather,Schedules & deadlines,1,1,{1:Llego} {2:a las nueve en punto}.,{1:I'll arrive} {2:at nine o'clock sharp}.,
time-schedules-03,Time & weather,Schedules & deadlines,1,1,{1:Te espero} {2:a las ocho}.,{1:I'll wait for you} {2:at eight}.,
time-schedules-04,Time & weather,Schedules & deadlines,1,1,{1:La tienda} {2:cierra} {3:a mediodía}.,{1:The shop} {2:closes} {3:at midday}.,
time-schedules-05,Time & weather,Schedules & deadlines,1,2,{1:Voy} {2:con retraso}.,{1:I'm running} {2:late}.,
time-schedules-06,Time & weather,Schedules & deadlines,1,2,{1:Tengo} {2:la agenda} {3:muy llena} {4:esta semana}.,{1:I have} {2:a} {3:very full} {2:diary} {4:this week}.,
time-schedules-07,Time & weather,Schedules & deadlines,1,2,¿{1:Te viene bien} {2:el martes}?,{1:Does} {2:Tuesday} {1:suit you}?,venir bien = to suit.
time-schedules-08,Time & weather,Schedules & deadlines,1,3,{1:El plazo} {2:termina} {3:el día quince}.,{1:The deadline} {2:is up on} {3:the fifteenth}.,
time-schedules-09,Time & weather,Schedules & deadlines,2,1,{1:Lo terminaré} {2:para el viernes}.,{1:I'll finish it} {2:by Friday}.,para + a date = by.
time-schedules-10,Time & weather,Schedules & deadlines,2,1,{1:Avísame} {2:si} {3:llegas} {4:tarde}.,{1:Let me know} {2:if} {3:you're} {4:late}.,
time-schedules-11,Time & weather,Schedules & deadlines,2,2,{1:Hemos tenido que} {2:cambiar} {3:la fecha}.,{1:We've had to} {2:change} {3:the date}.,
time-schedules-12,Time & weather,Schedules & deadlines,2,2,{1:Llevamos} {2:una semana} {3:de retraso}.,{1:We're} {2:a week} {3:behind}.,
time-schedules-13,Time & weather,Schedules & deadlines,2,3,"{1:Si} {2:no} {3:cumplimos} {4:el plazo}, {5:nos penalizarán}.","{1:If} {3:we do}{2:n't} {3:meet} {4:the deadline}, {5:they'll penalise us}.",
time-schedules-14,Time & weather,Schedules & deadlines,3,1,{1:Necesito} que {2:me lo mandes} {3:antes de las cinco}.,{1:I need} {2:you to send it to me} {3:before five}.,
time-schedules-15,Time & weather,Schedules & deadlines,3,2,"{1:Para cuando} {2:te lleguen} {3:los documentos}, {4:ya} {5:habré salido}.","{1:By the time} {3:the documents} {2:reach you}, {5:I'll} {4:already} {5:have left}.",
time-future-01,Time & weather,Talking about the future,1,1,{1:Mañana} {2:voy a} {3:trabajar}.,{1:Tomorrow} {2:I'm going to} {3:work}.,
time-future-02,Time & weather,Talking about the future,1,1,{1:El año que viene} {2:me caso}.,{1:Next year} {2:I'm getting married}.,The present can describe a fixed future plan.
time-future-03,Time & weather,Talking about the future,1,1,{1:Esta noche} {2:vamos a} {3:salir}.,{1:Tonight} {2:we're going} {3:out}.,
time-future-04,Time & weather,Talking about the future,2,1,{1:Mañana} {2:hará} {3:buen tiempo}.,{1:Tomorrow} {2:the weather will be} {3:good}.,
time-future-05,Time & weather,Talking about the future,2,1,"{1:Dentro de} {2:diez años}, {3:todo} {4:será} {5:diferente}.","{1:In} {2:ten years' time}, {3:everything} {4:will be} {5:different}.",
time-future-06,Time & weather,Talking about the future,2,1,¿{1:Qué} {2:harás} {3:este verano}?,{1:What} {2:will you do} {3:this summer}?,
time-future-07,Time & weather,Talking about the future,2,1,{1:Supongo} que {2:tendremos} {3:que esperar}.,{1:I suppose} {2:we'll have} {3:to wait}.,
time-future-08,Time & weather,Talking about the future,2,2,{1:Quién sabe} {2:dónde} {3:estaremos} {4:dentro de veinte años}.,{1:Who knows} {2:where} {3:we'll be} {4:in twenty years}.,
time-future-09,Time & weather,Talking about the future,2,3,{1:Se prevé} que {2:la población} {3:aumentará} {4:un diez por ciento}.,{2:The population} {1:is forecast} {3:to grow} {4:by ten per cent}.,
time-future-10,Time & weather,Talking about the future,3,1,{1:Te llamaré} {2:cuando} {3:llegue}.,{1:I'll call you} {2:when} {3:I arrive}.,cuando + subjunctive for something that hasn't happened yet.
time-future-11,Time & weather,Talking about the future,3,1,"{1:Cuando} {2:sea mayor}, {3:quiero} {4:ser} {5:médic[o|a]}.","{1:When} {2:I grow up}, {3:I want} {4:to be} {5:a doctor}.",
time-future-12,Time & weather,Talking about the future,3,1,"{1:En cuanto} {2:sepa} {3:algo}, {4:te aviso}.","{1:As soon as} {2:I know} {3:anything}, {4:I'll let you know}.",
time-future-13,Time & weather,Talking about the future,3,1,{1:No} {2:creo} que {3:llueva} {4:mañana}.,{2:I do}{1:n't} {2:think} {3:it'll rain} {4:tomorrow}.,
time-future-14,Time & weather,Talking about the future,3,2,"{1:Para} {2:el año 2030}, {3:habremos terminado} {4:el proyecto}.","{1:By} {2:2030}, {3:we'll have finished} {4:the project}.",
time-future-15,Time & weather,Talking about the future,3,2,"{1:Pase lo que pase}, {2:siempre} {3:podrás} {4:contar conmigo}.","{1:Whatever happens}, {3:you'll} {2:always} {3:be able to} {4:count on me}.",
time-timeexpr-01,Time & weather,Time expressions,1,1,{1:Ahora mismo} {2:voy}.,{2:I'm coming} {1:right now}.,
time-timeexpr-02,Time & weather,Time expressions,1,1,{1:Siempre} {2:llego} {3:a tiempo}.,{2:I'm} {1:always} {3:on time}.,
time-timeexpr-03,Time & weather,Time expressions,1,2,{1:De vez en cuando} {2:voy} {3:al cine}.,{1:Every now and then} {2:I go} {3:to the cinema}.,
time-timeexpr-04,Time & weather,Time expressions,1,2,{1:Pasado mañana} {2:es} {3:fiesta}.,{1:The day after tomorrow} {2:is} {3:a holiday}.,
time-timeexpr-05,Time & weather,Time expressions,1,2,{1:A menudo} {2:trabajo} {3:los sábados}.,{2:I} {1:often} {2:work} {3:on Saturdays}.,
time-timeexpr-06,Time & weather,Time expressions,1,2,"{1:Hoy en día}, {2:todo el mundo} {3:tiene} {4:móvil}.","{1:Nowadays}, {2:everyone} {3:has} {4:a mobile}.",
time-timeexpr-07,Time & weather,Time expressions,1,2,"{1:Cada vez que} {2:lo veo}, {3:me acuerdo de} {4:mi padre}.","{1:Every time} {2:I see him}, {3:I'm reminded of} {4:my father}.",
time-timeexpr-08,Time & weather,Time expressions,2,2,{1:Anteayer} {2:fue} {3:mi cumpleaños}.,{1:The day before yesterday} {2:was} {3:my birthday}.,
time-timeexpr-09,Time & weather,Time expressions,2,2,{1:Hace un rato} {2:llamó} {3:tu madre}.,{3:Your mother} {2:called} {1:a little while ago}.,
time-timeexpr-10,Time & weather,Time expressions,2,2,"{1:A la mañana siguiente}, {2:nos fuimos} {3:temprano}.","{1:The next morning}, {2:we left} {3:early}.",
time-timeexpr-11,Time & weather,Time expressions,2,2,"{1:Mientras tanto}, {2:espera} {3:aquí}.","{1:In the meantime}, {2:wait} {3:here}.",
time-timeexpr-12,Time & weather,Time expressions,2,3,"{1:Al cabo de} {2:una hora}, {3:llegó} {4:la ambulancia}.","{1:After} {2:an hour}, {4:the ambulance} {3:arrived}.",
time-timeexpr-13,Time & weather,Time expressions,2,3,{1:Desde entonces} {2:no} {3:he vuelto} {4:a verla}.,{3:I have}{2:n't} {4:seen her} {3:again} {1:since then}.,volver a + infinitive = to do something again.
time-timeexpr-14,Time & weather,Time expressions,3,1,"{1:En cuanto} {2:termines}, {3:avísame}.","{1:As soon as} {2:you finish}, {3:let me know}.",
time-timeexpr-15,Time & weather,Time expressions,3,2,"{1:Para cuando} {2:te des cuenta}, {3:ya} {4:habrá pasado} {5:el verano}.","{1:Before} {2:you know it}, {5:summer} {4:will} {3:already} {4:have gone}.",Literally 'by the time you realise'.
time-timeexpr-16,Time & weather,Time expressions,3,3,"{1:A medida que} {2:pasen} {3:los años}, {4:lo entenderás}.","{1:As} {3:the years} {2:go by}, {4:you'll understand}.",
time-punctuality-01,Time & weather,Punctuality,1,1,{1:Voy} {2:con prisa}.,{1:I'm} {2:in a hurry}.,
time-punctuality-02,Time & weather,Punctuality,1,1,{1:Estoy} {2:a cinco minutos}.,{1:I'm} {2:five minutes away}.,
time-punctuality-03,Time & weather,Punctuality,1,2,{1:Estoy} {2:en un atasco}.,{1:I'm} {2:stuck in traffic}.,
time-punctuality-04,Time & weather,Punctuality,1,2,{1:Aquí} {2:la gente} {3:es} {4:muy puntual}.,{2:People} {3:are} {4:very punctual} {1:here}.,
time-punctuality-05,Time & weather,Punctuality,1,2,{1:Siempre} {2:llega} {3:con retraso}.,{2:She's} {1:always} {3:late}.,
time-punctuality-06,Time & weather,Punctuality,2,1,{1:Llegué} {2:justo a tiempo}.,{1:I arrived} {2:just in time}.,
time-punctuality-07,Time & weather,Punctuality,2,1,{1:Empieza} {2:sin mí}; {3:llego} {4:enseguida}.,{1:Start} {2:without me}; {3:I'll be there} {4:in a minute}.,
time-punctuality-08,Time & weather,Punctuality,2,1,{1:Avísame} {2:si} {3:vas a llegar} {4:tarde}.,{1:Let me know} {2:if} {3:you're going to be} {4:late}.,
time-punctuality-09,Time & weather,Punctuality,2,2,{1:Te estuve esperando} {2:una hora}.,{1:I was waiting for you} {2:for an hour}.,
time-punctuality-10,Time & weather,Punctuality,2,2,{1:Me he quedado dormid[o|a]}.,{1:I overslept}.,
time-punctuality-11,Time & weather,Punctuality,2,3,{1:Se me ha hecho tarde}.,{1:I've lost track of time}.,
time-punctuality-12,Time & weather,Punctuality,3,1,"{1:Si} {2:hubiera salido} {3:cinco minutos antes}, {4:no} {5:habría perdido} {6:el tren}.","{1:If} {2:I'd left} {3:five minutes earlier}, {5:I would}{4:n't} {5:have missed} {6:the train}.",
time-punctuality-13,Time & weather,Punctuality,3,2,{1:No} {2:me esperéis}; {3:id} {4:empezando}.,{1:Don't} {2:wait for me}; {3:go ahead and} {4:start}.,
time-punctuality-14,Time & weather,Punctuality,3,2,"{1:Por mucho que} {2:me lo prometa}, {3:siempre} {4:llega} {5:tarde}.","{1:However much} {2:he promises}, {4:he's} {3:always} {5:late}.",
time-calendar-01,Time & weather,Holidays & the calendar,1,2,{1:El lunes} {2:es} {3:festivo}.,{1:Monday} {2:is} {3:a bank holiday}.,
time-calendar-02,Time & weather,Holidays & the calendar,1,2,¿{1:Qué día} {2:cae} {3:Navidad} {4:este año}?,{1:What day} {2:does} {3:Christmas} {2:fall on} {4:this year}?,
time-calendar-03,Time & weather,Holidays & the calendar,1,2,{1:En Semana Santa} {2:cierran} {3:muchas tiendas}.,{1:At Easter} {3:a lot of shops} {2:close}.,
time-calendar-04,Time & weather,Holidays & the calendar,1,2,{1:Tengo} {2:vacaciones} {3:del uno al quince}.,{1:I've got} {2:holiday} {3:from the first to the fifteenth}.,
time-calendar-05,Time & weather,Holidays & the calendar,1,3,{1:Hay} {2:puente} {3:este fin de semana}.,{3:This weekend} {1:is} {2:a long weekend}.,
time-calendar-06,Time & weather,Holidays & the calendar,1,3,{1:Nochevieja} {2:la pasamos} {3:con amigos}.,{2:We spend} {1:New Year's Eve} {3:with friends}.,
time-calendar-07,Time & weather,Holidays & the calendar,2,1,{1:El año pasado} {2:no} {3:tuve} {4:vacaciones}.,{3:I did}{2:n't} {3:have} {4:a holiday} {1:last year}.,
time-calendar-08,Time & weather,Holidays & the calendar,2,2,{1:Hemos reservado} {2:las vacaciones} {3:con antelación}.,{1:We've booked} {2:our holiday} {3:in advance}.,
time-calendar-09,Time & weather,Holidays & the calendar,2,2,{1:Me cogí} {2:una semana} {3:de vacaciones}.,{1:I took} {2:a week} {3:off}.,
time-calendar-10,Time & weather,Holidays & the calendar,2,3,{1:Pedí} {2:días libres} {3:para el puente}.,{1:I asked for} {2:time off} {3:for the long weekend}.,
time-calendar-11,Time & weather,Holidays & the calendar,3,1,"{1:Cuando} {2:empiecen} {3:las vacaciones}, {4:me iré} {5:a la playa}.","{1:When} {3:the holidays} {2:start}, {4:I'll go} {5:to the beach}.",
time-calendar-12,Time & weather,Holidays & the calendar,3,2,{1:Me gustaría} {2:cogerme} {3:unos días} {4:antes de que} {5:acabe} {6:el año}.,{1:I'd like} {2:to take} {3:a few days off} {4:before} {6:the year} {5:ends}.,
time-calendar-13,Time & weather,Holidays & the calendar,3,2,{1:No} {2:reserves} {3:nada} {4:hasta que} {5:sepamos} {6:las fechas}.,{1:Don't} {2:book} {3:anything} {4:until} {5:we know} {6:the dates}.,
time-calendar-14,Time & weather,Holidays & the calendar,3,2,"{1:Si} {2:no} {3:cayera} {4:en domingo}, {5:tendríamos} {6:un día libre}.","{1:If} {3:it did}{2:n't} {3:fall} {4:on a Sunday}, {5:we'd have} {6:a day off}.",
time-calendar-15,Time & weather,Holidays & the calendar,3,2,"{1:Para cuando} {2:lleguen} {3:las vacaciones}, {4:ya} {5:habré terminado} {6:el proyecto}.","{1:By the time} {3:the holidays} {2:come}, {5:I'll} {4:already} {5:have finished} {6:the project}.",
help-lost-01,Problems & emergencies,Lost & stolen,1,1,{1:No} {2:encuentro} {3:mi móvil}.,{2:I can}{1:'t} {2:find} {3:my phone}.,Spanish just says 'I don't find'.
help-lost-08,Problems & emergencies,Lost & stolen,1,1,{1:Mi hijo} {2:se ha perdido}.,{1:My son} {2:is lost}.,
help-lost-09,Problems & emergencies,Lost & stolen,1,1,{1:Es} {2:una mochila} {3:azul}.,{1:It's} {2:a} {3:blue} {2:rucksack}.,
help-lost-02,Problems & emergencies,Lost & stolen,1,2,¿{1:Dónde} {2:está} {3:la comisaría} {4:más cercana}?,{1:Where}{2:'s} {3:the} {4:nearest} {3:police station}?,
help-lost-10,Problems & emergencies,Lost & stolen,1,2,¿{1:Dónde} {2:está} {3:la oficina de objetos perdidos}?,{1:Where}{2:'s} {3:the lost property office}?,
help-lost-11,Problems & emergencies,Lost & stolen,1,2,{1:Dentro} {2:hay} {3:mis llaves} {4:y} {5:la cartera}.,{1:Inside} {2:there are} {3:my keys} {4:and} {5:my wallet}.,
help-lost-12,Problems & emergencies,Lost & stolen,1,2,{1:Lleva} {2:una camiseta roja}.,{1:He's wearing} {2:a red T-shirt}.,
help-lost-13,Problems & emergencies,Lost & stolen,1,2,{1:No} {2:sé} {3:dónde} {4:lo dejé}.,{2:I do}{1:n't} {2:know} {3:where} {4:I left it}.,
help-lost-14,Problems & emergencies,Lost & stolen,1,3,{1:Tiene} {2:una funda} {3:con flores}.,{1:It has} {2:a} {3:flowery} {2:case}.,
help-lost-15,Problems & emergencies,Lost & stolen,1,3,{1:Mi número} {2:está} {3:en la etiqueta}.,{1:My number} {2:is} {3:on the label}.,
help-lost-03,Problems & emergencies,Lost & stolen,2,1,{1:He perdido} {2:la cartera}.,{1:I've lost} {2:my wallet}.,
help-lost-04,Problems & emergencies,Lost & stolen,2,1,"{1:Lo dejé} {2:en el taxi}, {3:creo}.","{1:I left it} {2:in the taxi}, {3:I think}.",
help-lost-16,Problems & emergencies,Lost & stolen,2,1,{1:La última vez} {2:la vi} {3:en el bar}.,{1:The last time} {2:I saw it} {3:was in the bar}.,
help-lost-05,Problems & emergencies,Lost & stolen,2,2,{1:Me han robado} {2:el bolso}.,{1:Someone's stolen} {2:my bag}.,Literally 'they've robbed me the bag'.
help-lost-17,Problems & emergencies,Lost & stolen,2,2,{1:Se me cayó} {2:del bolsillo}.,{1:It fell} {2:out of my pocket}.,
help-lost-18,Problems & emergencies,Lost & stolen,2,2,¿{1:Ha encontrado} {2:alguien} {3:un móvil}?,{1:Has} {2:anyone} {1:found} {3:a phone}?,
help-lost-19,Problems & emergencies,Lost & stolen,2,2,{1:Llámeme} {2:si} {3:aparece}.,{1:Call me} {2:if} {3:it turns up}.,
help-lost-20,Problems & emergencies,Lost & stolen,2,3,{1:Ya} {2:he bloqueado} {3:las tarjetas}.,{2:I've} {1:already} {2:blocked} {3:my cards}.,
help-lost-21,Problems & emergencies,Lost & stolen,2,3,{1:Lo rastreé} {2:con la aplicación}.,{1:I tracked it} {2:with the app}.,
help-lost-06,Problems & emergencies,Lost & stolen,3,2,"{1:Cuando} {2:me di cuenta}, {3:el ladrón} {4:ya} {5:había desaparecido}.","{1:By the time} {2:I realised}, {3:the thief} {5:had} {4:already} {5:disappeared}.",The pluperfect (había desaparecido): something that had already happened.
help-lost-22,Problems & emergencies,Lost & stolen,3,2,"{1:Si} {2:alguien} {3:lo encuentra}, {4:dígale} que {5:me llame}.","{1:If} {2:anyone} {3:finds it}, {4:tell them} {5:to call me}.",
help-lost-23,Problems & emergencies,Lost & stolen,3,2,{1:Espero} que {2:alguien} {3:lo haya entregado}.,{1:I hope} {2:someone} {3:has handed it in}.,
help-lost-07,Problems & emergencies,Lost & stolen,3,3,{1:Necesito} {2:una copia} {3:de la denuncia} {4:para que} {5:el seguro} {6:me lo cubra}.,{1:I need} {2:a copy} {3:of the police report} {4:so that} {5:the insurance} {6:covers it}.,para que always takes the subjunctive.
help-lost-24,Problems & emergencies,Lost & stolen,3,3,"{1:Si} {2:no} {3:me hubiera distraído}, {4:no} {5:lo habría perdido}.","{1:If} {3:I had}{2:n't} {3:got distracted}, {5:I would}{4:n't} {5:have lost it}.",
help-help-01,Problems & emergencies,Asking for help,1,1,¡{1:Ayuda}!,{1:Help}!,
help-help-02,Problems & emergencies,Asking for help,1,1,¿{1:Habla} {2:inglés}?,{1:Do you speak} {2:English}?,Habla with no tú is the polite usted form.
help-help-08,Problems & emergencies,Asking for help,1,1,{1:Es} {2:urgente}.,{1:It's} {2:urgent}.,
help-help-09,Problems & emergencies,Asking for help,1,1,{1:Necesito} {2:ayuda}.,{1:I need} {2:help}.,
help-help-10,Problems & emergencies,Asking for help,1,1,"¿{1:Me puede ayudar}, {2:por favor}?","{1:Can you help me}, {2:please}?",
help-help-11,Problems & emergencies,Asking for help,1,1,{1:No} {2:hablo} {3:bien} {4:español}.,{2:I do}{1:n't} {2:speak} {4:Spanish} {3:well}.,
help-help-12,Problems & emergencies,Asking for help,1,2,{1:Mi amigo} {2:no} {3:respira}.,{1:My friend} {3:is}{2:n't} {3:breathing}.,
help-help-13,Problems & emergencies,Asking for help,1,2,{1:Hay} {2:un incendio}.,{1:There's} {2:a fire}.,
help-help-14,Problems & emergencies,Asking for help,1,2,{1:Hay} {2:una persona herida}.,{1:There's} {2:someone injured}.,
help-help-15,Problems & emergencies,Asking for help,1,2,¿{1:Cuál es} {2:el número de emergencias}?,{1:What's} {2:the emergency number}?,
help-help-16,Problems & emergencies,Asking for help,1,3,"{1:Estamos} {2:en la calle Mayor}, {3:esquina con} {4:la plaza}.","{1:We're} {2:on the high street}, {3:on the corner of} {4:the square}.",
help-help-03,Problems & emergencies,Asking for help,2,1,{1:No} {2:entiendo}. ¿{3:Puede} {4:repetir}{5:lo}?,{2:I do}{1:n't} {2:understand}. {3:Can you} {4:repeat} {5:that}?,
help-help-04,Problems & emergencies,Asking for help,2,1,{1:Llame} a {2:una ambulancia}.,{1:Call} {2:an ambulance}.,A polite (usted) command.
help-help-05,Problems & emergencies,Asking for help,2,1,{1:Ha habido} {2:un accidente}.,{1:There's been} {2:an accident}.,ha habido = present perfect of hay.
help-help-18,Problems & emergencies,Asking for help,2,1,"¡{1:Llamen} a {2:la policía}, {3:rápido}!","{1:Call} {2:the police}, {3:quick}!",
help-help-17,Problems & emergencies,Asking for help,2,2,{1:Se ha desmayado}.,{1:She's fainted}.,
help-help-19,Problems & emergencies,Asking for help,2,2,"{1:Apártense}, {2:por favor}.","{1:Stand back}, {2:please}.",
help-help-20,Problems & emergencies,Asking for help,2,2,"{1:Escríbamelo}, {2:por favor}.","{1:Write it down for me}, {2:please}.",
help-help-21,Problems & emergencies,Asking for help,2,3,{1:Me he quedado encerrad[o|a]} {2:en el ascensor}.,{1:I'm stuck} {2:in the lift}.,
help-help-22,Problems & emergencies,Asking for help,2,3,{1:Se le ha atragantado} {2:la comida}.,{1:He's choking} {2:on his food}.,
help-help-07,Problems & emergencies,Asking for help,3,1,¡{1:Que alguien} {2:me ayude}!,{1:Somebody} {2:help me}!,
help-help-06,Problems & emergencies,Asking for help,3,2,"{1:Por favor}, {2:quédese} {3:conmigo} {4:hasta que} {5:llegue} {6:la policía}.",{1:Please} {2:stay} {3:with me} {4:until} {6:the police} {5:arrive}.,hasta que + subjunctive. conmigo = with me.
help-help-23,Problems & emergencies,Asking for help,3,2,{1:No} {2:lo muevan} {3:hasta que} {4:llegue} {5:la ambulancia}.,{1:Don't} {2:move him} {3:until} {5:the ambulance} {4:arrives}.,
help-help-24,Problems & emergencies,Asking for help,3,2,{1:Necesito} {2:a alguien} que {3:hable} {4:inglés}.,{1:I need} {2:someone} {3:who speaks} {4:English}.,
help-help-25,Problems & emergencies,Asking for help,3,3,"{1:Si} {2:no} {3:hubiera llegado} {4:tan rápido}, {5:habría sido} {6:mucho peor}.","{1:If} {3:she had}{2:n't} {3:arrived} {4:so quickly}, {5:it would have been} {6:much worse}.",
help-complaints-01,Problems & emergencies,Complaints,1,1,{1:Esto} {2:no} {3:funciona}.,{1:This} {3:does}{2:n't} {3:work}.,
help-complaints-02,Problems & emergencies,Complaints,1,1,{1:No} {2:estoy} {3:content[o|a]} {4:con el servicio}.,{2:I'm} {1:not} {3:happy} {4:with the service}.,
help-complaints-03,Problems & emergencies,Complaints,1,2,{1:Quiero} {2:hablar} {3:con el encargado}.,{1:I'd like} {2:to speak} {3:to the manager}.,
help-complaints-04,Problems & emergencies,Complaints,1,2,{1:Es} {2:inaceptable}.,{1:This is} {2:unacceptable}.,
help-complaints-05,Problems & emergencies,Complaints,1,2,{1:Voy a} {2:poner} {3:una reclamación}.,{1:I'm going to} {2:make} {3:a complaint}.,
help-complaints-06,Problems & emergencies,Complaints,1,3,¿{1:Tienen} {2:hojas de reclamaciones}?,{1:Do you have} {2:a complaints form}?,Businesses in Spain must have an official complaints form.
help-complaints-07,Problems & emergencies,Complaints,2,1,{1:Llevo} {2:media hora} {3:esperando}.,{1:I've been} {3:waiting} {1:for} {2:half an hour}.,
help-complaints-08,Problems & emergencies,Complaints,2,2,{1:Me han cobrado} {2:de más}.,{1:I've been charged} {2:too much}.,
help-complaints-09,Problems & emergencies,Complaints,2,2,{1:El pedido} {2:llegó} {3:roto}.,{1:The order} {2:arrived} {3:broken}.,
help-complaints-10,Problems & emergencies,Complaints,2,2,{1:Nadie} {2:me ha dado} {3:una explicación}.,{1:Nobody}{2:'s given me} {3:an explanation}.,
help-complaints-11,Problems & emergencies,Complaints,3,1,{1:Quiero} que {2:me devuelvan} {3:el dinero}.,{1:I want} {2:you to give me back} {3:my money}.,
help-complaints-12,Problems & emergencies,Complaints,3,1,"{1:Si} {2:me hubieran avisado}, {3:no} {4:habría venido}.","{1:If} {2:you'd told me}, {4:I would}{3:n't} {4:have come}.",
help-complaints-13,Problems & emergencies,Complaints,3,2,{1:No es normal} que {2:tarden} {3:tanto} {4:en contestar}.,{1:It's not normal} {2:for you to take} {3:so long} {4:to answer}.,
help-complaints-14,Problems & emergencies,Complaints,3,2,"{1:Es la tercera vez} que {2:pasa} {3:esto}, {4:así que} {5:espero} que {6:lo solucionen}.","{1:It's the third time} {3:this} {2:has happened}, {4:so} {5:I hope} {6:you sort it out}.",Spanish uses the present (pasa) after 'es la primera/segunda vez que'.
help-complaints-15,Problems & emergencies,Complaints,3,3,{1:Le pido} que {2:tramite} {3:el reembolso} {4:cuanto antes}.,{1:I'm asking you} {2:to process} {3:the refund} {4:as soon as possible}.,
help-police-01,Problems & emergencies,At the police station,1,1,{1:Soy} {2:turista}.,{1:I'm} {2:a tourist}.,
help-police-02,Problems & emergencies,At the police station,1,1,{1:No} {2:sé} {3:qué hacer}.,{2:I do}{1:n't} {2:know} {3:what to do}.,
help-police-03,Problems & emergencies,At the police station,1,2,{1:Necesito} {2:un intérprete}.,{1:I need} {2:an interpreter}.,
help-police-04,Problems & emergencies,At the police station,1,2,{1:Tengo que} {2:anular} {3:las tarjetas}.,{1:I have to} {2:cancel} {3:my cards}.,
help-police-05,Problems & emergencies,At the police station,1,3,{1:Quiero} {2:denunciar} {3:un robo}.,{1:I want} {2:to report} {3:a theft}.,
help-police-06,Problems & emergencies,At the police station,1,3,¿{1:Dónde} {2:tengo que} {3:firmar} {4:la declaración}?,{1:Where} {2:do I have to} {3:sign} {4:the statement}?,
help-police-07,Problems & emergencies,At the police station,2,1,{1:Me robaron} {2:la cartera} {3:en el metro}.,{1:Someone stole} {2:my wallet} {3:on the metro}.,
help-police-08,Problems & emergencies,At the police station,2,1,"{1:Pasó} {2:hace} {3:una hora}, {4:más o menos}.","{1:It happened} {3:an hour} {2:ago}, {4:more or less}.",
help-police-09,Problems & emergencies,At the police station,2,1,{1:Mi pasaporte} {2:estaba} {3:en el bolso}.,{1:My passport} {2:was} {3:in my bag}.,
help-police-10,Problems & emergencies,At the police station,2,1,{1:No} {2:vi} {3:bien} {4:su cara}.,{2:I did}{1:n't} {2:see} {4:his face} {3:clearly}.,
help-police-11,Problems & emergencies,At the police station,2,2,{1:Era} {2:un hombre} {3:joven} {4:con una gorra}.,{1:It was} {2:a} {3:young} {2:man} {4:with a cap}.,
help-police-12,Problems & emergencies,At the police station,2,2,"{1:Mientras} {2:estaba} {3:mirando} {4:el mapa}, {5:alguien} {6:me quitó} {7:el móvil}.","{1:While} {2:I was} {3:looking at} {4:the map}, {5:someone} {6:took} {7:my phone}.","Imperfect for what was going on, preterite for what happened."
help-police-13,Problems & emergencies,At the police station,3,1,{1:Le avisaremos} {2:en cuanto} {3:sepamos} {4:algo}.,{1:We'll let you know} {2:as soon as} {3:we know} {4:anything}.,
help-police-14,Problems & emergencies,At the police station,3,2,{1:Me pidieron} que {2:describiera} {3:al ladrón}.,{1:They asked me} {2:to describe} {3:the thief}.,
help-disasters-01,Problems & emergencies,Fire & disasters,1,1,¡{1:Fuego}!,{1:Fire}!,
help-disasters-02,Problems & emergencies,Fire & disasters,1,2,{1:Hay} {2:humo} {3:en la escalera}.,{1:There's} {2:smoke} {3:on the stairs}.,
help-disasters-03,Problems & emergencies,Fire & disasters,1,2,{1:Huele} {2:a quemado}.,{1:It smells} {2:of burning}.,
help-disasters-04,Problems & emergencies,Fire & disasters,1,2,¿{1:Dónde} {2:está} {3:la salida de emergencia}?,{1:Where}{2:'s} {3:the emergency exit}?,
help-disasters-05,Problems & emergencies,Fire & disasters,1,3,{1:Hay} {2:un incendio forestal} {3:cerca del pueblo}.,{1:There's} {2:a forest fire} {3:near the village}.,
help-disasters-06,Problems & emergencies,Fire & disasters,2,1,{1:Salid} {2:del edificio} {3:ya}.,{1:Get out} {2:of the building} {3:now}.,
help-disasters-07,Problems & emergencies,Fire & disasters,2,2,{1:Llama} a {2:los bomberos}.,{1:Call} {2:the fire brigade}.,
help-disasters-08,Problems & emergencies,Fire & disasters,2,2,{1:Mantengan la calma} {2:y} {3:sigan} {4:las instrucciones}.,{1:Stay calm} {2:and} {3:follow} {4:the instructions}.,
help-disasters-09,Problems & emergencies,Fire & disasters,2,3,{1:Han evacuado} a {2:todo el barrio}.,{1:They've evacuated} {2:the whole neighbourhood}.,
help-disasters-10,Problems & emergencies,Fire & disasters,2,3,{1:Ayer} {2:hubo} {3:un terremoto} {4:de magnitud cinco}.,{1:Yesterday} {2:there was} {3:a} {4:magnitude five} {3:earthquake}.,
help-disasters-11,Problems & emergencies,Fire & disasters,2,3,{1:Las inundaciones} {2:destrozaron} {3:las cosechas}.,{1:The floods} {2:destroyed} {3:the crops}.,
help-disasters-12,Problems & emergencies,Fire & disasters,3,2,{1:No} {2:uses} {3:el ascensor}.,{1:Don't} {2:use} {3:the lift}.,
help-disasters-13,Problems & emergencies,Fire & disasters,3,2,"{1:Si} {2:no} {3:hubiera sonado} {4:la alarma}, {5:no} {6:nos habríamos despertado}.","{1:If} {4:the alarm} {3:had}{2:n't} {3:gone off}, {6:we would}{5:n't} {6:have woken up}.",
help-disasters-14,Problems & emergencies,Fire & disasters,3,3,{1:Cúbrete} {2:debajo de una mesa} {3:hasta que} {4:deje de temblar}.,{1:Get} {2:under a table} {3:until} {4:the shaking stops}.,
help-disasters-15,Problems & emergencies,Fire & disasters,3,3,{1:Las autoridades} {2:piden} que {3:nadie} {4:vuelva} {5:a su casa} {6:hasta nuevo aviso}.,{1:The authorities} {2:are asking} {3:that no one} {4:return} {5:home} {6:until further notice}.,
help-scams-01,Problems & emergencies,Scams & fraud,1,2,{1:Creo} que {2:es} {3:una estafa}.,{1:I think} {2:it's} {3:a scam}.,
help-scams-02,Problems & emergencies,Scams & fraud,1,2,{1:Quiero} {2:bloquear} {3:la tarjeta} {4:inmediatamente}.,{1:I'd like} {2:to block} {3:my card} {4:immediately}.,
help-scams-03,Problems & emergencies,Scams & fraud,1,3,{1:No} {2:reconozco} {3:este cargo}.,{2:I do}{1:n't} {2:recognise} {3:this charge}.,
help-scams-04,Problems & emergencies,Scams & fraud,1,3,{1:Es} {2:un caso} {3:de suplantación de identidad}.,{1:It's} {2:a case} {3:of identity theft}.,
help-scams-05,Problems & emergencies,Scams & fraud,2,1,{1:Alguien} {2:ha usado} {3:mi tarjeta}.,{1:Someone}{2:'s used} {3:my card}.,
help-scams-06,Problems & emergencies,Scams & fraud,2,2,{1:Me pidieron} {2:el número} {3:de la tarjeta}.,{1:They asked me for} {3:my card} {2:number}.,
help-scams-07,Problems & emergencies,Scams & fraud,2,2,{1:Me robaron} {2:los datos} {3:por internet}.,{1:They stole} {2:my details} {3:online}.,
help-scams-08,Problems & emergencies,Scams & fraud,2,2,{1:Me cobraron} {2:dos veces} {3:la misma compra}.,{1:They charged me} {2:twice} {3:for the same purchase}.,
help-scams-09,Problems & emergencies,Scams & fraud,2,3,{1:Me llamaron} {2:haciéndose pasar por} {3:el banco}.,{1:They called me} {2:pretending to be} {3:the bank}.,
help-scams-10,Problems & emergencies,Scams & fraud,2,3,{1:He presentado} {2:una denuncia} {3:en la comisaría}.,{1:I've filed} {2:a report} {3:at the police station}.,
help-scams-11,Problems & emergencies,Scams & fraud,3,2,{1:Nunca} {2:des} {3:tu PIN} {4:a nadie}.,{1:Never} {2:give} {3:your PIN} {4:to anyone}.,Nunca + subjunctive works as a negative command.
help-scams-12,Problems & emergencies,Scams & fraud,3,2,{1:El banco} {2:me dijo} que {3:me devolverían} {4:el dinero} {5:en unos días}.,{1:The bank} {2:told me} {3:they'd refund} {4:the money} {5:in a few days}.,
help-scams-13,Problems & emergencies,Scams & fraud,3,3,{1:Desconfía} {2:de} {3:cualquier mensaje} que {4:te pida} {5:dinero}.,{1:Be wary} {2:of} {3:any message} {4:that asks you for} {5:money}.,
help-scams-14,Problems & emergencies,Scams & fraud,3,3,"{1:Si} {2:hubiera leído} {3:el mensaje} {4:con atención}, {5:me habría dado cuenta} {6:del engaño}.","{1:If} {2:I'd read} {3:the message} {4:carefully}, {5:I'd have noticed} {6:the con}.",
help-scams-15,Problems & emergencies,Scams & fraud,3,3,"{1:Por muy convincente} que {2:parezca}, {3:no} {4:hagas} {5:ninguna transferencia}.","{1:However convincing} {2:it seems}, {3:don't} {4:make} {5:any transfers}.",
help-theft-01,Problems & emergencies,Theft & pickpockets,1,1,¡{1:Al ladrón}!,"{1:Stop, thief}!",
help-theft-02,Problems & emergencies,Theft & pickpockets,1,2,{1:Me falta} {2:la cartera}.,{2:My wallet} {1:is missing}.,
help-theft-03,Problems & emergencies,Theft & pickpockets,1,2,{1:Necesito} {2:cancelar} {3:todas las tarjetas}.,{1:I need} {2:to cancel} {3:all my cards}.,
help-theft-04,Problems & emergencies,Theft & pickpockets,1,3,{1:Hay} {2:muchos carteristas} {3:en el metro}.,{1:There are} {2:a lot of pickpockets} {3:on the metro}.,
help-theft-05,Problems & emergencies,Theft & pickpockets,2,2,{1:Llevaba} {2:el pasaporte} {3:en la mochila}.,{1:I had} {2:my passport} {3:in my rucksack}.,
help-theft-06,Problems & emergencies,Theft & pickpockets,2,2,{1:Me robaron} {2:la bici} {3:delante de casa}.,{1:They stole} {2:my bike} {3:outside my house}.,
help-theft-07,Problems & emergencies,Theft & pickpockets,2,3,{1:Ten cuidado} {2:con los carteristas}.,{1:Watch out} {2:for pickpockets}.,
help-theft-08,Problems & emergencies,Theft & pickpockets,2,3,{1:Me han forzado} {2:la cerradura} {3:del coche}.,{1:Someone's forced} {2:the lock} {3:on my car}.,
help-theft-09,Problems & emergencies,Theft & pickpockets,2,3,{1:Un hombre} {2:me distrajo} {3:mientras} {4:otro} {5:me robaba}.,{1:One man} {2:distracted me} {3:while} {4:another} {5:robbed me}.,
help-theft-10,Problems & emergencies,Theft & pickpockets,3,1,{1:No} {2:dejes} {3:el bolso} {4:en la silla}.,{1:Don't} {2:leave} {3:your bag} {4:on the chair}.,
help-theft-11,Problems & emergencies,Theft & pickpockets,3,2,{1:Me abrieron} {2:el bolso} {3:sin que me diera cuenta}.,{1:They opened} {2:my bag} {3:without me noticing}.,sin que always takes the subjunctive.
help-theft-12,Problems & emergencies,Theft & pickpockets,3,2,"{1:Si} {2:no} {3:hubiera dejado} {4:la ventana} {5:abierta}, {6:no} {7:habrían entrado}.","{1:If} {3:I had}{2:n't} {3:left} {4:the window} {5:open}, {7:they would}{6:n't} {7:have got in}.",
help-theft-13,Problems & emergencies,Theft & pickpockets,3,3,{1:Es mejor} que {2:lleves} {3:la cartera} {4:en un bolsillo interior}.,{1:It's better} {2:to keep} {3:your wallet} {4:in an inside pocket}.,
help-theft-14,Problems & emergencies,Theft & pickpockets,3,3,{1:La policía} {2:me dijo} que {3:era poco probable} que {4:lo recuperara}.,{1:The police} {2:told me} {3:it was unlikely} {4:I'd get it back}.,
help-consulate-01,Problems & emergencies,At the consulate,1,1,{1:Soy} {2:británic[o|a]}.,{1:I'm} {2:British}.,
help-consulate-02,Problems & emergencies,At the consulate,1,2,{1:Necesito} {2:un pasaporte} {3:de emergencia}.,{1:I need} {2:an} {3:emergency} {2:passport}.,
help-consulate-03,Problems & emergencies,At the consulate,1,2,¿{1:Dónde} {2:está} {3:el consulado británico}?,{1:Where}{2:'s} {3:the British consulate}?,
help-consulate-04,Problems & emergencies,At the consulate,1,2,¿{1:Qué} {2:necesito} {3:para renovar} {4:el pasaporte}?,{1:What} {2:do I need} {3:to renew} {4:my passport}?,
help-consulate-05,Problems & emergencies,At the consulate,1,2,{1:Necesito} {2:una cita} {3:urgente}.,{1:I need} {2:an} {3:urgent} {2:appointment}.,
help-consulate-06,Problems & emergencies,At the consulate,1,3,{1:Mi pasaporte} {2:caduca} {3:la semana que viene}.,{1:My passport} {2:expires} {3:next week}.,
help-consulate-07,Problems & emergencies,At the consulate,2,1,{1:Me lo robaron} {2:ayer}.,{1:It was stolen} {2:yesterday}.,
help-consulate-08,Problems & emergencies,At the consulate,2,2,{1:He perdido} {2:la documentación}.,{1:I've lost} {2:my documents}.,
help-consulate-09,Problems & emergencies,At the consulate,2,2,{1:He rellenado} {2:el formulario} {3:por internet}.,{1:I've filled in} {2:the form} {3:online}.,
help-consulate-10,Problems & emergencies,At the consulate,2,2,{1:Tardarán} {2:unos diez días} {3:en enviármelo}.,{1:It'll take them} {2:about ten days} {3:to send it to me}.,
help-consulate-11,Problems & emergencies,At the consulate,2,2,¿{1:Podrían} {2:avisar} {3:a mi familia} {4:de que} {5:estoy bien}?,{1:Could you} {2:let} {3:my family} {2:know} {4:that} {5:I'm all right}?,
help-consulate-12,Problems & emergencies,At the consulate,2,3,{1:Traiga} {2:dos fotos} {3:de carné}.,{1:Bring} {2:two} {3:passport} {2:photos}.,
help-consulate-13,Problems & emergencies,At the consulate,3,1,{1:Necesito} que {2:me ayuden}; {3:mi vuelo} {4:sale} {5:mañana}.,{1:I need} {2:you to help me}; {3:my flight} {4:leaves} {5:tomorrow}.,
help-consulate-14,Problems & emergencies,At the consulate,3,2,{1:Me dijeron} que {2:viniera} {3:en persona}.,{1:They told me} {2:to come} {3:in person}.,
help-consulate-15,Problems & emergencies,At the consulate,3,2,"{1:Si} {2:hubiera hecho} {3:una copia} {4:del pasaporte}, {5:todo} {6:habría sido} {7:más fácil}.","{1:If} {2:I'd made} {3:a copy} {4:of my passport}, {5:everything} {6:would have been} {7:easier}.",
free-hobbies-01,Free time & hobbies,Hobbies,1,1,{1:Me gusta} {2:leer}.,{1:I like} {2:reading}.,
free-hobbies-02,Free time & hobbies,Hobbies,1,1,"{1:En mi tiempo libre}, {2:toco} {3:la guitarra}.","{1:In my free time}, {2:I play} {3:the guitar}.",tocar = to play an instrument; jugar = to play a game.
free-hobbies-03,Free time & hobbies,Hobbies,1,1,¿{1:Qué} {2:haces} {3:los fines de semana}?,{1:What} {2:do you do} {3:at weekends}?,
free-hobbies-04,Free time & hobbies,Hobbies,1,1,{1:No} {2:me gusta nada} {3:bailar}.,{2:I do}{1:n't} {2:like} {3:dancing} {2:at all}.,
free-hobbies-05,Free time & hobbies,Hobbies,1,2,{1:Hago} {2:yoga} {3:dos veces por semana}.,{1:I do} {2:yoga} {3:twice a week}.,
free-hobbies-06,Free time & hobbies,Hobbies,1,2,{1:Me interesa} {2:mucho} {3:la fotografía}.,{1:I'm} {2:really} {1:interested in} {3:photography}.,interesar works like gustar.
free-hobbies-07,Free time & hobbies,Hobbies,1,2,{1:Estoy aprendiendo} {2:a pintar}.,{1:I'm learning} {2:to paint}.,aprender a + infinitive.
free-hobbies-08,Free time & hobbies,Hobbies,1,3,{1:Colecciono} {2:sellos} {3:antiguos}.,{1:I collect} {3:old} {2:stamps}.,
free-hobbies-09,Free time & hobbies,Hobbies,2,1,{1:Jugaba} {2:al ajedrez} {3:con mi abuelo}.,{1:I used to play} {2:chess} {3:with my grandfather}.,
free-hobbies-10,Free time & hobbies,Hobbies,2,1,"{1:Desde que} {2:empecé} {3:a correr}, {4:me siento} {5:mucho mejor}.","{1:Since} {2:I started} {3:running}, {4:I've felt} {5:much better}.",
free-hobbies-11,Free time & hobbies,Hobbies,2,2,{1:Me apunté} {2:a un club} {3:de lectura} {4:el mes pasado}.,{1:I joined} {2:a} {3:book} {2:club} {4:last month}.,
free-hobbies-12,Free time & hobbies,Hobbies,2,2,{1:Hace} {2:años} que {3:no} {4:monto} {5:en bici}.,{4:I have}{3:n't} {4:ridden} {5:a bike} {1:for} {2:years}.,hace + time + que no = 'haven't... for'.
free-hobbies-13,Free time & hobbies,Hobbies,2,3,{1:Me he aficionado} {2:a la jardinería}.,{1:I've got into} {2:gardening}.,
free-hobbies-14,Free time & hobbies,Hobbies,3,1,"{1:Si} {2:tuviera} {3:más tiempo}, {4:aprendería} {5:a tocar} {6:el piano}.","{1:If} {2:I had} {3:more time}, {4:I'd learn} {5:to play} {6:the piano}.",
free-hobbies-15,Free time & hobbies,Hobbies,3,2,{1:Me encantaría} que {2:vinieras} {3:conmigo} {4:a clase de baile}.,{1:I'd love} {2:you to come} {3:with me} {4:to dance class}.,
free-hobbies-16,Free time & hobbies,Hobbies,3,2,"{1:Por mucho que} {2:practique}, {3:nunca} {4:consigo} que {5:me salga} {6:bien}.","{1:However much} {2:I practise}, {4:I} {3:never} {4:manage to} {5:get it} {6:right}.",
free-sport-01,Free time & hobbies,Sport,1,1,{1:Juego} {2:al fútbol} {3:los domingos}.,{1:I play} {2:football} {3:on Sundays}.,
free-sport-02,Free time & hobbies,Sport,1,1,¿{1:Quién} {2:va ganando}?,{1:Who}{2:'s winning}?,
free-sport-03,Free time & hobbies,Sport,1,1,{1:Voy} {2:al gimnasio} {3:todas las mañanas}.,{1:I go} {2:to the gym} {3:every morning}.,
free-sport-04,Free time & hobbies,Sport,1,1,{1:Me encanta} {2:nadar} {3:en el mar}.,{1:I love} {2:swimming} {3:in the sea}.,
free-sport-05,Free time & hobbies,Sport,1,2,¿{1:De qué equipo} {2:eres}?,{1:Which team} {2:do you support}?,Literally 'of which team are you?'
free-sport-06,Free time & hobbies,Sport,1,2,{1:El partido} {2:empieza} {3:a las nueve}.,{1:The match} {2:starts} {3:at nine}.,
free-sport-07,Free time & hobbies,Sport,1,3,{1:Van} {2:empatados} {3:a uno}.,{1:They're} {2:drawing} {3:one all}.,
free-sport-08,Free time & hobbies,Sport,2,1,¡{1:Hemos ganado}!,{1:We've won}!,
free-sport-09,Free time & hobbies,Sport,2,1,{1:Ayer} {2:corrí} {3:diez kilómetros}.,{1:Yesterday} {2:I ran} {3:ten kilometres}.,
free-sport-10,Free time & hobbies,Sport,2,2,{1:Llevo} {2:un mes} {3:entrenando} {4:para la maratón}.,{1:I've been} {3:training} {4:for the marathon} {1:for} {2:a month}.,
free-sport-11,Free time & hobbies,Sport,2,3,{1:El árbitro} {2:no} {3:pitó} {4:el penalti}.,{1:The referee} {3:did}{2:n't} {3:give} {4:the penalty}.,
free-sport-12,Free time & hobbies,Sport,2,3,{1:Me lesioné} {2:la rodilla} {3:esquiando}.,{1:I injured} {2:my knee} {3:skiing}.,
free-sport-13,Free time & hobbies,Sport,3,1,{1:No} {2:creo} que {3:ganen} {4:esta vez}.,{2:I do}{1:n't} {2:think} {3:they'll win} {4:this time}.,
free-sport-14,Free time & hobbies,Sport,3,2,"{1:Si} {2:hubieran marcado} {3:ese gol}, {4:habrían pasado} {5:a la final}.","{1:If} {2:they'd scored} {3:that goal}, {4:they'd have gone through} {5:to the final}.",
free-sport-15,Free time & hobbies,Sport,3,3,{1:El entrenador} {2:quiere} que {3:hagamos} {4:estiramientos} {5:antes de} {6:cada sesión}.,{1:The coach} {2:wants} {3:us to do} {4:stretches} {5:before} {6:every session}.,
free-media-01,Free time & hobbies,"Films, music & books",1,1,¿{1:Vamos} {2:al cine} {3:esta noche}?,{1:Shall we go} {2:to the cinema} {3:tonight}?,
free-media-02,Free time & hobbies,"Films, music & books",1,1,{1:Me gusta} {2:mucho} {3:esta canción}.,{1:I} {2:really} {1:like} {3:this song}.,
free-media-03,Free time & hobbies,"Films, music & books",1,1,¿{1:Qué} {2:estás leyendo}?,{1:What} {2:are you reading}?,
free-media-04,Free time & hobbies,"Films, music & books",1,1,¿{1:Qué tipo de música} {2:te gusta}?,{1:What kind of music} {2:do you like}?,
free-media-05,Free time & hobbies,"Films, music & books",1,2,{1:Es} {2:una película} {3:de miedo}.,{1:It's} {2:a} {3:horror} {2:film}.,Literally 'a film of fear'.
free-media-06,Free time & hobbies,"Films, music & books",1,2,{1:La versión original} {2:tiene} {3:subtítulos}.,{1:The original version} {2:has} {3:subtitles}.,
free-media-07,Free time & hobbies,"Films, music & books",1,3,{1:El protagonista} {2:es} {3:un actor} {4:argentino}.,{1:The lead} {2:is} {3:an} {4:Argentinian} {3:actor}.,
free-media-08,Free time & hobbies,"Films, music & books",2,1,{1:La vi} {2:el año pasado}.,{1:I saw it} {2:last year}.,la = it (la película).
free-media-09,Free time & hobbies,"Films, music & books",2,1,{1:El concierto} {2:estuvo} {3:genial}.,{1:The concert} {2:was} {3:brilliant}.,
free-media-10,Free time & hobbies,"Films, music & books",2,1,{1:Recomiéndame} {2:un libro}.,{1:Recommend me} {2:a book}.,
free-media-11,Free time & hobbies,"Films, music & books",2,1,"{1:El libro} {2:me gustó} {3:más} {4:que} {5:la película}, {6:como} {7:siempre}.","{2:I liked} {1:the book} {3:more} {4:than} {5:the film}, {6:as} {7:always}.",
free-media-12,Free time & hobbies,"Films, music & books",2,2,{1:Me he leído} {2:toda la saga}.,{1:I've read} {2:the whole series}.,leerse: the me stresses reading all of it.
free-media-13,Free time & hobbies,"Films, music & books",2,2,{1:Fuimos} {2:a un festival} {3:de música} {4:al aire libre}.,{1:We went} {2:to an} {4:open-air} {3:music} {2:festival}.,
free-media-14,Free time & hobbies,"Films, music & books",3,1,¡{1:No} {2:me cuentes} {3:el final}!,{1:Don't} {2:tell me} {3:the ending}!,
free-media-15,Free time & hobbies,"Films, music & books",3,2,{1:Es} {2:la mejor película} que {3:haya visto} {4:nunca}.,{1:It's} {2:the best film} {3:I've} {4:ever} {3:seen}.,"After a superlative, que can take the subjunctive."
free-media-16,Free time & hobbies,"Films, music & books",3,2,"{1:Si} {2:hubieras leído} {3:el libro}, {4:entenderías} {5:mejor} {6:la película}.","{1:If} {2:you'd read} {3:the book}, {4:you'd understand} {6:the film} {5:better}.","A mixed 'if': past condition, present result."
free-goingout-01,Free time & hobbies,Going out,1,1,¿{1:Salimos} {2:esta noche}?,{1:Shall we go out} {2:tonight}?,
free-goingout-02,Free time & hobbies,Going out,1,1,¿{1:Dónde} {2:quedamos}?,{1:Where} {2:shall we meet}?,
free-goingout-03,Free time & hobbies,Going out,1,1,{1:Hay} {2:un bar} {3:muy bueno} {4:cerca de aquí}.,{1:There's} {2:a} {3:really good} {2:bar} {4:near here}.,
free-goingout-04,Free time & hobbies,Going out,1,1,¿{1:Vienes} {2:conmigo} {3:o} {4:te quedas}?,{1:Are you coming} {2:with me} {3:or} {4:staying}?,
free-goingout-05,Free time & hobbies,Going out,1,1,{1:Estoy} {2:muy cansad[o|a]}; {3:me voy} {4:a casa}.,{1:I'm} {2:really tired}; {3:I'm going} {4:home}.,
free-goingout-06,Free time & hobbies,Going out,1,2,¿{1:Hay que} {2:pagar} {3:entrada}?,{1:Do you have to} {2:pay} {3:to get in}?,
free-goingout-07,Free time & hobbies,Going out,1,2,{1:La música} {2:está} {3:demasiado alta}.,{1:The music} {2:is} {3:too loud}.,
free-goingout-08,Free time & hobbies,Going out,2,1,{1:Anoche} {2:volví} {3:a casa} {4:a las cuatro}.,{1:Last night} {2:I got} {3:home} {4:at four}.,
free-goingout-09,Free time & hobbies,Going out,2,1,{1:Nos lo pasamos} {2:genial}.,{1:We had} {2:a brilliant time}.,
free-goingout-10,Free time & hobbies,Going out,2,1,{1:Al final} {2:nos quedamos} {3:en casa} {4:viendo una peli}.,{1:In the end} {2:we stayed} {3:at home} {4:watching a film}.,
free-goingout-11,Free time & hobbies,Going out,2,3,{1:El portero} {2:no} {3:nos dejó} {4:entrar}.,{1:The bouncer} {3:would}{2:n't} {3:let us} {4:in}.,
free-goingout-12,Free time & hobbies,Going out,3,1,{1:Llámame} {2:cuando} {3:salgas}.,{1:Call me} {2:when} {3:you leave}.,
free-goingout-13,Free time & hobbies,Going out,3,1,{1:No} {2:vuelvas} {3:muy tarde}.,{1:Don't} {2:come back} {3:too late}.,
free-goingout-14,Free time & hobbies,Going out,3,2,"{1:Si} {2:no} {3:hubiera llovido}, {4:habríamos cenado} {5:en la terraza}.","{1:If} {3:it had}{2:n't} {3:rained}, {4:we'd have had dinner} {5:on the terrace}.",
free-goingout-15,Free time & hobbies,Going out,3,2,{1:Prefiero} {2:ir} {3:a un sitio} {4:donde} {5:se pueda} {6:hablar}.,{1:I'd rather} {2:go} {3:somewhere} {4:where} {5:you can} {6:talk}.,
free-gym-01,Free time & hobbies,At the gym,1,1,¿{1:Está libre} {2:esta máquina}?,{1:Is} {2:this machine} {1:free}?,
free-gym-02,Free time & hobbies,At the gym,1,2,{1:Quiero} {2:apuntarme} {3:al gimnasio}.,{1:I'd like} {2:to join} {3:the gym}.,
free-gym-03,Free time & hobbies,At the gym,1,2,¿{1:Cuánto} {2:cuesta} {3:la cuota mensual}?,{1:How much} {2:is} {3:the monthly fee}?,
free-gym-04,Free time & hobbies,At the gym,1,2,{1:Hago} {2:pesas} {3:tres veces por semana}.,{1:I lift} {2:weights} {3:three times a week}.,
free-gym-05,Free time & hobbies,At the gym,1,2,¿{1:A qué hora} {2:es} {3:la clase de spinning}?,{1:What time} {2:is} {3:the spin class}?,
free-gym-06,Free time & hobbies,At the gym,1,2,¿{1:Me} {2:puedes} {3:enseñar} {4:a usar} {5:esta máquina}?,{2:Can you} {3:show} {1:me} {4:how to use} {5:this machine}?,
free-gym-07,Free time & hobbies,At the gym,1,3,{1:Tengo} {2:agujetas} {3:en las piernas}.,{1:I've got} {2:sore muscles} {3:in my legs}.,
free-gym-08,Free time & hobbies,At the gym,1,3,{1:Necesito} {2:fortalecer} {3:la espalda}.,{1:I need} {2:to strengthen} {3:my back}.,
free-gym-09,Free time & hobbies,At the gym,2,1,{1:Ayer} {2:entrené} {3:dos horas}.,{1:Yesterday} {2:I trained} {3:for two hours}.,
free-gym-10,Free time & hobbies,At the gym,2,2,{1:Mantén} {2:la espalda} {3:recta}.,{1:Keep} {2:your back} {3:straight}.,
free-gym-11,Free time & hobbies,At the gym,2,3,{1:Haz} {2:tres series} {3:de doce repeticiones}.,{1:Do} {2:three sets} {3:of twelve reps}.,
free-gym-12,Free time & hobbies,At the gym,3,2,{1:No} {2:levantes} {3:tanto peso} {4:al principio}.,{1:Don't} {2:lift} {3:so much weight} {4:at first}.,
free-gym-13,Free time & hobbies,At the gym,3,2,{1:El entrenador} {2:me recomendó} que {3:estirara} {4:más}.,{1:The trainer} {2:recommended} {3:I stretch} {4:more}.,
free-gym-14,Free time & hobbies,At the gym,3,2,"{1:Si} {2:hubiera calentado} {3:bien}, {4:no} {5:me habría lesionado}.","{1:If} {2:I'd warmed up} {3:properly}, {5:I would}{4:n't} {5:have injured myself}.",
free-gym-15,Free time & hobbies,At the gym,3,3,"{1:Para que} {2:los músculos} {3:se recuperen}, {4:conviene} {5:descansar} {6:entre sesiones}.","{1:So that} {2:your muscles} {3:can recover}, {4:it's best} {5:to rest} {6:between sessions}.",
free-outdoors-01,Free time & hobbies,Outdoor adventures,1,1,{1:Me encanta} {2:la montaña}.,{1:I love} {2:the mountains}.,
free-outdoors-02,Free time & hobbies,Outdoor adventures,1,2,{1:Vamos a} {2:hacer} {3:kayak} {4:en el río}.,{1:We're going to} {2:go} {3:kayaking} {4:on the river}.,
free-outdoors-03,Free time & hobbies,Outdoor adventures,1,3,{1:Llevo} {2:el mapa} {3:y} {4:la brújula}.,{1:I've got} {2:the map} {3:and} {4:the compass}.,
free-outdoors-04,Free time & hobbies,Outdoor adventures,1,3,{1:El camino} {2:es} {3:muy empinado}.,{1:The path} {2:is} {3:very steep}.,
free-outdoors-05,Free time & hobbies,Outdoor adventures,1,3,{1:Hay} {2:riesgo} {3:de avalanchas}.,{1:There's} {2:a risk} {3:of avalanches}.,
free-outdoors-06,Free time & hobbies,Outdoor adventures,2,1,¿{1:Cuánto} {2:se tarda} {3:en subir}?,{1:How long} {2:does it take} {3:to get up}?,
free-outdoors-07,Free time & hobbies,Outdoor adventures,2,2,{1:Ayer} {2:subimos} {3:a un volcán}.,{1:Yesterday} {2:we climbed} {3:a volcano}.,
free-outdoors-08,Free time & hobbies,Outdoor adventures,2,2,{1:Nos perdimos} {2:y} {3:tuvimos que} {4:volver} {5:por otro camino}.,{1:We got lost} {2:and} {3:had to} {4:come back} {5:another way}.,
free-outdoors-09,Free time & hobbies,Outdoor adventures,2,2,{1:Ponte} {2:el casco} {3:antes de} {4:empezar}.,{1:Put on} {2:your helmet} {3:before} {4:starting}.,
free-outdoors-10,Free time & hobbies,Outdoor adventures,2,2,{1:Hicimos} {2:rafting} {3:por primera vez}.,{1:We went} {2:rafting} {3:for the first time}.,
free-outdoors-11,Free time & hobbies,Outdoor adventures,2,3,{1:Acampamos} {2:junto a un lago} {3:helado}.,{1:We camped} {2:by a} {3:frozen} {2:lake}.,
free-outdoors-12,Free time & hobbies,Outdoor adventures,3,2,{1:No} {2:salgas} {3:del sendero}.,{1:Don't} {2:leave} {3:the path}.,
free-outdoors-13,Free time & hobbies,Outdoor adventures,3,2,"{1:Es mejor} que {2:empecemos} {3:temprano}, {4:antes de que} {5:haga} {6:demasiado calor}.","{1:It's better} {2:if we start} {3:early}, {4:before} {5:it gets} {6:too hot}.",
free-outdoors-14,Free time & hobbies,Outdoor adventures,3,2,"{1:Si} {2:hubiera empeorado} {3:el tiempo}, {4:habríamos tenido que} {5:dar la vuelta}.","{1:If} {3:the weather} {2:had got worse}, {4:we'd have had to} {5:turn back}.",
free-outdoors-15,Free time & hobbies,Outdoor adventures,3,3,{1:El guía} {2:insistió en} que {3:lleváramos} {4:crampones}.,{1:The guide} {2:insisted} {3:we take} {4:crampons}.,
free-football-01,Free time & hobbies,Football,1,1,¿{1:Quién} {2:juega} {3:hoy}?,{1:Who}{2:'s playing} {3:today}?,
free-football-02,Free time & hobbies,Football,1,1,{1:Hoy} {2:hay} {3:partido}.,{2:There's} {3:a match} {1:today}.,
free-football-03,Free time & hobbies,Football,1,1,¿{1:Cómo} {2:van}?,{1:How} {2:are they doing}?,
free-football-04,Free time & hobbies,Football,1,1,¡{1:Gol}!,{1:Goal}!,
free-football-05,Free time & hobbies,Football,1,2,{1:Soy} {2:del equipo de mi ciudad}.,{1:I support} {2:my home-town team}.,
free-football-06,Free time & hobbies,Football,1,2,{1:Vamos} {2:ganando} {3:dos a cero}.,{1:We're} {2:winning} {3:two-nil}.,
free-football-07,Free time & hobbies,Football,1,3,{1:Está} {2:en fuera de juego}.,{1:He's} {2:offside}.,
free-football-08,Free time & hobbies,Football,2,2,{1:Empatamos} {2:a uno}.,{1:We drew} {2:one-all}.,
free-football-09,Free time & hobbies,Football,2,2,{1:Marcó} {2:en el último minuto}.,{1:He scored} {2:in the last minute}.,
free-football-10,Free time & hobbies,Football,2,3,{1:El árbitro} {2:no} {3:ha visto} {4:la falta}.,{1:The referee} {3:did}{2:n't} {3:see} {4:the foul}.,
free-football-11,Free time & hobbies,Football,2,3,{1:Perdimos} {2:en los penaltis}.,{1:We lost} {2:on penalties}.,
free-football-12,Free time & hobbies,Football,2,3,{1:Le sacaron} {2:tarjeta roja}.,{1:He was shown} {2:a red card}.,
free-football-13,Free time & hobbies,Football,3,2,{1:Ojalá} {2:ganemos} {3:la liga}.,{1:I hope} {2:we win} {3:the league}.,
free-football-14,Free time & hobbies,Football,3,3,"{1:Si} {2:hubieran pitado} {3:ese penalti}, {4:habríamos ganado}.","{1:If} {2:they'd given} {3:that penalty}, {4:we'd have won}.",
free-football-15,Free time & hobbies,Football,3,3,"{1:Como} {2:no} {3:ganen} {4:el domingo}, {5:se quedarán} {6:fuera de la final}.","{1:If} {3:they do}{2:n't} {3:win} {4:on Sunday}, {5:they'll miss out on} {6:the final}.","como + subjunctive = 'if', often as a warning."
free-games-01,Free time & hobbies,Games & puzzles,1,1,¿{1:Jugamos} {2:a las cartas}?,{1:Shall we play} {2:cards}?,
free-games-02,Free time & hobbies,Games & puzzles,1,1,{1:Te toca}.,{1:It's your turn}.,
free-games-03,Free time & hobbies,Games & puzzles,1,2,{1:Hago} {2:el crucigrama} {3:todos los días}.,{1:I do} {2:the crossword} {3:every day}.,
free-games-04,Free time & hobbies,Games & puzzles,1,2,{1:Estás haciendo trampa}.,{1:You're cheating}.,
free-games-05,Free time & hobbies,Games & puzzles,1,2,{1:Me encantan} {2:los juegos de mesa}.,{1:I love} {2:board games}.,
free-games-06,Free time & hobbies,Games & puzzles,1,2,{1:Juego} {2:al ajedrez} {3:por internet}.,{1:I play} {2:chess} {3:online}.,
free-games-07,Free time & hobbies,Games & puzzles,2,1,¡{1:He ganado}!,{1:I've won}!,
free-games-08,Free time & hobbies,Games & puzzles,2,2,{1:Explícame} {2:las reglas}.,{1:Explain} {2:the rules} {1:to me}.,
free-games-09,Free time & hobbies,Games & puzzles,2,3,{1:Tira} {2:los dados}.,{1:Roll} {2:the dice}.,
free-games-10,Free time & hobbies,Games & puzzles,2,3,{1:Ayer} {2:jugamos} {3:hasta las tantas}.,{1:Yesterday} {2:we played} {3:until all hours}.,
free-games-11,Free time & hobbies,Games & puzzles,2,3,{1:Baraja} {2:las cartas}.,{1:Shuffle} {2:the cards}.,
free-games-12,Free time & hobbies,Games & puzzles,3,1,{1:No} {2:mires} {3:mis cartas}.,{1:Don't} {2:look at} {3:my cards}.,
free-games-13,Free time & hobbies,Games & puzzles,3,2,"{1:Si} {2:hubiera tenido} {3:un seis}, {4:habría ganado}.","{1:If} {2:I'd had} {3:a six}, {4:I'd have won}.",
free-games-14,Free time & hobbies,Games & puzzles,3,2,{1:Juguemos} {2:otra partida}.,{1:Let's play} {2:another game}.,
free-games-15,Free time & hobbies,Games & puzzles,3,2,"{1:Gane quien gane}, {2:invito yo} {3:a cenar}.","{1:Whoever wins}, {2:I'm buying} {3:dinner}.",
free-photography-01,Free time & hobbies,Photography,1,1,{1:La luz} {2:es} {3:perfecta} {4:ahora}.,{1:The light} {2:is} {3:perfect} {4:now}.,
free-photography-02,Free time & hobbies,Photography,1,1,{1:Mi cámara} {2:es} {3:bastante antigua}.,{1:My camera} {2:is} {3:quite old}.,
free-photography-03,Free time & hobbies,Photography,1,2,{1:Prefiero} {2:la fotografía} {3:en blanco y negro}.,{1:I prefer} {3:black-and-white} {2:photography}.,
free-photography-04,Free time & hobbies,Photography,1,3,{1:Uso} {2:un trípode} {3:para las fotos nocturnas}.,{1:I use} {2:a tripod} {3:for night shots}.,
free-photography-05,Free time & hobbies,Photography,2,1,¡{1:Sonríe}!,{1:Smile}!,
free-photography-06,Free time & hobbies,Photography,2,1,{1:Saqué} {2:cientos de fotos} {3:en el viaje}.,{1:I took} {2:hundreds of photos} {3:on the trip}.,
free-photography-07,Free time & hobbies,Photography,2,1,{1:Ponte} {2:un poco más a la izquierda}.,{1:Move} {2:a bit more to the left}.,
free-photography-08,Free time & hobbies,Photography,2,1,{1:Mándame} {2:las fotos} {3:de la boda}.,{1:Send me} {2:the photos} {3:from the wedding}.,
free-photography-09,Free time & hobbies,Photography,2,3,{1:La foto} {2:ha salido} {3:movida}.,{1:The photo} {2:has come out} {3:blurred}.,
free-photography-10,Free time & hobbies,Photography,2,3,{1:Retoqué} {2:la foto} {3:con el móvil}.,{1:I edited} {2:the photo} {3:on my phone}.,
free-photography-11,Free time & hobbies,Photography,2,3,{1:Pide permiso} {2:antes de} {3:fotografiar} a {4:la gente}.,{1:Ask permission} {2:before} {3:photographing} {4:people}.,
free-photography-12,Free time & hobbies,Photography,3,1,{1:No} {2:te muevas}.,{1:Don't} {2:move}.,
free-photography-13,Free time & hobbies,Photography,3,1,¿{1:Te importa} que {2:te haga} {3:una foto}?,{1:Do you mind} {2:if I take} {3:a photo of you}?,
free-photography-14,Free time & hobbies,Photography,3,3,"{1:Si} {2:hubiera llevado} {3:el objetivo} {4:bueno}, {5:las fotos} {6:habrían salido} {7:mejor}.","{1:If} {2:I'd brought} {3:the} {4:good} {3:lens}, {5:the photos} {6:would have come out} {7:better}.",
money-bank-01,Money & banking,At the bank,1,1,{1:Quiero} {2:cambiar} {3:dinero}.,{1:I'd like} {2:to change} {3:some money}.,
money-bank-02,Money & banking,At the bank,1,1,{1:Necesito} {2:sacar} {3:dinero}.,{1:I need} {2:to take out} {3:some money}.,
money-bank-03,Money & banking,At the bank,1,2,¿{1:Dónde} {2:hay} {3:un cajero}?,{1:Where} {2:is there} {3:a cash machine}?,
money-bank-04,Money & banking,At the bank,1,2,{1:Quiero} {2:abrir} {3:una cuenta}.,{1:I'd like} {2:to open} {3:an account}.,
money-bank-05,Money & banking,At the bank,1,3,¿{1:A cuánto} {2:está} {3:el cambio}?,{1:What}{2:'s} {3:the exchange rate}?,
money-bank-06,Money & banking,At the bank,1,3,¿{1:Cobran} {2:comisión}?,{1:Do you charge} {2:a commission}?,
money-bank-07,Money & banking,At the bank,1,3,{1:Quiero} {2:pedir} {3:un préstamo}.,{1:I'd like} {2:to apply for} {3:a loan}.,
money-bank-08,Money & banking,At the bank,2,2,{1:He olvidado} {2:el PIN}.,{1:I've forgotten} {2:my PIN}.,
money-bank-09,Money & banking,At the bank,2,2,{1:El cajero} {2:se ha tragado} {3:mi tarjeta}.,{1:The cash machine} {2:has swallowed} {3:my card}.,
money-bank-10,Money & banking,At the bank,2,2,"{1:Hice} {2:una transferencia} {3:ayer}, {4:pero} {5:no} {6:ha llegado}.","{1:I made} {2:a transfer} {3:yesterday}, {4:but} {6:it has}{5:n't} {6:arrived}.",
money-bank-11,Money & banking,At the bank,2,2,¿{1:Podría} {2:darme} {3:billetes} {4:más pequeños}?,{1:Could you} {2:give me} {3:some} {4:smaller} {3:notes}?,
money-bank-12,Money & banking,At the bank,2,2,{1:Me han bloqueado} {2:la tarjeta}.,{1:They've blocked} {2:my card}.,
money-bank-13,Money & banking,At the bank,3,1,{1:Necesito} que {2:me firme} {3:aquí} {4:y aquí}.,{1:I need} {2:you to sign} {3:here} {4:and here}.,
money-bank-14,Money & banking,At the bank,3,2,"{1:Si} {2:hubiera sabido} {3:lo de la comisión}, {4:habría pagado} {5:en efectivo}.","{1:If} {2:I'd known} {3:about the commission}, {4:I'd have paid} {5:in cash}.",lo de = 'the business about'.
money-bank-15,Money & banking,At the bank,3,3,{1:Le recomiendo} que {2:active} {3:las notificaciones} {4:para evitar} {5:fraudes}.,{1:I'd recommend} {2:turning on} {3:notifications} {4:to avoid} {5:fraud}.,
money-prices-01,Money & banking,Prices & bargains,1,1,{1:Es} {2:muy caro}.,{1:It's} {2:very expensive}.,
money-prices-02,Money & banking,Prices & bargains,1,1,¿{1:Cuánto} {2:es} {3:en total}?,{1:How much} {2:is it} {3:altogether}?,
money-prices-03,Money & banking,Prices & bargains,1,2,{1:Es} {2:una ganga}.,{1:It's} {2:a bargain}.,
money-prices-04,Money & banking,Prices & bargains,1,2,{1:Está} {2:rebajado}.,{1:It's} {2:reduced}.,
money-prices-05,Money & banking,Prices & bargains,1,2,¿{1:Tiene} {2:cambio} {3:de cincuenta}?,{1:Do you have} {2:change} {3:for a fifty}?,
money-prices-06,Money & banking,Prices & bargains,1,3,{1:El IVA} {2:está incluido}.,{1:VAT} {2:is included}.,
money-prices-07,Money & banking,Prices & bargains,2,1,{1:Pagué} {2:demasiado} {3:por esto}.,{1:I paid} {2:too much} {3:for this}.,
money-prices-08,Money & banking,Prices & bargains,2,1,{1:Hace} {2:un año} {3:costaba} {4:la mitad}.,{2:A year} {1:ago} {3:it cost} {4:half as much}.,
money-prices-09,Money & banking,Prices & bargains,2,2,{1:Los precios} {2:han subido} {3:mucho}.,{1:Prices} {2:have gone up} {3:a lot}.,
money-prices-10,Money & banking,Prices & bargains,2,2,{1:Me costó} {2:la mitad} {3:en las rebajas}.,{1:It cost me} {2:half} {3:in the sales}.,
money-prices-11,Money & banking,Prices & bargains,2,2,¿{1:Me} {2:lo} {3:deja} {4:en cuarenta}?,{3:Will you let} {1:me} {3:have} {2:it} {4:for forty}?,
money-prices-12,Money & banking,Prices & bargains,3,1,{1:No} {2:pagues} {3:tanto}; {4:aquí} {5:es} {6:más barato}.,{1:Don't} {2:pay} {3:that much}; {5:it's} {6:cheaper} {4:here}.,
money-prices-13,Money & banking,Prices & bargains,3,1,{1:Lo compraría} {2:si} {3:costara} {4:un poco menos}.,{1:I'd buy it} {2:if} {3:it cost} {4:a bit less}.,
money-prices-14,Money & banking,Prices & bargains,3,2,"{1:Por muy barato} que {2:sea}, {3:no} {4:lo necesito}.","{1:However cheap} {2:it is}, {4:I do}{3:n't} {4:need it}.",por muy + adjective + que + subjunctive = 'however...'.
money-bills-01,Money & banking,Bills & budgets,1,1,{1:No tengo} {2:mucho dinero} {3:este mes}.,{1:I don't have} {2:much money} {3:this month}.,
money-bills-02,Money & banking,Bills & budgets,1,2,{1:Tengo que} {2:pagar} {3:la luz}.,{1:I have to} {2:pay} {3:the electricity bill}.,"la luz = 'the light', the everyday word for the electricity bill."
money-bills-03,Money & banking,Bills & budgets,1,2,{1:Estoy ahorrando} {2:para} {3:un coche}.,{1:I'm saving} {2:for} {3:a car}.,
money-bills-04,Money & banking,Bills & budgets,1,2,{1:Gastamos} {2:demasiado} {3:en comida}.,{1:We spend} {2:too much} {3:on food}.,
money-bills-05,Money & banking,Bills & budgets,1,2,{1:La factura} {2:del agua} {3:es} {4:muy alta}.,{2:The water} {1:bill} {3:is} {4:very high}.,
money-bills-06,Money & banking,Bills & budgets,1,3,{1:Pago} {2:el alquiler} {3:por domiciliación}.,{1:I pay} {2:the rent} {3:by direct debit}.,
money-bills-07,Money & banking,Bills & budgets,1,3,{1:Ya no} {2:llego} {3:a fin de mes}.,{2:I} {1:no longer} {2:make it} {3:to the end of the month}.,llegar a fin de mes = to make ends meet.
money-bills-08,Money & banking,Bills & budgets,1,3,{1:Vamos a} {2:tener que} {3:recortar} {4:gastos}.,{1:We're going to} {2:have to} {3:cut} {4:costs}.,
money-bills-09,Money & banking,Bills & budgets,2,2,{1:Este mes} {2:he gastado} {3:más de la cuenta}.,{1:This month} {2:I've spent} {3:more than I should}.,
money-bills-10,Money & banking,Bills & budgets,2,2,{1:Me han subido} {2:el alquiler}.,{1:They've put up} {2:my rent}.,
money-bills-11,Money & banking,Bills & budgets,2,3,{1:Pedí} {2:un adelanto} {3:del sueldo}.,{1:I asked for} {2:an advance} {3:on my salary}.,
money-bills-12,Money & banking,Bills & budgets,3,1,"{1:Si} {2:ganara} {3:la lotería}, {4:dejaría} {5:de trabajar}.","{1:If} {2:I won} {3:the lottery}, {4:I'd stop} {5:working}.",
money-bills-13,Money & banking,Bills & budgets,3,2,{1:Es mejor} que {2:no} {3:gastes} {4:nada} {5:hasta que} {6:cobres}.,{1:It's best} {2:not} {3:to spend} {4:anything} {5:until} {6:you get paid}.,"cobrar = to get paid, and also to charge."
money-bills-14,Money & banking,Bills & budgets,3,2,{1:Me arrepiento de} {2:no} {3:haber ahorrado} {4:más} {5:cuando} {6:era} {7:joven}.,{1:I regret} {2:not} {3:saving} {4:more} {5:when} {6:I was} {7:young}.,
money-insurance-01,Money & banking,Insurance,1,2,{1:Necesito} {2:un seguro} {3:de viaje}.,{1:I need} {3:travel} {2:insurance}.,
money-insurance-02,Money & banking,Insurance,1,2,¿{1:Qué} {2:cubre} {3:el seguro}?,{1:What} {2:does} {3:the insurance} {2:cover}?,
money-insurance-03,Money & banking,Insurance,1,2,¿{1:Está incluido} {2:el robo}?,{1:Is} {2:theft} {1:included}?,
money-insurance-04,Money & banking,Insurance,1,2,¿{1:Qué} {2:pasa} {3:si} {4:tengo} {5:un accidente} {6:en el extranjero}?,{1:What} {2:happens} {3:if} {4:I have} {5:an accident} {6:abroad}?,
money-insurance-05,Money & banking,Insurance,1,3,{1:La póliza} {2:vence} {3:en junio}.,{1:The policy} {2:expires} {3:in June}.,
money-insurance-06,Money & banking,Insurance,1,3,{1:Tengo} {2:un seguro} {3:a todo riesgo}.,{1:I have} {3:fully comprehensive} {2:insurance}.,
money-insurance-07,Money & banking,Insurance,1,3,{1:La franquicia} {2:es} {3:muy alta}.,{1:The excess} {2:is} {3:very high}.,
money-insurance-08,Money & banking,Insurance,1,3,{1:El seguro} {2:no} {3:cubre} {4:daños} {5:causados} {6:por negligencia}.,{1:The insurance} {3:does}{2:n't} {3:cover} {4:damage} {5:caused} {6:by negligence}.,
money-insurance-09,Money & banking,Insurance,2,2,{1:Llamé} a {2:la aseguradora} {3:ayer}.,{1:I called} {2:the insurance company} {3:yesterday}.,
money-insurance-10,Money & banking,Insurance,2,3,{1:He dado parte} {2:del robo}.,{1:I've reported} {2:the theft}.,
money-insurance-11,Money & banking,Insurance,2,3,{1:Me han subido} {2:la prima} {3:un veinte por ciento}.,{1:They've put up} {2:my premium} {3:by twenty per cent}.,
money-insurance-12,Money & banking,Insurance,2,3,{1:El perito} {2:vendrá} {3:a evaluar} {4:los daños}.,{1:The loss adjuster} {2:will come} {3:to assess} {4:the damage}.,
money-insurance-13,Money & banking,Insurance,3,2,{1:Quiero} que {2:me envíen} {3:las condiciones} {4:por escrito}.,{1:I'd like} {2:you to send me} {3:the terms} {4:in writing}.,
money-insurance-14,Money & banking,Insurance,3,2,"{1:Si} {2:hubiera tenido} {3:seguro}, {4:no} {5:habría tenido que} {6:pagarlo} {7:todo}.","{1:If} {2:I'd had} {3:insurance}, {5:I would}{4:n't} {5:have had to} {6:pay for} {7:everything}.",
money-insurance-15,Money & banking,Insurance,3,3,"{1:Para que} {2:le reembolsen}, {3:tendrá que} {4:presentar} {5:las facturas originales}.","{1:To} {2:get a refund}, {3:you'll have to} {4:submit} {5:the original receipts}.",
money-investing-01,Money & banking,Savings & investing,1,1,{1:Ahorro} {2:un poco} {3:cada mes}.,{1:I save} {2:a bit} {3:every month}.,
money-investing-02,Money & banking,Savings & investing,1,2,{1:Quiero} {2:abrir} {3:una cuenta de ahorro}.,{1:I'd like} {2:to open} {3:a savings account}.,
money-investing-03,Money & banking,Savings & investing,1,2,¿{1:Qué interés} {2:da} {3:esta cuenta}?,{1:What interest} {2:does} {3:this account} {2:pay}?,
money-investing-04,Money & banking,Savings & investing,1,3,{1:Invierto} {2:en bolsa}.,{1:I invest} {2:in the stock market}.,
money-investing-05,Money & banking,Savings & investing,1,3,{1:Es} {2:una inversión} {3:de bajo riesgo}.,{1:It's} {2:a} {3:low-risk} {2:investment}.,
money-investing-06,Money & banking,Savings & investing,1,3,{1:Estoy} {2:pagando} {3:un plan de pensiones}.,{1:I'm} {2:paying into} {3:a pension plan}.,
money-investing-07,Money & banking,Savings & investing,2,3,{1:He ahorrado} {2:para la entrada} {3:de un piso}.,{1:I've saved} {2:for the deposit} {3:on a flat}.,
money-investing-08,Money & banking,Savings & investing,2,3,{1:Las acciones} {2:han bajado} {3:mucho}.,{1:Shares} {2:have fallen} {3:a lot}.,
money-investing-09,Money & banking,Savings & investing,2,3,{1:Perdí} {2:dinero} {3:con las criptomonedas}.,{1:I lost} {2:money} {3:on cryptocurrency}.,
money-investing-10,Money & banking,Savings & investing,2,3,{1:Diversifica} {2:tus inversiones}.,{1:Diversify} {2:your investments}.,
money-investing-11,Money & banking,Savings & investing,3,2,{1:No} {2:inviertas} {3:dinero} que {4:vayas a necesitar}.,{1:Don't} {2:invest} {3:money} {4:you're going to need}.,
money-investing-12,Money & banking,Savings & investing,3,2,"{1:Si} {2:hubiera invertido} {3:hace diez años}, {4:ahora} {5:sería} {6:ric[o|a]}.","{1:If} {2:I'd invested} {3:ten years ago}, {5:I'd be} {6:rich} {4:now}.",
money-investing-13,Money & banking,Savings & investing,3,3,{1:Es aconsejable} que {2:tengas} {3:un fondo de emergencia}.,{1:It's advisable} {2:to have} {3:an emergency fund}.,
money-investing-14,Money & banking,Savings & investing,3,3,"{1:Aunque} {2:la rentabilidad} {3:sea} {4:menor}, {5:prefiero} {6:algo seguro}.","{1:Even if} {2:the return} {3:is} {4:lower}, {5:I prefer} {6:something safe}.",
money-investing-15,Money & banking,Savings & investing,3,3,{1:Mi asesor} {2:me recomendó} que {3:no} {4:pusiera} {5:todos los huevos} {6:en la misma cesta}.,{1:My adviser} {2:advised me} {3:not} {4:to put} {5:all my eggs} {6:in one basket}.,
money-taxes-01,Money & banking,Taxes,1,2,{1:Tengo que} {2:pagar} {3:impuestos}.,{1:I have to} {2:pay} {3:tax}.,
money-taxes-02,Money & banking,Taxes,1,2,¿{1:El precio} {2:incluye} {3:el IVA}?,{2:Does} {1:the price} {2:include} {3:VAT}?,
money-taxes-03,Money & banking,Taxes,1,2,{1:El plazo} {2:termina} {3:el 30 de junio}.,{1:The deadline} {2:is} {3:the 30th of June}.,
money-taxes-04,Money & banking,Taxes,1,3,{1:Necesito} {2:un número de identificación fiscal}.,{1:I need} {2:a tax identification number}.,
money-taxes-05,Money & banking,Taxes,1,3,{1:Hago} {2:la declaración de la renta} {3:en abril}.,{1:I do} {2:my tax return} {3:in April}.,
money-taxes-06,Money & banking,Taxes,1,3,{1:Puedes} {2:desgravar} {3:los gastos} {4:de la oficina en casa}.,{1:You can} {2:claim} {3:the costs} {4:of your home office}.,
money-taxes-07,Money & banking,Taxes,1,3,"{1:Como} {2:resido} {3:aquí} {4:más de seis meses al año}, {5:tengo que} {6:tributar} {7:en este país}.","{1:As} {2:I live} {3:here} {4:more than six months a year}, {5:I have to} {6:pay tax} {7:in this country}.",
money-taxes-08,Money & banking,Taxes,2,2,{1:Me han devuelto} {2:bastante dinero}.,{1:I've got} {2:quite a lot of money} {1:back}.,
money-taxes-09,Money & banking,Taxes,2,2,{1:Me equivoqué} {2:al rellenar} {3:el formulario}.,{1:I made a mistake} {2:filling in} {3:the form}.,
money-taxes-10,Money & banking,Taxes,2,3,{1:Hacienda} {2:me ha enviado} {3:una carta}.,{1:The tax office} {2:has sent me} {3:a letter}.,Hacienda = the Spanish tax office.
money-taxes-11,Money & banking,Taxes,2,3,{1:Contraté} a {2:un gestor} {3:para} {4:hacer} {5:los papeles}.,{1:I hired} {2:an accountant} {3:to} {4:do} {5:the paperwork}.,A gestor handles paperwork and tax for clients.
money-taxes-12,Money & banking,Taxes,3,2,{1:No} {2:te olvides de} {3:guardar} {4:los recibos}.,{1:Don't} {2:forget to} {3:keep} {4:the receipts}.,
money-taxes-13,Money & banking,Taxes,3,3,{1:Es necesario} que {2:presentes} {3:la declaración} {4:antes del plazo}.,{1:You need} {2:to submit} {3:your return} {4:before the deadline}.,
money-taxes-14,Money & banking,Taxes,3,3,"{1:Si} {2:hubiera declarado} {3:a tiempo}, {4:no} {5:me habrían multado}.","{1:If} {2:I'd filed} {3:on time}, {5:they would}{4:n't} {5:have fined me}.",
money-taxes-15,Money & banking,Taxes,3,3,{1:El asesor} {2:me dijo} que {3:podría} {4:pedir} {5:una deducción} {6:por hijos}.,{1:The adviser} {2:told me} {3:I could} {4:claim} {5:a deduction} {6:for children}.,
money-budget-01,Money & banking,Budgeting,1,1,{1:Quiero} {2:gastar} {3:menos}.,{1:I want} {2:to spend} {3:less}.,
money-budget-02,Money & banking,Budgeting,1,1,{1:Gasto} {2:mucho} {3:en comida}.,{1:I spend} {2:a lot} {3:on food}.,
money-budget-03,Money & banking,Budgeting,1,1,{1:Tengo que} {2:ahorrar} {3:para el verano}.,{1:I have to} {2:save} {3:for the summer}.,
money-budget-04,Money & banking,Budgeting,1,2,{1:Apunto} {2:todos mis gastos}.,{1:I write down} {2:all my spending}.,
money-budget-05,Money & banking,Budgeting,1,2,{1:A final de mes} no {2:me queda} {3:nada}.,{1:By the end of the month} {2:I've got} {3:nothing} {2:left}.,
money-budget-06,Money & banking,Budgeting,1,3,{1:Llevo} {2:un presupuesto} {3:mensual}.,{1:I keep} {2:a} {3:monthly} {2:budget}.,
money-budget-07,Money & banking,Budgeting,2,1,{1:Este mes} {2:he gastado} {3:demasiado}.,{1:This month} {2:I've spent} {3:too much}.,
money-budget-08,Money & banking,Budgeting,2,2,{1:Cancelé} {2:el gimnasio} {3:para ahorrar}.,{1:I cancelled} {2:the gym} {3:to save money}.,
money-budget-09,Money & banking,Budgeting,2,2,{1:Compara} {2:precios} {3:antes de comprar}.,{1:Compare} {2:prices} {3:before you buy}.,
money-budget-10,Money & banking,Budgeting,2,3,{1:Me he quedado} {2:sin blanca}.,{1:I'm} {2:skint}.,
money-budget-11,Money & banking,Budgeting,2,3,{1:Hemos recortado} {2:gastos} {3:en todo}.,{1:We've cut back} {2:on spending} {3:across the board}.,
money-budget-12,Money & banking,Budgeting,3,2,{1:No} {2:gastes} {3:más de lo que} {4:ganas}.,{1:Don't} {2:spend} {3:more than} {4:you earn}.,
money-budget-13,Money & banking,Budgeting,3,2,"{1:Si} {2:cocinara} {3:más en casa}, {4:ahorraría} {5:bastante}.","{1:If} {2:I cooked} {3:at home more}, {4:I'd save} {5:quite a lot}.",
money-budget-14,Money & banking,Budgeting,3,3,"{1:Hasta que} no {2:cobre}, {3:no} {4:puedo} {5:permitirme} {6:caprichos}.","{1:Until} {2:I get paid}, {4:I can}{3:'t} {5:afford} {6:treats}.",
money-budget-15,Money & banking,Budgeting,3,3,{1:Es aconsejable} que {2:ahorres} {3:al menos} {4:un diez por ciento} {5:de lo que ganas}.,{1:It's advisable} {2:to save} {3:at least} {4:ten per cent} {5:of what you earn}.,
money-debt-01,Money & banking,Borrowing & debt,1,1,¿{1:Me} {2:prestas} {3:un poco de dinero}?,{2:Can you lend} {1:me} {3:some money}?,
money-debt-02,Money & banking,Borrowing & debt,1,1,{1:Te debo} {2:una cena}.,{1:I owe you} {2:a dinner}.,
money-debt-03,Money & banking,Borrowing & debt,1,1,{1:Te lo devuelvo} {2:mañana}.,{1:I'll pay you back} {2:tomorrow}.,
money-debt-04,Money & banking,Borrowing & debt,1,2,{1:Tengo} {2:muchas deudas}.,{1:I've got} {2:a lot of debts}.,
money-debt-05,Money & banking,Borrowing & debt,1,2,{1:No} {2:me gusta} {3:pedir dinero} {4:a mis amigos}.,{2:I do}{1:n't} {2:like} {3:borrowing money} {4:from friends}.,
money-debt-06,Money & banking,Borrowing & debt,1,3,{1:Estoy pagando} {2:el préstamo} {3:a plazos}.,{1:I'm paying off} {2:the loan} {3:in instalments}.,
money-debt-07,Money & banking,Borrowing & debt,1,3,{1:El interés} {2:es} {3:abusivo}.,{1:The interest} {2:is} {3:extortionate}.,
money-debt-08,Money & banking,Borrowing & debt,2,1,{1:Le presté} {2:dinero} {3:y} {4:nunca} {5:me lo devolvió}.,{1:I lent him} {2:money} {3:and} {5:he} {4:never} {5:paid me back}.,
money-debt-09,Money & banking,Borrowing & debt,2,2,{1:Pedí} {2:un préstamo} {3:para el coche}.,{1:I took out} {2:a loan} {3:for the car}.,
money-debt-10,Money & banking,Borrowing & debt,2,2,"{1:Si} {2:no} {3:pago} {4:a tiempo}, {5:me cobrarán} {6:intereses}.","{1:If} {3:I do}{2:n't} {3:pay} {4:on time}, {5:they'll charge me} {6:interest}.",
money-debt-11,Money & banking,Borrowing & debt,2,3,{1:Me he quedado} {2:en números rojos}.,{1:I've gone} {2:into the red}.,
money-debt-12,Money & banking,Borrowing & debt,2,3,{1:Me han denegado} {2:la tarjeta de crédito}.,{1:I've been refused} {2:a credit card}.,
money-debt-13,Money & banking,Borrowing & debt,3,1,{1:No} {2:te preocupes}; {3:devuélvemelo} {4:cuando} {5:puedas}.,{1:Don't} {2:worry}; {3:pay me back} {4:whenever} {5:you can}.,
money-debt-14,Money & banking,Borrowing & debt,3,2,{1:Ojalá} {2:no} {3:hubiera pedido} {4:aquel préstamo}.,{1:I wish} {3:I had}{2:n't} {3:taken out} {4:that loan}.,
money-debt-15,Money & banking,Borrowing & debt,3,3,{1:El banco} {2:me exigió} que {3:presentara} {4:un avalista}.,{1:The bank} {2:required me} {3:to provide} {4:a guarantor}.,
money-exchange-01,Money & banking,Changing money,1,1,{1:Quiero} {2:cambiar} {3:libras}.,{1:I'd like} {2:to change} {3:some pounds}.,
money-exchange-02,Money & banking,Changing money,1,2,¿{1:A cuánto} {2:está} {3:la libra}?,{1:What}{2:'s} {3:the rate for the pound}?,
money-exchange-03,Money & banking,Changing money,1,2,¿{1:Aceptan} {2:billetes} {3:grandes}?,{1:Do you take} {3:large} {2:notes}?,
money-exchange-04,Money & banking,Changing money,1,2,{1:Pago} {2:en la moneda local}.,{1:I'll pay} {2:in the local currency}.,
money-exchange-05,Money & banking,Changing money,1,2,{1:Mi banco} {2:me cobra} {3:por sacar dinero} {4:en el extranjero}.,{1:My bank} {2:charges me} {3:for taking out money} {4:abroad}.,
money-exchange-06,Money & banking,Changing money,1,3,¿{1:Hay} {2:una casa de cambio} {3:cerca}?,{1:Is there} {2:a bureau de change} {3:nearby}?,
money-exchange-07,Money & banking,Changing money,1,3,{1:El tipo de cambio} {2:es} {3:muy malo} {4:en el aeropuerto}.,{1:The exchange rate} {2:is} {3:very poor} {4:at the airport}.,
money-exchange-08,Money & banking,Changing money,2,1,{1:Cambié} {2:dinero} {3:antes de venir}.,{1:I changed} {2:money} {3:before coming}.,
money-exchange-09,Money & banking,Changing money,2,2,{1:La libra} {2:ha bajado} {3:mucho}.,{1:The pound} {2:has fallen} {3:a lot}.,
money-exchange-10,Money & banking,Changing money,2,2,{1:Saqué} {2:dinero} {3:en el cajero} {4:del aeropuerto}.,{1:I took out} {2:money} {3:from the cashpoint} {4:at the airport}.,
money-exchange-11,Money & banking,Changing money,2,3,{1:Me cobraron} {2:una comisión} {3:abusiva}.,{1:They charged me} {2:an} {3:outrageous} {2:commission}.,
money-exchange-12,Money & banking,Changing money,3,1,{1:No} {2:cambies} {3:dinero} {4:en el aeropuerto}.,{1:Don't} {2:change} {3:money} {4:at the airport}.,
money-exchange-13,Money & banking,Changing money,3,2,{1:Es mejor} que {2:pagues} {3:con tarjeta} {4:en moneda local}.,{1:It's better} {2:to pay} {3:by card} {4:in the local currency}.,
money-exchange-14,Money & banking,Changing money,3,2,"{1:Si} {2:hubiera cambiado} {3:el dinero} {4:la semana pasada}, {5:me habrían dado} {6:más}.","{1:If} {2:I'd changed} {3:the money} {4:last week}, {5:I'd have got} {6:more}.",
money-exchange-15,Money & banking,Changing money,3,3,"{1:Cuando} {2:te pregunten} {3:en qué moneda} {4:quieres pagar}, {5:elige} {6:la local}.","{1:When} {2:they ask you} {3:which currency} {4:you want to pay in}, {5:choose} {6:the local one}.",
tech-phones-01,Technology,Phones & apps,1,1,¿{1:Cuál es} {2:tu número}?,{1:What's} {2:your number}?,
tech-phones-02,Technology,Phones & apps,1,1,{1:Te mando} {2:un mensaje}.,{1:I'll send you} {2:a message}.,
tech-phones-03,Technology,Phones & apps,1,2,{1:No} {2:tengo} {3:cobertura}.,{2:I have} {1:no} {3:signal}.,
tech-phones-04,Technology,Phones & apps,1,2,{1:El móvil} {2:no} {3:tiene} {4:batería}.,{1:My phone} {3:has} {2:no} {4:battery}.,
tech-phones-05,Technology,Phones & apps,1,2,¿{1:Tienes} {2:un cargador}?,{1:Do you have} {2:a charger}?,
tech-phones-06,Technology,Phones & apps,1,2,{1:Tengo} {2:la pantalla} {3:rota}.,{1:I have} {2:a} {3:cracked} {2:screen}.,
tech-phones-07,Technology,Phones & apps,2,1,{1:No} {2:me ha llegado} {3:tu mensaje}.,{3:Your message} {2:has}{1:n't} {2:reached me}.,
tech-phones-08,Technology,Phones & apps,2,1,{1:Mándame} {2:la foto} {3:por WhatsApp}.,{1:Send me} {2:the photo} {3:on WhatsApp}.,
tech-phones-09,Technology,Phones & apps,2,2,{1:Descárgate} {2:esta aplicación}.,{1:Download} {2:this app}.,
tech-phones-10,Technology,Phones & apps,2,2,{1:Se me ha caído} {2:el móvil} {3:al agua}.,{1:I've dropped} {2:my phone} {3:in the water}.,
tech-phones-11,Technology,Phones & apps,2,3,{1:Actualicé} {2:el móvil} {3:y} {4:ahora} {5:va} {6:lentísimo}.,{1:I updated} {2:my phone} {3:and} {4:now} {5:it's} {6:really slow}.,
tech-phones-12,Technology,Phones & apps,2,3,{1:He cambiado} {2:de compañía} {3:telefónica}.,{1:I've switched} {3:phone} {2:companies}.,
tech-phones-13,Technology,Phones & apps,3,1,{1:No} {2:mires} {3:el móvil} {4:mientras} {5:comemos}.,{1:Don't} {2:look at} {3:your phone} {4:while} {5:we're eating}.,
tech-phones-14,Technology,Phones & apps,3,2,{1:Avísame} {2:cuando} {3:te llegue} {4:el código}.,{1:Let me know} {2:when} {3:you get} {4:the code}.,
tech-phones-15,Technology,Phones & apps,3,3,"{1:Si} {2:hubiera hecho} {3:una copia de seguridad}, {4:no} {5:habría perdido} {6:las fotos}.","{1:If} {2:I'd made} {3:a backup}, {5:I would}{4:n't} {5:have lost} {6:the photos}.",
tech-computers-01,Technology,Computers & internet,1,1,{1:No hay} {2:internet}.,{1:There's no} {2:internet}.,
tech-computers-02,Technology,Computers & internet,1,1,{1:Mi ordenador} {2:es} {3:muy lento}.,{1:My computer} {2:is} {3:very slow}.,
tech-computers-03,Technology,Computers & internet,1,2,{1:No} {2:me acuerdo} {3:de la contraseña}.,{2:I can}{1:'t} {2:remember} {3:the password}.,acordarse de = to remember.
tech-computers-04,Technology,Computers & internet,1,2,{1:La impresora} {2:no} {3:imprime}.,{1:The printer} {3:is}{2:n't} {3:printing}.,
tech-computers-05,Technology,Computers & internet,1,2,{1:La página} {2:no} {3:carga}.,{1:The page} {3:is}{2:n't} {3:loading}.,
tech-computers-06,Technology,Computers & internet,1,3,{1:Tengo que} {2:reiniciar} {3:el portátil}.,{1:I have to} {2:restart} {3:my laptop}.,
tech-computers-07,Technology,Computers & internet,2,1,{1:Búscalo} {2:en internet}.,{1:Look it up} {2:online}.,
tech-computers-08,Technology,Computers & internet,2,2,{1:He borrado} {2:un archivo} {3:sin querer}.,{1:I've deleted} {2:a file} {3:by accident}.,
tech-computers-09,Technology,Computers & internet,2,2,¿{1:Me} {2:lo} {3:puedes} {4:mandar} {5:en PDF}?,{3:Can you} {4:send} {2:it} {1:to me} {5:as a PDF}?,
tech-computers-10,Technology,Computers & internet,2,2,{1:Guarda} {2:el documento} {3:antes de} {4:cerrarlo}.,{1:Save} {2:the document} {3:before} {4:closing it}.,
tech-computers-11,Technology,Computers & internet,2,3,{1:Se ha colgado} {2:el ordenador}.,{2:The computer} {1:has frozen}.,
tech-computers-12,Technology,Computers & internet,2,3,"{1:Si} {2:no} {3:actualizas} {4:el antivirus}, {5:podrías} {6:perder} {7:datos}.","{1:If} {3:you do}{2:n't} {3:update} {4:the antivirus}, {5:you could} {6:lose} {7:data}.",
tech-computers-13,Technology,Computers & internet,3,2,{1:No} {2:abras} {3:ese enlace}; {4:parece} {5:una estafa}.,{1:Don't} {2:open} {3:that link}; {4:it looks like} {5:a scam}.,
tech-computers-14,Technology,Computers & internet,3,2,{1:Necesito} {2:un programa} que {3:me permita} {4:editar} {5:vídeos}.,{1:I need} {2:a program} {3:that lets me} {4:edit} {5:videos}.,
tech-computers-15,Technology,Computers & internet,3,2,{1:Es imprescindible} que {2:cambies} {3:la contraseña} {4:cada tres meses}.,{1:It's essential} {2:that you change} {3:your password} {4:every three months}.,
tech-security-01,Technology,Online safety,1,2,{1:Mi contraseña} {2:tiene} {3:doce caracteres}.,{1:My password} {2:has} {3:twelve characters}.,
tech-security-02,Technology,Online safety,1,2,{1:Esta contraseña} {2:es} {3:muy débil}.,{1:This password} {2:is} {3:very weak}.,
tech-security-03,Technology,Online safety,1,3,{1:Tengo} {2:un antivirus} {3:en el ordenador}.,{1:I have} {2:antivirus software} {3:on my computer}.,
tech-security-04,Technology,Online safety,1,3,{1:Uso} {2:la verificación en dos pasos}.,{1:I use} {2:two-step verification}.,
tech-security-05,Technology,Online safety,1,3,{1:Este correo} {2:parece} {3:sospechoso}.,{1:This email} {2:looks} {3:suspicious}.,
tech-security-06,Technology,Online safety,2,2,{1:Me han hackeado} {2:la cuenta}.,{1:Someone's hacked} {2:my account}.,
tech-security-07,Technology,Online safety,2,2,{1:Cambia} {2:la contraseña} {3:cada pocos meses}.,{1:Change} {2:your password} {3:every few months}.,
tech-security-08,Technology,Online safety,2,2,{1:Hice clic} {2:en un enlace raro}.,{1:I clicked} {2:on a dodgy link}.,
tech-security-09,Technology,Online safety,2,3,{1:Haz} {2:una copia de seguridad} {3:de tus archivos}.,{1:Make} {2:a backup} {3:of your files}.,
tech-security-10,Technology,Online safety,3,2,{1:No} {2:abras} {3:ese archivo}.,{1:Don't} {2:open} {3:that file}.,
tech-security-11,Technology,Online safety,3,2,{1:No} {2:le des} {3:tus datos} {4:a nadie}.,{1:Don't} {2:give} {3:your details} {4:to anyone}.,
tech-security-12,Technology,Online safety,3,2,{1:Es mejor} que {2:uses} {3:una contraseña distinta} {4:para cada cuenta}.,{1:It's better} {2:to use} {3:a different password} {4:for each account}.,
tech-security-13,Technology,Online safety,3,2,"{1:Si} {2:hubiera actualizado} {3:el ordenador}, {4:no} {5:me habría entrado} {6:el virus}.","{1:If} {2:I'd updated} {3:the computer}, {6:the virus} {5:would}{4:n't} {5:have got in}.",
tech-security-14,Technology,Online safety,3,3,{1:Instala} {2:las actualizaciones} {3:en cuanto} {4:salgan}.,{1:Install} {2:updates} {3:as soon as} {4:they come out}.,
tech-security-15,Technology,Online safety,3,3,{1:El banco} {2:nunca} {3:te pedirá} que {4:le envíes} {5:las claves} {6:por correo}.,{1:The bank} {3:will} {2:never} {3:ask you} {4:to send} {5:your passwords} {6:by email}.,
tech-gadgets-01,Technology,Gadgets & smart home,1,1,{1:Mi móvil} {2:es} {3:nuevo}.,{1:My phone} {2:is} {3:new}.,
tech-gadgets-02,Technology,Gadgets & smart home,1,2,{1:Necesito} {2:un cargador}.,{1:I need} {2:a charger}.,
tech-gadgets-03,Technology,Gadgets & smart home,1,3,{1:Tengo} {2:unos auriculares} {3:inalámbricos}.,{1:I have} {2:some} {3:wireless} {2:headphones}.,
tech-gadgets-04,Technology,Gadgets & smart home,1,3,{1:El altavoz inteligente} {2:pone} {3:música} {4:cuando se lo pido}.,{1:The smart speaker} {2:plays} {3:music} {4:when I ask it to}.,
tech-gadgets-05,Technology,Gadgets & smart home,1,3,{1:Controlo} {2:la calefacción} {3:desde el móvil}.,{1:I control} {2:the heating} {3:from my phone}.,
tech-gadgets-06,Technology,Gadgets & smart home,2,2,{1:Se me ha acabado} {2:la batería}.,{2:My battery} {1:has run out}.,
tech-gadgets-07,Technology,Gadgets & smart home,2,2,¿{1:Cómo} {2:se enciende} {3:esto}?,{1:How} {2:do you turn} {3:this} {2:on}?,
tech-gadgets-08,Technology,Gadgets & smart home,2,2,{1:Me compré} {2:un reloj inteligente} {3:el mes pasado}.,{1:I bought myself} {2:a smartwatch} {3:last month}.,
tech-gadgets-09,Technology,Gadgets & smart home,2,2,{1:Se me cayó} {2:el móvil} {3:y} {4:se rompió} {5:la pantalla}.,{1:I dropped} {2:my phone} {3:and} {5:the screen} {4:broke}.,
tech-gadgets-10,Technology,Gadgets & smart home,2,3,{1:Desenchúfalo} {2:y} {3:vuelve a enchufarlo}.,{1:Unplug it} {2:and} {3:plug it back in}.,
tech-gadgets-11,Technology,Gadgets & smart home,2,3,{1:He emparejado} {2:los auriculares} {3:con el portátil}.,{1:I've paired} {2:the headphones} {3:with the laptop}.,
tech-gadgets-12,Technology,Gadgets & smart home,3,2,{1:No} {2:lo cargues} {3:toda la noche}.,{1:Don't} {2:charge it} {3:overnight}.,
tech-gadgets-13,Technology,Gadgets & smart home,3,2,{1:Quiero} {2:un móvil} {3:que tenga} {4:buena cámara}.,{1:I want} {2:a phone} {3:that has} {4:a good camera}.,
tech-gadgets-14,Technology,Gadgets & smart home,3,2,"{1:Si} {2:la batería} {3:durara} {4:más}, {5:no} {6:tendría que} {7:cargarlo} {8:dos veces al día}.","{1:If} {2:the battery} {3:lasted} {4:longer}, {6:I would}{5:n't} {6:have to} {7:charge it} {8:twice a day}.",
tech-gadgets-15,Technology,Gadgets & smart home,3,3,{1:Me preocupa} que {2:estos aparatos} {3:nos estén escuchando} {4:todo el tiempo}.,{1:It worries me} {2:that these devices} {3:might be listening to us} {4:all the time}.,
tech-apps-01,Technology,Apps & accounts,1,1,{1:No} {2:tengo} {3:cuenta}.,{2:I do}{1:n't} {2:have} {3:an account}.,
tech-apps-02,Technology,Apps & accounts,1,1,¿{1:Tienes} {2:esta aplicación}?,{1:Have you got} {2:this app}?,
tech-apps-03,Technology,Apps & accounts,1,2,{1:Uso} {2:una aplicación} {3:para aprender idiomas}.,{1:I use} {2:an app} {3:to learn languages}.,
tech-apps-04,Technology,Apps & accounts,1,2,{1:La aplicación} {2:no} {3:se abre}.,{1:The app} {3:wo}{2:n't} {3:open}.,
tech-apps-05,Technology,Apps & accounts,1,3,{1:Tengo que} {2:iniciar sesión} {3:otra vez}.,{1:I have to} {2:log in} {3:again}.,
tech-apps-06,Technology,Apps & accounts,1,3,{1:La suscripción} {2:se renueva} {3:cada mes}.,{1:The subscription} {2:renews} {3:every month}.,
tech-apps-07,Technology,Apps & accounts,2,2,{1:Descárgate} {2:la aplicación} {3:del banco}.,{1:Download} {3:the bank's} {2:app}.,
tech-apps-08,Technology,Apps & accounts,2,2,{1:Me he registrado} {2:con mi correo}.,{1:I've signed up} {2:with my email}.,
tech-apps-09,Technology,Apps & accounts,2,2,{1:Me ha llegado} {2:un código} {3:por SMS}.,{1:I've received} {2:a code} {3:by text}.,
tech-apps-10,Technology,Apps & accounts,2,2,"{1:Si} {2:no} {3:actualizas} {4:la aplicación}, {5:no} {6:funcionará}.","{1:If} {3:you do}{2:n't} {3:update} {4:the app}, {6:it wo}{5:n't} {6:work}.",
tech-apps-11,Technology,Apps & accounts,2,3,{1:He cancelado} {2:la suscripción} {3:de prueba}.,{1:I've cancelled} {2:the} {3:trial} {2:subscription}.,
tech-apps-12,Technology,Apps & accounts,2,3,{1:Activa} {2:las notificaciones} {3:para no perderte nada}.,{1:Turn on} {2:notifications} {3:so you don't miss anything}.,
tech-apps-13,Technology,Apps & accounts,3,2,{1:No} {2:aceptes} {3:las condiciones} {4:sin leerlas}.,{1:Don't} {2:accept} {3:the terms} {4:without reading them}.,
tech-apps-14,Technology,Apps & accounts,3,3,{1:Me pidió} que {2:le diera} {3:permiso} {4:para acceder a} {5:mis contactos}.,{1:It asked me} {2:to give it} {3:permission} {4:to access} {5:my contacts}.,
tech-apps-15,Technology,Apps & accounts,3,3,{1:Ojalá} {2:hubiera cancelado} {3:la prueba} {4:antes de que} {5:me cobraran}.,{1:I wish} {2:I'd cancelled} {3:the trial} {4:before} {5:they charged me}.,
tech-internet-01,Technology,Internet problems,1,1,{1:El wifi} {2:no} {3:va}.,{1:The wifi} {3:is}{2:n't} {3:working}.,
tech-internet-02,Technology,Internet problems,1,2,¿{1:Tienes} {2:datos}?,{1:Have you got} {2:any data}?,
tech-internet-03,Technology,Internet problems,1,2,{1:La conexión} {2:es} {3:muy lenta}.,{1:The connection} {2:is} {3:really slow}.,
tech-internet-04,Technology,Internet problems,1,2,{1:No} {2:llega} {3:la señal} {4:a mi habitación}.,{3:The signal} {2:does}{1:n't} {2:reach} {4:my room}.,
tech-internet-05,Technology,Internet problems,1,3,{1:El router} {2:tiene} {3:una luz roja}.,{1:The router} {2:has} {3:a red light} {2:on}.,
tech-internet-06,Technology,Internet problems,1,3,"{1:Tengo} {2:fibra}, {3:pero} {4:va fatal}.","{1:I've got} {2:fibre}, {3:but} {4:it's awful}.",
tech-internet-07,Technology,Internet problems,2,2,{1:Se ha caído} {2:la red}.,{2:The network} {1:has gone down}.,
tech-internet-08,Technology,Internet problems,2,2,{1:Llamé} a {2:la compañía} {3:tres veces}.,{1:I called} {2:the provider} {3:three times}.,
tech-internet-09,Technology,Internet problems,2,2,{1:Me han dejado} {2:sin conexión} {3:todo el fin de semana}.,{1:They left me} {2:without a connection} {3:all weekend}.,
tech-internet-10,Technology,Internet problems,2,2,{1:El técnico} {2:vendrá} {3:entre las nueve y las dos}.,{1:The engineer} {2:will come} {3:between nine and two}.,
tech-internet-11,Technology,Internet problems,2,2,"{1:Si} {2:no} {3:lo arreglan} {4:hoy}, {5:cambiaré} {6:de compañía}.","{1:If} {3:they do}{2:n't} {3:fix it} {4:today}, {5:I'll switch} {6:providers}.",
tech-internet-12,Technology,Internet problems,2,3,{1:Reinicia} {2:el router}.,{1:Restart} {2:the router}.,
tech-internet-13,Technology,Internet problems,3,2,{1:Avísame} {2:cuando} {3:vuelva} {4:la conexión}.,{1:Let me know} {2:when} {4:the connection} {3:comes back}.,
tech-internet-14,Technology,Internet problems,3,3,{1:Es imposible} que {2:la velocidad} {3:sea} {4:la contratada}.,{1:There's no way} {2:the speed} {3:is} {4:what I'm paying for}.,
tech-internet-15,Technology,Internet problems,3,3,{1:Exijo} que {2:me descuenten} {3:los días} {4:sin servicio}.,{1:I demand} {2:a discount for} {3:the days} {4:without service}.,
tech-streaming-01,Technology,Streaming & TV,1,1,{1:Me encanta} {2:esta serie}.,{1:I love} {2:this series}.,
tech-streaming-02,Technology,Streaming & TV,1,2,¿{1:Qué} {2:echan} {3:esta noche}?,{1:What}{2:'s on} {3:tonight}?,
tech-streaming-03,Technology,Streaming & TV,1,2,{1:Estoy viendo} {2:una serie} {3:coreana}.,{1:I'm watching} {2:a} {3:Korean} {2:series}.,
tech-streaming-04,Technology,Streaming & TV,1,2,¿{1:Ponemos} {2:los subtítulos}?,{1:Shall we put} {2:the subtitles} {1:on}?,
tech-streaming-05,Technology,Streaming & TV,1,3,{1:La veo} {2:en versión original}.,{1:I watch it} {2:in the original language}.,
tech-streaming-06,Technology,Streaming & TV,1,3,{1:Compartimos} {2:la cuenta} {3:de la plataforma}.,{1:We share} {2:the account} {3:for the streaming service}.,
tech-streaming-07,Technology,Streaming & TV,2,2,{1:Pásame} {2:el mando}.,{1:Pass me} {2:the remote}.,
tech-streaming-08,Technology,Streaming & TV,2,2,{1:Anoche} {2:vi} {3:tres capítulos} {4:seguidos}.,{1:Last night} {2:I watched} {3:three episodes} {4:in a row}.,
tech-streaming-09,Technology,Streaming & TV,2,2,¿{1:Has visto} {2:la última temporada}?,{1:Have you seen} {2:the latest season}?,
tech-streaming-10,Technology,Streaming & TV,2,2,{1:La cancelaron} {2:después de dos temporadas}.,{1:They cancelled it} {2:after two seasons}.,
tech-streaming-11,Technology,Streaming & TV,2,3,{1:Me enganché} {2:desde el primer capítulo}.,{1:I got hooked} {2:from the first episode}.,
tech-streaming-12,Technology,Streaming & TV,3,2,{1:No} {2:veas} {3:el último capítulo} {4:sin mí}.,{1:Don't} {2:watch} {3:the last episode} {4:without me}.,
tech-streaming-13,Technology,Streaming & TV,3,2,"{1:Hasta que} no {2:veas} {3:el final}, {4:no} {5:entenderás} {6:nada}.","{1:Until} {2:you see} {3:the ending}, {5:you wo}{4:n't} {5:understand} {6:anything}.",
tech-streaming-14,Technology,Streaming & TV,3,3,"{1:Si} {2:la hubieran doblado} {3:mejor}, {4:la vería} {5:en español}.","{1:If} {2:they'd dubbed it} {3:better}, {4:I'd watch it} {5:in Spanish}.",
tech-streaming-15,Technology,Streaming & TV,3,3,"{1:Me extraña} que {2:no} {3:la hayan renovado}, {4:con lo bien que} {5:iba}.","{1:I'm surprised} {3:they have}{2:n't} {3:renewed it}, {4:considering how well} {5:it was doing}.",
tech-printing-01,Technology,Printing & documents,1,1,{1:Necesito} {2:imprimir} {3:un documento}.,{1:I need} {2:to print} {3:a document}.,
tech-printing-02,Technology,Printing & documents,1,1,{1:Lo quiero} {2:en color}.,{1:I'd like it} {2:in colour}.,
tech-printing-03,Technology,Printing & documents,1,2,{1:La impresora} {2:no} {3:tiene} {4:tinta}.,{1:The printer} {3:has} {2:no} {4:ink}.,
tech-printing-04,Technology,Printing & documents,1,2,¿{1:Cuánto} {2:cuesta} {3:cada fotocopia}?,{1:How much} {2:is} {3:each photocopy}?,
tech-printing-05,Technology,Printing & documents,1,2,{1:Te lo mando} {2:por correo} {3:en PDF}.,{1:I'll send it to you} {3:as a PDF} {2:by email}.,
tech-printing-06,Technology,Printing & documents,1,3,¿{1:Hay} {2:una copistería} {3:por aquí}?,{1:Is there} {2:a print shop} {3:around here}?,
tech-printing-07,Technology,Printing & documents,1,3,¿{1:Me lo puede} {2:imprimir} {3:a doble cara}?,{1:Could you} {2:print it} {3:double-sided} {1:for me}?,
tech-printing-08,Technology,Printing & documents,1,3,{1:Hay que} {2:plastificar} {3:el carné}.,{1:We need to} {2:laminate} {3:the card}.,
tech-printing-09,Technology,Printing & documents,2,2,{1:Escanea} {2:el documento} {3:y} {4:envíamelo}.,{1:Scan} {2:the document} {3:and} {4:send it to me}.,
tech-printing-10,Technology,Printing & documents,2,2,{1:He firmado} {2:el contrato} {3:digitalmente}.,{1:I've signed} {2:the contract} {3:digitally}.,
tech-printing-11,Technology,Printing & documents,2,3,{1:Se ha atascado} {2:el papel}.,{2:The paper} {1:has jammed}.,
tech-printing-12,Technology,Printing & documents,2,3,{1:El archivo} {2:pesa} {3:demasiado} {4:para enviarlo}.,{1:The file} {2:is} {3:too big} {4:to send}.,
tech-printing-13,Technology,Printing & documents,3,1,{1:No} {2:imprimas} {3:todo}; {4:solo} {5:la primera página}.,{1:Don't} {2:print} {3:everything}; {4:just} {5:the first page}.,
tech-printing-14,Technology,Printing & documents,3,2,"{1:Si} {2:hubiera guardado} {3:una copia}, {4:no} {5:habría tenido que} {6:escribirlo} {7:todo} {8:otra vez}.","{1:If} {2:I'd saved} {3:a copy}, {5:I would}{4:n't} {5:have had to} {6:write} {7:it all} {8:again}.",
tech-printing-15,Technology,Printing & documents,3,3,{1:Necesito} que {2:me lo envíes} {3:en un formato} {4:que se pueda editar}.,{1:I need} {2:you to send it to me} {3:in a format} {4:that can be edited}.,
talk-agreeing-01,Opinions & conversation,Agreeing & disagreeing,1,1,{1:Estoy de acuerdo}.,{1:I agree}.,
talk-agreeing-02,Opinions & conversation,Agreeing & disagreeing,1,1,{1:Tienes razón}.,{1:You're right}.,Literally 'you have reason'.
talk-agreeing-03,Opinions & conversation,Agreeing & disagreeing,1,1,{1:No} {2:estoy de acuerdo}.,{2:I do}{1:n't} {2:agree}.,
talk-agreeing-04,Opinions & conversation,Agreeing & disagreeing,1,1,{1:Claro que sí}.,{1:Absolutely}.,
talk-agreeing-05,Opinions & conversation,Agreeing & disagreeing,1,1,{1:Depende}.,{1:It depends}.,
talk-agreeing-06,Opinions & conversation,Agreeing & disagreeing,1,1,{1:Yo} {2:también}.,{1:Me} {2:too}.,
talk-agreeing-07,Opinions & conversation,Agreeing & disagreeing,1,1,{1:Yo} {2:tampoco}.,{1:Me} {2:neither}.,tampoco is the negative of también.
talk-agreeing-08,Opinions & conversation,Agreeing & disagreeing,1,1,{1:Puede ser}.,{1:Could be}.,
talk-agreeing-09,Opinions & conversation,Agreeing & disagreeing,1,1,"{1:En eso} {2:tienes razón}, {3:pero}...","{2:You're right} {1:about that}, {3:but}...",
talk-agreeing-10,Opinions & conversation,Agreeing & disagreeing,1,1,{1:Yo} {2:no} {3:lo} {4:veo} {5:así}.,{1:I} {4:do}{2:n't} {4:see} {3:it} {5:that way}.,
talk-agreeing-11,Opinions & conversation,Agreeing & disagreeing,1,2,"{1:Hasta cierto punto}, {2:sí}.","{1:Up to a point}, {2:yes}.",
talk-agreeing-12,Opinions & conversation,Agreeing & disagreeing,1,2,"{1:Entiendo} {2:lo que} {3:dices}, {4:aunque} {5:no} {6:lo comparto}.","{1:I understand} {2:what} {3:you're saying}, {4:though} {6:I do}{5:n't} {6:share that view}.",
talk-agreeing-13,Opinions & conversation,Agreeing & disagreeing,2,2,{1:Me has convencido}.,{1:You've convinced me}.,
talk-agreeing-14,Opinions & conversation,Agreeing & disagreeing,3,1,{1:Nunca} {2:lo había pensado} {3:así}.,{2:I'd} {1:never} {2:thought of it} {3:like that}.,
talk-agreeing-15,Opinions & conversation,Agreeing & disagreeing,3,1,"{1:No} {2:digo} que {3:no} {4:tengas razón}, {5:pero}...","{2:I'm} {1:not} {2:saying} {4:you're} {3:not} {4:right}, {5:but}...",decir que no + subjunctive when you deny saying something.
talk-agreeing-16,Opinions & conversation,Agreeing & disagreeing,3,2,"{1:Me parece} {2:bien} que {3:lo discutamos}, {4:pero} {5:sin gritar}.","{1:I think} {2:it's fine} {3:for us to discuss it}, {4:but} {5:without shouting}.",
talk-agreeing-17,Opinions & conversation,Agreeing & disagreeing,3,2,"{1:Por mucho que} {2:insistas}, {3:no} {4:vas a} {5:hacerme cambiar} {6:de opinión}.","{1:However much} {2:you insist}, {4:you're} {3:not} {4:going to} {5:make me change} {6:my mind}.",
talk-opinion-01,Opinions & conversation,Giving your opinion,1,1,{1:Creo} que {2:es} {3:una buena idea}.,{1:I think} {2:it's} {3:a good idea}.,
talk-opinion-02,Opinions & conversation,Giving your opinion,1,1,"{1:Para mí}, {2:es} {3:muy importante}.","{1:For me}, {2:it's} {3:very important}.",
talk-opinion-03,Opinions & conversation,Giving your opinion,1,1,¿{1:Qué} {2:te parece}?,{1:What} {2:do you think}?,parecer works like gustar: 'how does it seem to you?'
talk-opinion-04,Opinions & conversation,Giving your opinion,1,1,"{1:En mi opinión}, {2:es} {3:demasiado caro}.","{1:In my opinion}, {2:it's} {3:too expensive}.",
talk-opinion-05,Opinions & conversation,Giving your opinion,1,1,{1:Lo que más} {2:me gusta} {3:es} {4:la gente}.,{1:What} {2:I like} {1:most} {3:is} {4:the people}.,
talk-opinion-06,Opinions & conversation,Giving your opinion,1,2,{1:Me parece} {2:fatal}.,{1:I think it's} {2:awful}.,
talk-opinion-07,Opinions & conversation,Giving your opinion,1,2,{1:Me da igual}.,{1:I don't mind}.,Literally 'it gives me the same'.
talk-opinion-08,Opinions & conversation,Giving your opinion,1,2,"{1:Por un lado} {2:es} {3:cómodo}, {4:pero por otro} {5:es} {6:caro}.","{1:On the one hand} {2:it's} {3:convenient}, {4:but on the other} {5:it's} {6:expensive}.",
talk-opinion-09,Opinions & conversation,Giving your opinion,2,1,"{1:Al principio} {2:no} {3:me gustó}, {4:pero} {5:ahora} {6:me encanta}.","{1:At first} {3:I did}{2:n't} {3:like it}, {4:but} {5:now} {6:I love it}.",
talk-opinion-10,Opinions & conversation,Giving your opinion,2,1,"{1:Sinceramente}, {2:esperaba} {3:más}.","{1:Honestly}, {2:I expected} {3:more}.",
talk-opinion-11,Opinions & conversation,Giving your opinion,2,1,{1:Lo mejor} {2:sería} {3:esperar}.,{1:The best thing} {2:would be} {3:to wait}.,
talk-opinion-12,Opinions & conversation,Giving your opinion,3,1,{1:No} {2:creo} que {3:sea} {4:justo}.,{2:I do}{1:n't} {2:think} {3:it's} {4:fair}.,
talk-opinion-13,Opinions & conversation,Giving your opinion,3,1,{1:Me parece} {2:increíble} que {3:nadie} {4:diga} {5:nada}.,{1:I find it} {2:incredible} {3:that nobody} {4:says} {5:anything}.,
talk-opinion-14,Opinions & conversation,Giving your opinion,3,1,{1:Yo} {2:en tu lugar} {3:no} {4:lo haría}.,{1:I} {4:would}{3:n't} {4:do it} {2:if I were you}.,Literally 'I in your place wouldn't do it'.
talk-opinion-15,Opinions & conversation,Giving your opinion,3,2,{1:Es lógico} que {2:la gente} {3:esté} {4:preocupada}.,{1:It's understandable} {2:that people} {3:are} {4:worried}.,
talk-opinion-16,Opinions & conversation,Giving your opinion,3,3,{1:Dudo} que {2:esta medida} {3:vaya a} {4:resolver} {5:el problema}.,{1:I doubt} {2:this measure} {3:is going to} {4:solve} {5:the problem}.,
talk-conversation-01,Opinions & conversation,Keeping a conversation going,1,1,¿{1:En serio}?,{1:Really}?,
talk-conversation-02,Opinions & conversation,Keeping a conversation going,1,1,¡{1:Qué bien}!,{1:That's great}!,
talk-conversation-03,Opinions & conversation,Keeping a conversation going,1,1,¡{1:Qué pena}!,{1:What a shame}!,
talk-conversation-04,Opinions & conversation,Keeping a conversation going,1,1,"{1:Pues}, {2:no sé}...","{1:Well}, {2:I don't know}...",
talk-conversation-05,Opinions & conversation,Keeping a conversation going,1,1,{1:Ya veo}.,{1:I see}.,
talk-conversation-06,Opinions & conversation,Keeping a conversation going,1,2,"{1:O sea}, que {2:no} {3:vienes}.",{1:So} {3:you're} {2:not} {3:coming}.,"o sea = 'in other words', very common in speech."
talk-conversation-07,Opinions & conversation,Keeping a conversation going,1,2,"{1:Cambiando de tema}, ¿{2:qué tal} {3:el trabajo}?","{1:Changing the subject}, {2:how's} {3:work}?",
talk-conversation-08,Opinions & conversation,Keeping a conversation going,1,2,{1:No sé} {2:si} {3:me explico}.,{1:I don't know} {2:if} {3:I'm making myself clear}.,
talk-conversation-09,Opinions & conversation,Keeping a conversation going,2,1,¿{1:Y} {2:luego} {3:qué pasó}?,{1:And} {2:then} {3:what happened}?,
talk-conversation-10,Opinions & conversation,Keeping a conversation going,2,1,{1:Cuéntame} {2:más}.,{1:Tell me} {2:more}.,
talk-conversation-11,Opinions & conversation,Keeping a conversation going,2,1,"{1:Perdona}, {2:te he interrumpido}.","{1:Sorry}, {2:I interrupted you}.",
talk-conversation-12,Opinions & conversation,Keeping a conversation going,2,2,"{1:Por cierto}, ¿{2:has visto} a {3:Marta}?","{1:By the way}, {2:have you seen} {3:Marta}?",
talk-conversation-13,Opinions & conversation,Keeping a conversation going,2,2,"{1:Como} {2:te decía}, {3:si} {4:no} {5:nos damos prisa}, {6:llegaremos tarde}.","{1:As} {2:I was saying}, {3:if} {5:we do}{4:n't} {5:hurry}, {6:we'll be late}.",
talk-conversation-14,Opinions & conversation,Keeping a conversation going,2,2,"{1:Por lo que} {2:me contaron}, {3:parece} que {4:se van a mudar}.","{1:From what} {2:I was told}, {3:it seems} {4:they're going to move}.",
talk-conversation-15,Opinions & conversation,Keeping a conversation going,3,1,¡{1:No me digas}!,{1:You don't say}!,"Literally 'don't tell me!', a negative command."
talk-conversation-16,Opinions & conversation,Keeping a conversation going,3,1,{1:Qué raro} que {2:no} {3:haya llamado}.,{1:How strange} {3:that he has}{2:n't} {3:called}.,
talk-conversation-17,Opinions & conversation,Keeping a conversation going,3,1,"{1:Si} {2:no} {3:te importa} que {4:te pregunte}, ¿{5:cuántos años tienes}?","{1:If} {3:you do}{2:n't} {3:mind} {4:me asking}, {5:how old are you}?",
talk-advice-01,Opinions & conversation,Giving advice,1,1,{1:Tienes que} {2:descansar} {3:más}.,{1:You have to} {2:rest} {3:more}.,
talk-advice-02,Opinions & conversation,Giving advice,1,1,{1:Hay que} {2:tener} {3:paciencia}.,{1:You have to} {2:be} {3:patient}.,Literally 'one must have patience'.
talk-advice-03,Opinions & conversation,Giving advice,1,1,¿{1:Por qué} {2:no} {3:hablas} {4:con él}?,{1:Why} {3:do}{2:n't} {3:you talk} {4:to him}?,
talk-advice-04,Opinions & conversation,Giving advice,2,1,{1:Deberías} {2:ir} {3:al médico}.,{1:You should} {2:go} {3:to the doctor}.,deberías (conditional of deber) is the usual way to give advice.
talk-advice-05,Opinions & conversation,Giving advice,2,2,{1:Tómatelo} {2:con calma}.,{1:Take it} {2:easy}.,
talk-advice-06,Opinions & conversation,Giving advice,2,2,{1:Lo mejor} {2:sería} {3:hablarlo} {4:cara a cara}.,{1:The best thing} {2:would be} {3:to talk it over} {4:face to face}.,
talk-advice-07,Opinions & conversation,Giving advice,3,1,"{1:Yo que tú}, {2:lo} {3:pensaría} {4:bien}.","{1:If I were you}, {3:I'd think} {2:it} {3:over} {4:carefully}.",Yo que tú = 'if I were you'.
talk-advice-08,Opinions & conversation,Giving advice,3,1,{1:Deberías} {2:haberle llamado} {3:antes}.,{1:You should} {2:have called him} {3:sooner}.,debería + haber + participle: advice about the past.
talk-advice-09,Opinions & conversation,Giving advice,3,1,{1:Te aconsejo} que {2:lo hables} {3:con ella}.,{1:I'd advise you} {2:to talk about it} {3:with her}.,
talk-advice-10,Opinions & conversation,Giving advice,3,1,{1:Es mejor} que {2:esperes} {3:un poco}.,{1:It's better} {2:if you wait} {3:a bit}.,
talk-advice-11,Opinions & conversation,Giving advice,3,2,"{1:Si} {2:estuviera} {3:en tu lugar}, {4:aceptaría} {5:la oferta}.","{1:If} {2:I were} {3:in your shoes}, {4:I'd accept} {5:the offer}.",
talk-advice-12,Opinions & conversation,Giving advice,3,2,{1:No} {2:tomes} {3:ninguna decisión} {4:hasta que} {5:lo tengas claro}.,{1:Don't} {2:make} {3:any decision} {4:until} {5:you're sure}.,
talk-advice-13,Opinions & conversation,Giving advice,3,3,{1:No} {2:le des más vueltas}.,{1:Don't} {2:keep going over it}.,darle vueltas a algo = to keep turning something over in your mind.
talk-advice-14,Opinions & conversation,Giving advice,3,3,{1:Más vale} que {2:pidas} {3:una segunda opinión} {4:antes de} {5:operarte}.,{1:You'd better} {2:get} {3:a second opinion} {4:before} {5:having the operation}.,más vale que + subjunctive = 'you'd better'.
talk-advice-15,Opinions & conversation,Giving advice,3,3,{1:Te recomendaría} que {2:no} {3:firmaras} {4:nada} {5:sin} {6:leer} {7:la letra pequeña}.,{1:I'd recommend} {2:not} {3:signing} {4:anything} {5:without} {6:reading} {7:the small print}.,
talk-suggestions-01,Opinions & conversation,Making suggestions,1,1,¿{1:Vamos} {2:a la playa}?,{1:Shall we go} {2:to the beach}?,
talk-suggestions-02,Opinions & conversation,Making suggestions,1,1,¿{1:Por qué} {2:no} {3:vamos} {4:al cine}?,{1:Why} {3:do}{2:n't} {3:we go} {4:to the cinema}?,
talk-suggestions-03,Opinions & conversation,Making suggestions,1,1,{1:Podemos} {2:quedarnos} {3:en casa}.,{1:We can} {2:stay} {3:at home}.,
talk-suggestions-04,Opinions & conversation,Making suggestions,1,1,¿{1:Qué tal si} {2:cenamos} {3:fuera}?,{1:How about} {2:having dinner} {3:out}?,
talk-suggestions-05,Opinions & conversation,Making suggestions,1,1,¿{1:Y si} {2:lo dejamos} {3:para mañana}?,{1:What if} {2:we leave it} {3:till tomorrow}?,
talk-suggestions-06,Opinions & conversation,Making suggestions,1,2,¿{1:Te apetece} {2:dar un paseo}?,{1:Do you fancy} {2:going for a walk}?,
talk-suggestions-07,Opinions & conversation,Making suggestions,1,2,{1:Tengo} {2:una idea}: ¿{3:y si} {4:alquilamos} {5:bicis}?,{1:I have} {2:an idea}: {3:what if} {4:we hire} {5:bikes}?,
talk-suggestions-08,Opinions & conversation,Making suggestions,2,1,{1:Podríamos} {2:ir} {3:en tren}.,{1:We could} {2:go} {3:by train}.,
talk-suggestions-09,Opinions & conversation,Making suggestions,2,1,{1:Vámonos} {2:ya}; {3:se está haciendo tarde}.,{1:Let's go} {2:now}; {3:it's getting late}.,
talk-suggestions-10,Opinions & conversation,Making suggestions,2,2,{1:Sería} {2:buena idea} {3:reservar} {4:antes}.,{1:It would be} {2:a good idea} {3:to book} {4:beforehand}.,
talk-suggestions-11,Opinions & conversation,Making suggestions,3,1,{1:Sugiero} que {2:salgamos} {3:temprano}.,{1:I suggest} {2:we leave} {3:early}.,sugerir que + subjunctive.
talk-suggestions-12,Opinions & conversation,Making suggestions,3,1,"{1:Quedemos} {2:el viernes}, {3:si} {4:te viene bien}.","{1:Let's meet} {2:on Friday}, {3:if} {4:that suits you}.","Quedemos = 'let's meet' (a nosotros command, subjunctive form)."
talk-suggestions-13,Opinions & conversation,Making suggestions,3,2,{1:Propongo} que {2:cada uno} {3:traiga} {4:algo} {5:de comer}.,{1:I suggest} {2:everyone} {3:brings} {4:something} {5:to eat}.,
talk-suggestions-14,Opinions & conversation,Making suggestions,3,2,"{1:En vez de} {2:quejarnos}, {3:propongamos} {4:una alternativa}.","{1:Instead of} {2:complaining}, {3:let's suggest} {4:an alternative}.",
talk-suggestions-15,Opinions & conversation,Making suggestions,3,3,¿{1:Qué te parecería} {2:si} {3:fuéramos} {4:a la montaña} {5:el puente}?,{1:How would you feel} {2:about} {3:going} {4:to the mountains} {5:over the long weekend}?,"un puente = a long weekend, when a holiday falls next to a weekend."
talk-doubt-01,Opinions & conversation,Certainty & doubt,1,1,{1:Estoy segur[o|a]}.,{1:I'm sure}.,
talk-doubt-02,Opinions & conversation,Certainty & doubt,1,1,{1:No} {2:estoy segur[o|a]}.,{2:I'm} {1:not} {2:sure}.,
talk-doubt-03,Opinions & conversation,Certainty & doubt,1,1,{1:Creo} que {2:sí}.,{1:I think} {2:so}.,
talk-doubt-04,Opinions & conversation,Certainty & doubt,1,1,{1:Creo} que {2:no}.,{1:I} {2:don't} {1:think so}.,
talk-doubt-05,Opinions & conversation,Certainty & doubt,1,2,{1:A lo mejor} {2:llueve} {3:mañana}.,{1:Maybe} {2:it'll rain} {3:tomorrow}.,a lo mejor takes the ordinary indicative.
talk-doubt-06,Opinions & conversation,Certainty & doubt,1,2,{1:Seguro que} {2:llega} {3:tarde}.,{1:I bet} {2:he'll be} {3:late}.,
talk-doubt-07,Opinions & conversation,Certainty & doubt,1,2,{1:Es evidente} que {2:no} {3:quiere} {4:venir}.,{1:It's obvious} {3:he does}{2:n't} {3:want} {4:to come}.,Statements of certainty take the indicative.
talk-doubt-08,Opinions & conversation,Certainty & doubt,2,1,{1:Estará} {2:en casa}.,{1:He's probably} {2:at home}.,The future tense can express a guess about now.
talk-doubt-09,Opinions & conversation,Certainty & doubt,3,1,{1:Habrá salido}.,{1:She must have gone out}.,The future perfect can express a guess about the past.
talk-doubt-10,Opinions & conversation,Certainty & doubt,3,1,{1:Serían} {2:las tres} {3:cuando} {4:llegó}.,{1:It must have been} {2:about three} {3:when} {4:he arrived}.,The conditional can express a guess about the past.
talk-doubt-11,Opinions & conversation,Certainty & doubt,3,1,{1:Quizás} {2:tenga} {3:razón}.,{1:Perhaps} {2:she's} {3:right}.,quizás + subjunctive for genuine doubt.
talk-doubt-12,Opinions & conversation,Certainty & doubt,3,1,{1:Dudo} que {2:sea} {3:verdad}.,{1:I doubt} {2:it's} {3:true}.,
talk-doubt-13,Opinions & conversation,Certainty & doubt,3,2,{1:Puede que} {2:tengamos que} {3:cambiar} {4:de planes}.,{2:We} {1:might} {2:have to} {3:change} {4:our plans}.,puede que always takes the subjunctive.
talk-doubt-14,Opinions & conversation,Certainty & doubt,3,2,{1:No está claro} que {2:vayan a} {3:aprobar} {4:el proyecto}.,{1:It's not clear} {2:they're going to} {3:approve} {4:the project}.,
talk-doubt-15,Opinions & conversation,Certainty & doubt,3,3,{1:Es poco probable} que {2:el ayuntamiento} {3:dé marcha atrás}.,{1:It's unlikely} {2:the council} {3:will back down}.,
talk-doubt-16,Opinions & conversation,Certainty & doubt,3,3,{1:No} {2:descarto} que {3:haya habido} {4:un malentendido}.,{2:I'm} {1:not} {2:ruling out} {3:that there's been} {4:a misunderstanding}.,
talk-persuading-01,Opinions & conversation,Persuading,1,1,{1:Va a} {2:ser} {3:muy divertido}.,{1:It's going to} {2:be} {3:really fun}.,
talk-persuading-02,Opinions & conversation,Persuading,1,1,"{1:Si} {2:vienes}, {3:te invito} {4:a cenar}.","{1:If} {2:you come}, {3:I'll treat you} {4:to dinner}.",
talk-persuading-03,Opinions & conversation,Persuading,1,2,{1:No} {2:pierdes} {3:nada} {4:por probar}.,{2:You} {1:don't} {2:lose} {3:anything} {4:by trying}.,
talk-persuading-04,Opinions & conversation,Persuading,1,2,{1:Es} {2:una oportunidad} {3:única}.,{1:It's} {2:a} {3:once-in-a-lifetime} {2:opportunity}.,
talk-persuading-05,Opinions & conversation,Persuading,1,2,"{1:Merece la pena}, {2:de verdad}.","{1:It's worth it}, {2:honestly}.",
talk-persuading-06,Opinions & conversation,Persuading,2,1,"{1:Venga}, {2:vente} {3:con nosotros}.","{1:Come on}, {2:come} {3:with us}.",
talk-persuading-07,Opinions & conversation,Persuading,2,1,"{1:Te va a gustar}, {2:ya verás}.","{1:You're going to like it}, {2:you'll see}.",
talk-persuading-08,Opinions & conversation,Persuading,2,1,{1:Hazme caso}.,{1:Listen to me}.,Literally 'pay me attention'.
talk-persuading-09,Opinions & conversation,Persuading,2,1,{1:Piénsalo} {2:bien} {3:y} {4:me dices}.,{1:Think it over} {2:carefully} {3:and} {4:let me know}.,
talk-persuading-10,Opinions & conversation,Persuading,2,1,{1:Imagínate} {2:lo que} {3:podríamos} {4:hacer} {5:con ese dinero}.,{1:Imagine} {2:what} {3:we could} {4:do} {5:with that money}.,
talk-persuading-11,Opinions & conversation,Persuading,2,2,{1:Te prometo} que {2:no} {3:te arrepentirás}.,{1:I promise} {3:you wo}{2:n't} {3:regret it}.,
talk-persuading-12,Opinions & conversation,Persuading,3,1,"{1:Pruébalo} {2:al menos} {3:una vez}, {4:aunque} {5:creas} que {6:no} {7:te va a gustar}.","{2:At least} {1:try it} {3:once}, {4:even if} {5:you think} {7:you wo}{6:n't} {7:like it}.",aunque + subjunctive = 'even if'.
talk-persuading-13,Opinions & conversation,Persuading,3,1,{1:Quiero} que {2:lo pienses} {3:con calma}.,{1:I want} {2:you to think about it} {3:calmly}.,
talk-persuading-14,Opinions & conversation,Persuading,3,1,{1:No} {2:te arrepentirías} {3:si} {4:lo hicieras}.,{2:You would}{1:n't} {2:regret it} {3:if} {4:you did it}.,
talk-persuading-15,Opinions & conversation,Persuading,3,2,"{1:Por mucho que} {2:te cueste} {3:creerlo}, {4:es} {5:la mejor opción}.","{1:However hard} {2:it is for you} {3:to believe}, {4:it's} {5:the best option}.",
talk-persuading-16,Opinions & conversation,Persuading,3,3,{1:Te convendría} {2:aceptar} {3:antes de que} {4:retiren} {5:la oferta}.,{1:It would be in your interest} {2:to accept} {3:before} {4:they withdraw} {5:the offer}.,
talk-debating-01,Opinions & conversation,Debating,1,1,{1:El problema} {2:es} {3:el precio}.,{1:The problem} {2:is} {3:the price}.,
talk-debating-02,Opinions & conversation,Debating,1,2,{1:Hay} {2:argumentos} {3:a favor} {4:y en contra}.,{1:There are} {2:arguments} {3:for} {4:and against}.,
talk-debating-03,Opinions & conversation,Debating,1,2,{1:Eso} {2:no} {3:es} {4:del todo} {5:cierto}.,{1:That} {3:is}{2:n't} {4:entirely} {5:true}.,
talk-debating-04,Opinions & conversation,Debating,1,2,{1:Lo que digo} {2:es} que {3:hace falta} {4:más información}.,{1:What I'm saying} {2:is} {3:we need} {4:more information}.,
talk-debating-05,Opinions & conversation,Debating,1,3,{1:Los datos} {2:demuestran} {3:lo contrario}.,{1:The data} {2:show} {3:the opposite}.,
talk-debating-06,Opinions & conversation,Debating,2,2,{1:Has mencionado} {2:un punto} {3:interesante}.,{1:You've raised} {2:an} {3:interesting} {2:point}.,
talk-debating-07,Opinions & conversation,Debating,2,3,{1:Eso} {2:habría que} {3:demostrarlo}.,{1:That} {2:would need} {3:to be proved}.,
talk-debating-08,Opinions & conversation,Debating,2,3,"{1:Según} {2:un estudio reciente}, {3:el consumo} {4:ha bajado} {5:un diez por ciento}.","{1:According to} {2:a recent study}, {3:consumption} {4:has fallen} {5:by ten per cent}.",
talk-debating-09,Opinions & conversation,Debating,3,1,{1:No} {2:es} que {3:no} {4:quiera}; {5:es} que {6:no} {7:puedo}.,{2:It's} {1:not} that {4:I do}{3:n't} {4:want to}; {5:it's} that {7:I can}{6:'t}.,no es que + subjunctive rejects a reason; es que + indicative gives the real one.
talk-debating-10,Opinions & conversation,Debating,3,2,{1:Depende de} {2:cómo} {3:se mire}.,{1:It depends on} {2:how} {3:you look at it}.,
talk-debating-11,Opinions & conversation,Debating,3,2,"{1:Aunque} {2:tengas razón} {3:en parte}, {4:no} {5:comparto} {6:tu conclusión}.","{1:Even if} {2:you're right} {3:in part}, {5:I do}{4:n't} {5:share} {6:your conclusion}.",
talk-debating-12,Opinions & conversation,Debating,3,2,"{1:No} {2:niego} que {3:sea} {4:un problema}, {5:pero} {6:hay} {7:otros} {8:más urgentes}.","{2:I'm} {1:not} {2:denying} {3:it's} {4:a problem}, {5:but} {6:there are} {8:more urgent} {7:ones}.",
talk-debating-13,Opinions & conversation,Debating,3,3,"{1:Suponiendo} que {2:los datos} {3:sean} {4:correctos}, {5:habría que} {6:cambiar} {7:la estrategia}.","{1:Assuming} {2:the data} {3:are} {4:correct}, {5:we would have to} {6:change} {7:the strategy}.",
talk-debating-14,Opinions & conversation,Debating,3,3,{1:Lo que} {2:me preocupa} {3:es} que {4:no} {5:se tengan en cuenta} {6:las consecuencias}.,{1:What} {2:worries me} {3:is} that {6:the consequences} {5:are}{4:n't} {5:taken into account}.,
talk-debating-15,Opinions & conversation,Debating,3,3,"{1:Si} {2:se hubiera consultado} {3:a los vecinos}, {4:no} {5:habría} {6:tanta polémica}.","{1:If} {3:residents} {2:had been consulted}, {5:there would}{4:n't} {5:be} {6:so much controversy}.",
talk-criticising-01,Opinions & conversation,Criticising & complaining,1,1,{1:Eso} {2:no} {3:está bien}.,{1:That} {3:is}{2:n't} {3:right}.,
talk-criticising-02,Opinions & conversation,Criticising & complaining,1,2,{1:No} {2:me parece} {3:justo}.,{2:It does}{1:n't} {2:seem} {3:fair} {2:to me}.,
talk-criticising-03,Opinions & conversation,Criticising & complaining,1,2,{1:Hay} {2:cosas} {3:que mejorar}.,{1:There are} {2:things} {3:to improve}.,
talk-criticising-04,Opinions & conversation,Criticising & complaining,1,2,{1:El informe} {2:tiene} {3:bastantes fallos}.,{1:The report} {2:has} {3:quite a few mistakes}.,
talk-criticising-05,Opinions & conversation,Criticising & complaining,1,3,{1:El servicio} {2:deja mucho que desear}.,{1:The service} {2:leaves a lot to be desired}.,
talk-criticising-06,Opinions & conversation,Criticising & complaining,1,3,{1:Te lo digo} {2:sin rodeos}: {3:no} {4:funciona}.,{1:I'll tell you} {2:straight}: {4:it does}{3:n't} {4:work}.,
talk-criticising-07,Opinions & conversation,Criticising & complaining,2,1,{1:No} {2:me gustó} {3:cómo} {4:me habló}.,{2:I did}{1:n't} {2:like} {3:the way} {4:he spoke to me}.,
talk-criticising-08,Opinions & conversation,Criticising & complaining,2,1,{1:Dime} {2:la verdad}: ¿{3:qué} {4:te pareció}?,{1:Tell me} {2:the truth}: {3:what} {4:did you think}?,
talk-criticising-09,Opinions & conversation,Criticising & complaining,2,2,{1:Me decepcionó} {2:un poco}.,{1:I was} {2:a bit} {1:disappointed}.,
talk-criticising-10,Opinions & conversation,Criticising & complaining,2,2,{1:Esperaba} {2:mucho más} {3:de ti}.,{1:I expected} {2:a lot more} {3:of you}.,
talk-criticising-11,Opinions & conversation,Criticising & complaining,3,2,"{1:No} {2:te lo tomes} {3:a mal}, {4:pero} {5:no} {6:me convence}.","{1:Don't} {2:take it} {3:the wrong way}, {4:but} {6:I'm} {5:not} {6:convinced}.",
talk-criticising-12,Opinions & conversation,Criticising & complaining,3,2,{1:Me molesta} que {2:no} {3:me consultes} {4:antes}.,{1:It bothers me} {3:that you do}{2:n't} {3:check with me} {4:first}.,
talk-criticising-13,Opinions & conversation,Criticising & complaining,3,2,"{1:Si} {2:me hubieras escuchado}, {3:esto} {4:no} {5:habría pasado}.","{1:If} {2:you'd listened to me}, {3:this} {5:would}{4:n't} {5:have happened}.",
talk-criticising-14,Opinions & conversation,Criticising & complaining,3,3,{1:Lo que} {2:más} {3:me molestó} {4:fue} que {5:nadie} {6:se disculpara}.,{1:What} {3:annoyed me} {2:most} {4:was} that {5:nobody} {6:apologised}.,
talk-compliments-01,Opinions & conversation,Compliments,1,1,{1:Me encanta} {2:tu camisa}.,{1:I love} {2:your shirt}.,
talk-compliments-02,Opinions & conversation,Compliments,1,1,{1:Cocinas} {2:muy bien}.,{1:You cook} {2:really well}.,
talk-compliments-03,Opinions & conversation,Compliments,1,1,¡{1:Qué} {2:casa} {3:más bonita}!,{1:What} {3:a lovely} {2:house}!,
talk-compliments-04,Opinions & conversation,Compliments,1,2,¡{1:Qué bien} {2:te queda} {3:ese color}!,{3:That colour} {2:suits you} {1:so well}!,
talk-compliments-05,Opinions & conversation,Compliments,1,2,{1:Tienes} {2:muy buen gusto}.,{1:You have} {2:very good taste}.,
talk-compliments-06,Opinions & conversation,Compliments,1,2,{1:Hablas} {2:inglés} {3:perfectamente}.,{1:You speak} {2:English} {3:perfectly}.,
talk-compliments-07,Opinions & conversation,Compliments,1,2,{1:Eres} {2:un genio}.,{1:You're} {2:a genius}.,
talk-compliments-08,Opinions & conversation,Compliments,1,2,{1:Te mereces} {2:el ascenso}.,{1:You deserve} {2:the promotion}.,
talk-compliments-09,Opinions & conversation,Compliments,1,2,"{1:Qué va}, {2:es} {3:muy viejo}.","{1:Oh, no}, {2:it's} {3:really old}.",A typical modest reply to a compliment.
talk-compliments-10,Opinions & conversation,Compliments,1,2,"{1:No} {2:sé} {3:cómo} {4:lo haces}, {5:pero} {6:siempre} {7:te sale} {8:perfecto}.","{2:I do}{1:n't} {2:know} {3:how} {4:you do it}, {5:but} {7:it} {6:always} {7:comes out} {8:perfect}.",
talk-compliments-11,Opinions & conversation,Compliments,2,2,{1:Me impresionó} {2:tu presentación}.,{1:I was impressed by} {2:your presentation}.,
talk-compliments-12,Opinions & conversation,Compliments,2,2,{1:Has salido} {2:genial} {3:en las fotos}.,{1:You look} {2:great} {3:in the photos}.,
talk-compliments-13,Opinions & conversation,Compliments,3,2,{1:Ojalá} {2:yo} {3:supiera} {4:dibujar} {5:así}.,{1:I wish} {2:I} {3:could} {4:draw} {5:like that}.,
talk-compliments-14,Opinions & conversation,Compliments,3,2,{1:Me alegra} que {2:te haya ido} {3:tan bien}.,{1:I'm glad} {2:it went} {3:so well for you}.,
talk-compliments-15,Opinions & conversation,Compliments,3,2,{1:Nadie} {2:lo habría hecho} {3:mejor} {4:que} {5:tú}.,{1:Nobody} {2:could have done it} {3:better} {4:than} {5:you}.,
talk-apologising-01,Opinions & conversation,Apologising,1,1,{1:Lo siento} {2:muchísimo}.,{1:I'm} {2:really} {1:sorry}.,
talk-apologising-02,Opinions & conversation,Apologising,1,2,{1:Me siento fatal} {2:por lo de ayer}.,{1:I feel awful} {2:about yesterday}.,
talk-apologising-03,Opinions & conversation,Apologising,1,2,{1:Te debo} {2:una disculpa}.,{1:I owe you} {2:an apology}.,
talk-apologising-04,Opinions & conversation,Apologising,1,3,{1:Pido disculpas} {2:por las molestias}.,{1:I apologise} {2:for the inconvenience}.,
talk-apologising-05,Opinions & conversation,Apologising,2,1,"{1:Lo siento}, {2:ha sido} {3:culpa mía}.","{1:I'm sorry}, {2:it was} {3:my fault}.",
talk-apologising-06,Opinions & conversation,Apologising,2,1,{1:Te llamé} {2:para pedirte perdón}.,{1:I called you} {2:to say sorry}.,
talk-apologising-07,Opinions & conversation,Apologising,2,1,"{1:No} {2:volverá} {3:a pasar}, {4:te lo prometo}.","{2:It wo}{1:n't} {2:happen} {3:again}, {4:I promise}.",
talk-apologising-08,Opinions & conversation,Apologising,2,2,{1:No} {2:era} {3:mi intención}.,{2:It was}{1:n't} {3:my intention}.,
talk-apologising-09,Opinions & conversation,Apologising,2,2,{1:Se me olvidó} {2:por completo}.,{1:I} {2:completely} {1:forgot}.,
talk-apologising-10,Opinions & conversation,Apologising,2,2,{1:No} {2:quise} {3:ofenderte}.,{2:I did}{1:n't} {2:mean} {3:to offend you}.,
talk-apologising-11,Opinions & conversation,Apologising,2,2,{1:Acepta} {2:mis disculpas}.,{1:Please accept} {2:my apologies}.,
talk-apologising-12,Opinions & conversation,Apologising,2,2,{1:Te pido perdón} {2:por} {3:cómo} {4:te traté}.,{1:I'm sorry} {2:for} {3:the way} {4:I treated you}.,
talk-apologising-13,Opinions & conversation,Apologising,2,3,{1:Metí la pata}.,{1:I put my foot in it}.,
talk-apologising-14,Opinions & conversation,Apologising,3,2,{1:Siento} que {2:hayas tenido que} {3:esperar}.,{1:I'm sorry} {2:you had to} {3:wait}.,
talk-apologising-15,Opinions & conversation,Apologising,3,2,"{1:Si} {2:hubiera sabido} que {3:te molestaba}, {4:no} {5:lo habría dicho}.","{1:If} {2:I'd known} {3:it bothered you}, {5:I would}{4:n't} {5:have said it}.",
talk-clarifying-01,Opinions & conversation,Clarifying,1,2,{1:No} {2:me refiero} {3:a eso}.,{2:I do}{1:n't} {2:mean} {3:that}.,
talk-clarifying-02,Opinions & conversation,Clarifying,1,2,"{1:O sea}, {2:mañana} {3:no} {4:hay} {5:clase}.","{1:In other words}, {4:there's} {3:no} {5:class} {2:tomorrow}.","o sea = 'in other words', very common in speech."
talk-clarifying-03,Opinions & conversation,Clarifying,1,2,{1:Me refiero} {2:al otro}.,{1:I mean} {2:the other one}.,
talk-clarifying-04,Opinions & conversation,Clarifying,1,2,{1:Lo que} {2:quiero decir} {3:es} que {4:es} {5:demasiado caro}.,{1:What} {2:I mean} {3:is} that {4:it's} {5:too expensive}.,
talk-clarifying-05,Opinions & conversation,Clarifying,1,2,"{1:En otras palabras}, {2:hay que} {3:empezar} {4:de nuevo}.","{1:In other words}, {2:we have to} {3:start} {4:again}.",
talk-clarifying-06,Opinions & conversation,Clarifying,2,1,{1:Explícamelo} {2:otra vez}.,{1:Explain it to me} {2:again}.,
talk-clarifying-07,Opinions & conversation,Clarifying,2,1,{1:No} {2:dije} {3:eso}.,{2:I did}{1:n't} {2:say} {3:that}.,
talk-clarifying-08,Opinions & conversation,Clarifying,2,2,{1:Me he expresado mal}.,{1:I didn't put that very well}.,
talk-clarifying-09,Opinions & conversation,Clarifying,2,2,{1:Déjame} {2:explicarlo} {3:de otra forma}.,{1:Let me} {2:explain it} {3:another way}.,
talk-clarifying-10,Opinions & conversation,Clarifying,2,2,{1:Me has entendido mal}.,{1:You've misunderstood me}.,
talk-clarifying-11,Opinions & conversation,Clarifying,2,2,"{1:Cuando} {2:dije} {3:pronto}, {4:no} {5:me refería} {6:a hoy}.","{1:When} {2:I said} {3:soon}, {5:I did}{4:n't} {5:mean} {6:today}.",
talk-clarifying-12,Opinions & conversation,Clarifying,2,3,¿{1:Te importaría} {2:aclararme} {3:a qué} {4:te refieres}?,{1:Would you mind} {2:clarifying} {3:what} {4:you mean}?,
talk-clarifying-13,Opinions & conversation,Clarifying,3,1,¿{1:Quieres que} {2:te lo repita}?,{1:Do you want me} {2:to repeat it}?,
talk-clarifying-14,Opinions & conversation,Clarifying,3,2,{1:No} {2:digo} que {3:sea} {4:mala idea}; {5:solo} {6:digo} que {7:es} {8:arriesgada}.,{2:I'm} {1:not} {2:saying} {3:it's} {4:a bad idea}; {6:I'm} {5:just} {6:saying} {7:it's} {8:risky}.,
talk-clarifying-15,Opinions & conversation,Clarifying,3,2,{1:Para que} {2:quede} {3:claro}: {4:la reunión} {5:es} {6:el jueves}.,{1:Just so} {2:it's} {3:clear}: {4:the meeting} {5:is} {6:on Thursday}.,
nature-countryside-01,Nature & environment,Countryside & animals,1,1,{1:Me encanta} {2:el campo}.,{1:I love} {2:the countryside}.,
nature-countryside-02,Nature & environment,Countryside & animals,1,1,{1:Tenemos} {2:un perro} {3:y} {4:dos gatos}.,{1:We have} {2:a dog} {3:and} {4:two cats}.,
nature-countryside-03,Nature & environment,Countryside & animals,1,1,{1:El río} {2:está} {3:muy limpio}.,{1:The river} {2:is} {3:very clean}.,
nature-countryside-04,Nature & environment,Countryside & animals,1,2,¿{1:Muerde} {2:tu perro}?,{2:Does your dog} {1:bite}?,
nature-countryside-05,Nature & environment,Countryside & animals,1,2,{1:Vamos a} {2:hacer} {3:una ruta} {4:por la montaña}.,{1:We're going to} {2:go on} {3:a hike} {4:in the mountains}.,
nature-countryside-06,Nature & environment,Countryside & animals,1,2,{1:Hay} {2:muchas vacas} {3:en ese campo}.,{1:There are} {2:lots of cows} {3:in that field}.,
nature-countryside-07,Nature & environment,Countryside & animals,1,3,{1:El sendero} {2:está} {3:bien señalizado}.,{1:The path} {2:is} {3:well signposted}.,
nature-countryside-08,Nature & environment,Countryside & animals,2,2,{1:Vimos} {2:un ciervo} {3:en el bosque}.,{1:We saw} {2:a deer} {3:in the woods}.,
nature-countryside-09,Nature & environment,Countryside & animals,2,2,{1:Subimos} {2:hasta la cima} {3:en tres horas}.,{1:We climbed} {2:to the top} {3:in three hours}.,
nature-countryside-10,Nature & environment,Countryside & animals,2,2,{1:Me ha picado} {2:un mosquito}.,{2:A mosquito} {1:has bitten me}.,
nature-countryside-11,Nature & environment,Countryside & animals,2,2,{1:Lleva} {2:al perro} {3:con correa}.,{1:Keep} {2:the dog} {3:on a lead}.,
nature-countryside-12,Nature & environment,Countryside & animals,2,3,{1:Nos refugiamos} {2:de la tormenta} {3:en una cabaña}.,{1:We sheltered} {2:from the storm} {3:in a hut}.,
nature-countryside-13,Nature & environment,Countryside & animals,3,1,{1:No} {2:des de comer} {3:a los animales}.,{1:Don't} {2:feed} {3:the animals}.,
nature-countryside-14,Nature & environment,Countryside & animals,3,2,"{1:Si} {2:hubiéramos salido} {3:más temprano}, {4:habríamos visto} {5:el amanecer}.","{1:If} {2:we'd set off} {3:earlier}, {4:we'd have seen} {5:the sunrise}.",
nature-countryside-15,Nature & environment,Countryside & animals,3,3,"{1:Conviene} que {2:llevéis} {3:botas} {4:de montaña}, {5:porque} {6:el terreno} {7:es} {8:muy irregular}.","{1:It's a good idea} {2:for you all to wear} {4:walking} {3:boots}, {5:because} {6:the ground} {7:is} {8:very uneven}.",
nature-environment-01,Nature & environment,The environment,1,2,{1:Hay que} {2:reciclar}.,{1:We have to} {2:recycle}.,
nature-environment-02,Nature & environment,The environment,1,2,{1:Intento} {2:no} {3:usar} {4:plástico}.,{1:I try} {2:not} {3:to use} {4:plastic}.,
nature-environment-03,Nature & environment,The environment,1,2,{1:Voy} {2:en bici} {3:para contaminar} {4:menos}.,{1:I go} {2:by bike} {3:to pollute} {4:less}.,
nature-environment-04,Nature & environment,The environment,1,2,{1:La contaminación} {2:es} {3:un problema} {4:enorme}.,{1:Pollution} {2:is} {3:a} {4:huge} {3:problem}.,
nature-environment-05,Nature & environment,The environment,1,3,{1:Uso} {2:bolsas} {3:reutilizables}.,{1:I use} {3:reusable} {2:bags}.,
nature-environment-06,Nature & environment,The environment,2,1,{1:Apaga} {2:la luz} {3:al salir}.,{1:Turn off} {2:the light} {3:when you leave}.,
nature-environment-07,Nature & environment,The environment,2,1,{1:Este verano} {2:no} {3:llovió} {4:casi nada}.,{1:This summer} {3:it} {2:barely} {3:rained} {4:at all}.,
nature-environment-08,Nature & environment,The environment,2,2,¿{1:Dónde} {2:se tira} {3:el vidrio}?,{1:Where} {2:does} {3:glass} {2:go}?,
nature-environment-09,Nature & environment,The environment,2,3,{1:Hemos instalado} {2:placas solares}.,{1:We've installed} {2:solar panels}.,
nature-environment-10,Nature & environment,The environment,2,3,{1:Se desperdicia} {2:mucha comida}.,{2:A lot of food} {1:is wasted}.,
nature-environment-11,Nature & environment,The environment,2,3,{1:El nivel del mar} {2:subirá} {3:en las próximas décadas}.,{1:Sea levels} {2:will rise} {3:over the coming decades}.,
nature-environment-12,Nature & environment,The environment,2,3,"{1:Si} {2:no} {3:cambiamos} {4:nuestros hábitos}, {5:las consecuencias} {6:serán} {7:graves}.","{1:If} {3:we do}{2:n't} {3:change} {4:our habits}, {5:the consequences} {6:will be} {7:serious}.",
nature-environment-13,Nature & environment,The environment,3,1,{1:Ojalá} {2:todos} {3:hiciéramos} {4:algo más}.,{1:I wish} {2:we all} {3:did} {4:a bit more}.,
nature-environment-14,Nature & environment,The environment,3,3,{1:Es urgente} que {2:reduzcamos} {3:las emisiones}.,{1:It's urgent} {2:that we cut} {3:emissions}.,
nature-environment-15,Nature & environment,The environment,3,3,{1:No} {2:basta con} que {3:reciclemos}; {4:hay que} {5:consumir} {6:menos}.,{2:It's} {1:not} {2:enough} {3:for us to recycle}; {4:we have to} {5:consume} {6:less}.,
nature-pets-01,Nature & environment,Pets,1,1,{1:Tengo} {2:un perro} {3:y} {4:dos gatos}.,{1:I have} {2:a dog} {3:and} {4:two cats}.,
nature-pets-02,Nature & environment,Pets,1,1,¿{1:Cómo se llama} {2:tu perro}?,{1:What's} {2:your dog's} {1:name}?,
nature-pets-03,Nature & environment,Pets,1,2,{1:Saco} {2:al perro} {3:dos veces al día}.,{1:I take} {2:the dog} {1:out} {3:twice a day}.,
nature-pets-04,Nature & environment,Pets,1,2,{1:Es} {2:muy cariñoso}.,{1:He's} {2:very affectionate}.,
nature-pets-05,Nature & environment,Pets,1,2,{1:No} {2:muerde}.,{2:He does}{1:n't} {2:bite}.,
nature-pets-06,Nature & environment,Pets,1,2,{1:Le estoy enseñando} {2:a sentarse}.,{1:I'm teaching him} {2:to sit}.,
nature-pets-07,Nature & environment,Pets,1,3,{1:Es} {2:alérgico} {3:al pelo de gato}.,{1:He's} {2:allergic} {3:to cat hair}.,
nature-pets-08,Nature & environment,Pets,2,2,¿{1:Puedo} {2:acariciarlo}?,{1:Can I} {2:stroke him}?,
nature-pets-09,Nature & environment,Pets,2,2,{1:Se ha escapado} {2:el gato}.,{2:The cat} {1:has got out}.,
nature-pets-10,Nature & environment,Pets,2,2,¿{1:Te importaría} {2:cuidar} {3:del gato} {4:mientras} {5:estoy fuera}?,{1:Would you mind} {2:looking after} {3:the cat} {4:while} {5:I'm away}?,
nature-pets-11,Nature & environment,Pets,2,3,{1:Lo adoptamos} {2:en una protectora}.,{1:We adopted him} {2:from a rescue centre}.,
nature-pets-12,Nature & environment,Pets,2,3,{1:Ponle} {2:la correa}.,{1:Put} {2:his lead} {1:on}.,
nature-pets-13,Nature & environment,Pets,2,3,"{1:Cuando} {2:era} {3:cachorro}, {4:lo mordía} {5:todo}.","{1:When} {2:he was} {3:a puppy}, {4:he chewed} {5:everything}.",
nature-pets-14,Nature & environment,Pets,3,1,"{1:Si} {2:viviéramos} {3:en una casa} {4:con jardín}, {5:tendríamos} {6:otro perro}.","{1:If} {2:we lived} {3:in a house} {4:with a garden}, {5:we'd have} {6:another dog}.",
nature-pets-15,Nature & environment,Pets,3,2,{1:No} {2:le des} {3:chocolate}; {4:es} {5:tóxico} {6:para los perros}.,{1:Don't} {2:give him} {3:chocolate}; {4:it's} {5:poisonous} {6:for dogs}.,
nature-pets-16,Nature & environment,Pets,3,2,{1:Busco} a {2:alguien} que {3:pueda} {4:pasear} {5:al perro} {6:por las mañanas}.,{1:I'm looking for} {2:someone} {3:who can} {4:walk} {5:the dog} {6:in the mornings}.,
nature-extreme-01,Nature & environment,Extreme weather,1,1,{1:Hace} {2:un calor} {3:horrible}.,{1:It's} {3:horribly} {2:hot}.,
nature-extreme-02,Nature & environment,Extreme weather,1,1,{1:Está} {2:nevando} {3:muchísimo}.,{1:It's} {2:snowing} {3:really heavily}.,
nature-extreme-03,Nature & environment,Extreme weather,1,2,{1:Las carreteras} {2:están} {3:cortadas} {4:por la nieve}.,{1:The roads} {2:are} {3:closed} {4:because of the snow}.,
nature-extreme-04,Nature & environment,Extreme weather,1,3,{1:Hay} {2:alerta} {3:por tormentas}.,{1:There's} {2:a} {3:storm} {2:warning}.,
nature-extreme-05,Nature & environment,Extreme weather,1,3,{1:Hay} {2:una ola de calor}.,{1:There's} {2:a heatwave}.,
nature-extreme-06,Nature & environment,Extreme weather,1,3,{1:Hay} {2:sequía} {3:desde hace meses}.,{1:There's been} {2:a drought} {3:for months}.,
nature-extreme-07,Nature & environment,Extreme weather,2,1,{1:Anoche} {2:hubo} {3:una tormenta} {4:muy fuerte}.,{1:Last night} {2:there was} {3:a} {4:very bad} {3:storm}.,
nature-extreme-08,Nature & environment,Extreme weather,2,2,{1:Se fue} {2:la luz} {3:durante} {4:cinco horas}.,{2:The power} {1:went off} {3:for} {4:five hours}.,
nature-extreme-09,Nature & environment,Extreme weather,2,3,{1:El río} {2:se ha desbordado}.,{1:The river} {2:has burst its banks}.,
nature-extreme-10,Nature & environment,Extreme weather,2,3,{1:El granizo} {2:rompió} {3:el parabrisas}.,{1:The hail} {2:broke} {3:the windscreen}.,
nature-extreme-11,Nature & environment,Extreme weather,2,3,{1:Cayó} {2:un rayo} {3:en el campanario}.,{2:Lightning} {1:struck} {3:the bell tower}.,
nature-extreme-12,Nature & environment,Extreme weather,3,1,{1:No} {2:salgas} {3:con este calor}.,{1:Don't} {2:go out} {3:in this heat}.,
nature-extreme-13,Nature & environment,Extreme weather,3,3,{1:Recomiendan} que {2:no} {3:viajemos} {4:hasta que} {5:pase} {6:el temporal}.,{1:They're advising} {3:us} {2:not} {3:to travel} {4:until} {6:the storm} {5:passes}.,
nature-extreme-14,Nature & environment,Extreme weather,3,3,"{1:Si} {2:hubiéramos salido} {3:una hora antes}, {4:no} {5:nos habría pillado} {6:la nevada}.","{1:If} {2:we'd left} {3:an hour earlier}, {6:the snowstorm} {5:would}{4:n't} {5:have caught us}.",
nature-extreme-15,Nature & environment,Extreme weather,3,3,{1:Es probable} que {2:las temperaturas} {3:superen} {4:los cuarenta grados}.,{1:It's likely} {2:temperatures} {3:will exceed} {4:forty degrees}.,
nature-wildlife-01,Nature & environment,Wildlife,1,2,{1:Aquí} {2:hay} {3:muchos ciervos}.,{2:There are} {3:a lot of deer} {1:here}.,
nature-wildlife-02,Nature & environment,Wildlife,1,2,{1:Ese pájaro} {2:es} {3:un águila}.,{1:That bird} {2:is} {3:an eagle}.,
nature-wildlife-03,Nature & environment,Wildlife,1,2,{1:Esta zona} {2:es} {3:una reserva natural}.,{1:This area} {2:is} {3:a nature reserve}.,
nature-wildlife-04,Nature & environment,Wildlife,1,3,{1:Es} {2:una especie} {3:en peligro de extinción}.,{1:It's} {2:an} {3:endangered} {2:species}.,
nature-wildlife-05,Nature & environment,Wildlife,1,3,{1:Los lobos} {2:viven} {3:en manadas}.,{1:Wolves} {2:live} {3:in packs}.,
nature-wildlife-06,Nature & environment,Wildlife,2,1,"{1:Mira}, {2:un pájaro}.","{1:Look}, {2:a bird}.",
nature-wildlife-07,Nature & environment,Wildlife,2,2,{1:Por la noche} {2:se oyen} {3:los búhos}.,{1:At night} {2:you can hear} {3:the owls}.,
nature-wildlife-08,Nature & environment,Wildlife,2,2,{1:Ayer} {2:vimos} {3:un zorro}.,{1:Yesterday} {2:we saw} {3:a fox}.,
nature-wildlife-09,Nature & environment,Wildlife,2,2,{1:Una serpiente} {2:cruzó} {3:el camino}.,{1:A snake} {2:crossed} {3:the path}.,
nature-wildlife-10,Nature & environment,Wildlife,2,2,{1:No} {2:se puede} {3:dar de comer} {4:a los animales}.,{2:You} {1:mustn't} {3:feed} {4:the animals}.,
nature-wildlife-11,Nature & environment,Wildlife,2,3,{1:Las golondrinas} {2:han vuelto} {3:a anidar} {4:en la torre}.,{1:The swallows} {2:have come back} {3:to nest} {4:in the tower}.,
nature-wildlife-12,Nature & environment,Wildlife,2,3,"{1:Si} {2:no} {3:se protege} {4:su hábitat}, {5:la especie} {6:desaparecerá}.","{1:If} {4:its habitat} {3:is}{2:n't} {3:protected}, {5:the species} {6:will disappear}.",
nature-wildlife-13,Nature & environment,Wildlife,3,2,"{1:No} {2:hagas} {3:ruido}, que {4:se van a asustar}.","{1:Don't} {2:make} {3:a noise}, {4:or they'll get scared}.",
nature-wildlife-14,Nature & environment,Wildlife,3,2,{1:Es increíble} que {2:haya} {3:osos} {4:tan cerca} {5:del pueblo}.,{1:It's amazing} {2:there are} {3:bears} {4:so close} {5:to the village}.,
nature-wildlife-15,Nature & environment,Wildlife,3,3,{1:Los guardas} {2:nos pidieron} que {3:mantuviéramos} {4:la distancia} {5:con los animales}.,{1:The rangers} {2:asked us} {3:to keep} {4:our distance} {5:from the animals}.,
nature-coast-01,Nature & environment,The coast,1,1,{1:El mar} {2:está} {3:muy tranquilo}.,{1:The sea} {2:is} {3:very calm}.,
nature-coast-02,Nature & environment,The coast,1,1,{1:Huele} {2:a mar}.,{1:It smells} {2:of the sea}.,
nature-coast-03,Nature & environment,The coast,1,2,{1:La costa} {2:es} {3:muy rocosa} {4:por aquí}.,{1:The coast} {2:is} {3:very rocky} {4:around here}.,
nature-coast-04,Nature & environment,The coast,1,3,{1:La marea} {2:está} {3:baja}.,{1:The tide} {2:is} {3:out}.,
nature-coast-05,Nature & environment,The coast,1,3,{1:Me encanta} {2:pasear} {3:por los acantilados}.,{1:I love} {2:walking} {3:along the cliffs}.,
nature-coast-06,Nature & environment,The coast,1,3,{1:Ondea} {2:la bandera roja}.,{2:The red flag} {1:is flying}.,
nature-coast-07,Nature & environment,The coast,2,2,{1:Vimos} {2:delfines} {3:desde el barco}.,{1:We saw} {2:dolphins} {3:from the boat}.,
nature-coast-08,Nature & environment,The coast,2,2,{1:Fuimos} {2:a ver} {3:el faro}.,{1:We went} {2:to see} {3:the lighthouse}.,
nature-coast-09,Nature & environment,The coast,2,3,{1:La corriente} {2:me arrastró} {3:mar adentro}.,{1:The current} {2:dragged me} {3:out to sea}.,
nature-coast-10,Nature & environment,The coast,2,3,{1:Recogimos} {2:conchas} {3:en la orilla}.,{1:We collected} {2:shells} {3:on the shore}.,
nature-coast-11,Nature & environment,The coast,3,2,{1:No} {2:te alejes} {3:de la orilla}.,{1:Don't} {2:go} {3:far from the shore}.,
nature-coast-12,Nature & environment,The coast,3,3,{1:Es peligroso} que {2:te bañes} {3:con bandera roja}.,{1:It's dangerous} {2:to swim} {3:when the red flag is up}.,
nature-coast-13,Nature & environment,The coast,3,3,"{1:Cuando} {2:baje} {3:la marea}, {4:podremos} {5:llegar} {6:a la cueva}.","{1:When} {3:the tide} {2:goes out}, {4:we'll be able to} {5:get} {6:to the cave}.",
nature-coast-14,Nature & environment,The coast,3,3,"{1:Si} {2:no} {3:hubiera sido} {4:por el socorrista}, {5:se habría ahogado}.","{1:If} {3:it had}{2:n't} {3:been} {4:for the lifeguard}, {5:he'd have drowned}.",
nature-recycling-01,Nature & environment,Recycling & waste,1,1,¿{1:Dónde} {2:tiro} {3:esto}?,{1:Where} {2:do I put} {3:this}?,
nature-recycling-02,Nature & environment,Recycling & waste,1,2,{1:El cartón} {2:va} {3:en el contenedor azul}.,{1:Cardboard} {2:goes} {3:in the blue bin}.,
nature-recycling-03,Nature & environment,Recycling & waste,1,2,{1:Separamos} {2:la basura} {3:en casa}.,{1:We sort} {2:the rubbish} {3:at home}.,
nature-recycling-04,Nature & environment,Recycling & waste,1,2,{1:Llevo} {2:mis propias bolsas} {3:al súper}.,{1:I take} {2:my own bags} {3:to the supermarket}.,
nature-recycling-05,Nature & environment,Recycling & waste,1,2,{1:Hoy} {2:no} {3:pasa} {4:el camión de la basura}.,{4:The bin lorry} {3:does}{2:n't} {3:come} {1:today}.,
nature-recycling-06,Nature & environment,Recycling & waste,1,3,{1:Los envases} {2:van} {3:aparte}.,{1:Packaging} {2:goes} {3:separately}.,
nature-recycling-07,Nature & environment,Recycling & waste,1,3,{1:Hago} {2:compost} {3:con los restos de comida}.,{1:I make} {2:compost} {3:from food scraps}.,
nature-recycling-08,Nature & environment,Recycling & waste,2,2,{1:Han prohibido} {2:las bolsas de plástico}.,{1:They've banned} {2:plastic bags}.,
nature-recycling-09,Nature & environment,Recycling & waste,2,2,{1:Antes} {2:no} {3:reciclábamos} {4:nada}.,"{1:Before}, {3:we did}{2:n't} {3:recycle} {4:anything}.",
nature-recycling-10,Nature & environment,Recycling & waste,2,3,{1:Lleva} {2:las pilas} {3:al punto limpio}.,{1:Take} {2:the batteries} {3:to the recycling centre}.,
nature-recycling-11,Nature & environment,Recycling & waste,2,3,{1:Reutilicé} {2:los tarros} {3:para guardar especias}.,{1:I reused} {2:the jars} {3:to keep spices in}.,
nature-recycling-12,Nature & environment,Recycling & waste,3,2,{1:No} {2:tires} {3:el aceite} {4:por el fregadero}.,{1:Don't} {2:pour} {3:oil} {4:down the sink}.,
nature-recycling-13,Nature & environment,Recycling & waste,3,2,"{1:Si} {2:todos} {3:recicláramos}, {4:habría} {5:mucha menos basura}.","{1:If} {2:everyone} {3:recycled}, {4:there'd be} {5:much less rubbish}.",
nature-recycling-14,Nature & environment,Recycling & waste,3,3,{1:Es importante} que {2:aclaremos} {3:los envases} {4:antes de reciclarlos}.,{1:It's important} {2:that we rinse} {3:containers} {4:before recycling them}.,
nature-recycling-15,Nature & environment,Recycling & waste,3,3,{1:Exigen} que {2:se reduzca} {3:el plástico} {4:de un solo uso}.,{1:They're demanding} {2:a reduction in} {4:single-use} {3:plastic}.,
nature-landscape-01,Nature & environment,Landscapes & mountains,1,1,{1:La montaña} {2:es} {3:muy alta}.,{1:The mountain} {2:is} {3:very high}.,
nature-landscape-02,Nature & environment,Landscapes & mountains,1,1,{1:Hace} {2:mucho viento} {3:aquí arriba}.,{1:It's} {2:very windy} {3:up here}.,
nature-landscape-03,Nature & environment,Landscapes & mountains,1,2,{1:Hay} {2:nieve} {3:en las cumbres}.,{1:There's} {2:snow} {3:on the peaks}.,
nature-landscape-04,Nature & environment,Landscapes & mountains,1,2,{1:El río} {2:pasa} {3:por el pueblo}.,{1:The river} {2:runs} {3:through the village}.,
nature-landscape-05,Nature & environment,Landscapes & mountains,1,2,{1:El paisaje} {2:es} {3:impresionante}.,{1:The landscape} {2:is} {3:stunning}.,
nature-landscape-06,Nature & environment,Landscapes & mountains,1,3,{1:Es} {2:una zona} {3:muy árida}.,{1:It's} {2:a} {3:very dry} {2:area}.,
nature-landscape-07,Nature & environment,Landscapes & mountains,1,3,{1:El volcán} {2:está} {3:dormido}.,{1:The volcano} {2:is} {3:dormant}.,
nature-landscape-08,Nature & environment,Landscapes & mountains,2,2,{1:Desde aquí} {2:se ve} {3:todo el valle}.,{1:From here} {2:you can see} {3:the whole valley}.,
nature-landscape-09,Nature & environment,Landscapes & mountains,2,2,{1:Subimos} {2:hasta la cima}.,{1:We climbed} {2:to the top}.,
nature-landscape-10,Nature & environment,Landscapes & mountains,2,2,{1:Bajamos} {2:por un sendero} {3:muy estrecho}.,{1:We came down} {2:a} {3:very narrow} {2:path}.,
nature-landscape-11,Nature & environment,Landscapes & mountains,2,2,{1:El lago} {2:se formó} {3:hace miles de años}.,{1:The lake} {2:formed} {3:thousands of years ago}.,
nature-landscape-12,Nature & environment,Landscapes & mountains,2,2,{1:Desde arriba} {2:se veía} {3:el mar}.,{1:From the top} {2:you could see} {3:the sea}.,
nature-landscape-13,Nature & environment,Landscapes & mountains,2,3,{1:Cruzamos} {2:un puente colgante}.,{1:We crossed} {2:a suspension bridge}.,
nature-landscape-14,Nature & environment,Landscapes & mountains,3,1,{1:No} {2:os salgáis} {3:del sendero}.,{1:Don't} {2:stray} {3:from the trail}.,
nature-landscape-15,Nature & environment,Landscapes & mountains,3,2,"{1:Si} {2:hubiera} {3:menos niebla}, {4:veríamos} {5:los picos}.","{1:If} {2:there were} {3:less fog}, {4:we'd see} {5:the peaks}.",
nature-landscape-16,Nature & environment,Landscapes & mountains,3,2,"{1:Cuando} {2:lleguemos} {3:al mirador}, {4:descansaremos} {5:un rato}.","{1:When} {2:we get} {3:to the viewpoint}, {4:we'll rest} {5:for a while}.",
nature-landscape-17,Nature & environment,Landscapes & mountains,3,3,{1:Es increíble} que {2:haya} {3:tanta vegetación} {4:en el desierto}.,{1:It's incredible} {2:there's} {3:so much vegetation} {4:in the desert}.,
culture-customs-01,Culture & customs,Customs & festivals,1,1,{1:Hay} {2:una fiesta} {3:en el pueblo} {4:esta semana}.,{1:There's} {2:a festival} {3:in the town} {4:this week}.,
culture-customs-02,Culture & customs,Customs & festivals,1,2,{1:Mañana} {2:es} {3:festivo}.,{1:Tomorrow} {2:is} {3:a bank holiday}.,
culture-customs-03,Culture & customs,Customs & festivals,1,2,{1:Es} {2:una tradición} {3:muy antigua}.,{1:It's} {2:a} {3:very old} {2:tradition}.,
culture-customs-04,Culture & customs,Customs & festivals,1,2,{1:La gente} {2:se viste} {3:de blanco}.,{1:People} {2:dress} {3:in white}.,
culture-customs-05,Culture & customs,Customs & festivals,1,2,{1:Los niños} {2:reciben} {3:regalos} {4:el seis de enero}.,{1:Children} {2:get} {3:presents} {4:on the sixth of January}.,Three Kings' Day (Reyes) is the big present day in Spain and Mexico.
culture-customs-06,Culture & customs,Customs & festivals,1,2,{1:En mi país} {2:es} {3:de mala educación} {4:llegar tarde}.,{1:In my country} {2:it's} {3:rude} {4:to be late}.,
culture-customs-07,Culture & customs,Customs & festivals,2,1,{1:Aquí} {2:se cena} {3:muy tarde}.,{1:Here} {2:people have dinner} {3:very late}.,Impersonal se: 'one has dinner'.
culture-customs-08,Culture & customs,Customs & festivals,2,1,¿{1:Cómo} {2:se celebra} {3:aquí} {4:la Navidad}?,{1:How} {2:do people celebrate} {4:Christmas} {3:here}?,
culture-customs-09,Culture & customs,Customs & festivals,2,1,{1:Antes} {2:la gente} {3:se casaba} {4:más joven}.,"{1:In the past}, {2:people} {3:used to get married} {4:younger}.",
culture-customs-10,Culture & customs,Customs & festivals,2,2,{1:El año pasado} {2:fuimos} {3:a ver} {4:los fuegos artificiales}.,{1:Last year} {2:we went} {3:to see} {4:the fireworks}.,
culture-customs-11,Culture & customs,Customs & festivals,2,2,¿{1:Se suele} {2:dar} {3:propina} {4:aquí}?,{1:Do people usually} {2:leave} {3:a tip} {4:here}?,soler + infinitive = to usually do.
culture-customs-12,Culture & customs,Customs & festivals,3,1,{1:Me sorprende} que {2:aquí} {3:la gente} {4:coma} {5:tan tarde}.,{1:I'm surprised} {3:people} {4:eat} {5:so late} {2:here}.,
culture-customs-13,Culture & customs,Customs & festivals,3,2,"{1:Cuando} {2:vayas} {3:a casa de alguien}, {4:lleva} {5:algo} {6:de postre}.","{1:When} {2:you go} {3:to someone's house}, {4:take} {5:something} {6:for dessert}.",
culture-customs-14,Culture & customs,Customs & festivals,3,2,{1:No} {2:es} {3:obligatorio} que {4:te quites} {5:los zapatos}.,{2:It is}{1:n't} {3:compulsory} {4:for you to take} {5:your shoes} {4:off}.,
culture-customs-15,Culture & customs,Customs & festivals,3,3,"{1:Aunque} {2:no} {3:seas} {4:creyente}, {5:merece la pena} {6:ver} {7:la procesión}.","{1:Even if} {3:you're} {2:not} {4:religious}, {5:it's worth} {6:seeing} {7:the procession}.",
culture-art-01,Culture & customs,Art & museums,1,1,¿{1:Cuánto} {2:cuesta} {3:la entrada} {4:al museo}?,{1:How much} {2:is} {3:a ticket} {4:for the museum}?,
culture-art-02,Culture & customs,Art & museums,1,1,{1:Me encanta} {2:este cuadro}.,{1:I love} {2:this painting}.,
culture-art-03,Culture & customs,Art & museums,1,2,¿{1:Dónde} {2:está} {3:la sala} {4:de Picasso}?,{1:Where}{2:'s} {3:the} {4:Picasso} {3:room}?,
culture-art-04,Culture & customs,Art & museums,1,2,{1:La exposición} {2:termina} {3:el domingo}.,{1:The exhibition} {2:ends} {3:on Sunday}.,
culture-art-05,Culture & customs,Art & museums,1,3,{1:Es} {2:una obra} {3:del siglo XVII}.,{1:It's} {2:a work} {3:from the seventeenth century}.,
culture-art-06,Culture & customs,Art & museums,1,3,{1:Prefiero} {2:el arte abstracto}.,{1:I prefer} {2:abstract art}.,
culture-art-07,Culture & customs,Art & museums,2,2,¿{1:Se puede} {2:usar} {3:el flash}?,{1:Can you} {2:use} {3:flash}?,
culture-art-08,Culture & customs,Art & museums,2,2,{1:Lo pintó} {2:un artista desconocido}.,{2:An unknown artist} {1:painted it}.,
culture-art-09,Culture & customs,Art & museums,2,2,{1:Este cuadro} {2:fue pintado} {3:en 1890}.,{1:This picture} {2:was painted} {3:in 1890}.,
culture-art-10,Culture & customs,Art & museums,2,2,{1:Hicimos} {2:una visita guiada}.,{1:We did} {2:a guided tour}.,
culture-art-11,Culture & customs,Art & museums,2,3,{1:El museo} {2:fue restaurado} {3:hace poco}.,{1:The museum} {2:was restored} {3:recently}.,
culture-art-12,Culture & customs,Art & museums,2,3,{1:No} {2:entiendo} {3:qué} {4:quiso} {5:expresar} {6:el artista}.,{2:I do}{1:n't} {2:understand} {3:what} {6:the artist} {4:was trying} {5:to express}.,
culture-art-13,Culture & customs,Art & museums,3,2,"{1:No} {2:toquen} {3:las obras}, {4:por favor}.","{1:Don't} {2:touch} {3:the works}, {4:please}.",
culture-art-14,Culture & customs,Art & museums,3,2,{1:Me sorprende} que {2:la entrada} {3:sea} {4:gratuita}.,{1:I'm surprised} {2:entry} {3:is} {4:free}.,
culture-art-15,Culture & customs,Art & museums,3,2,"{1:Por mucho que} {2:lo mire}, {3:no} {4:le veo} {5:la gracia}.","{1:However much} {2:I look at it}, {4:I can}{3:'t} {4:see} {5:the appeal}.",
culture-art-16,Culture & customs,Art & museums,3,3,"{1:Si} {2:no} {3:lo hubieran restaurado}, {4:el fresco} {5:se habría perdido}.","{1:If} {3:they had}{2:n't} {3:restored it}, {4:the fresco} {5:would have been lost}.",
culture-history-01,Culture & customs,History,1,1,{1:Esta ciudad} {2:es} {3:muy antigua}.,{1:This city} {2:is} {3:very old}.,
culture-history-02,Culture & customs,History,1,1,{1:Me interesa} {2:mucho} {3:la historia}.,{1:I'm} {2:very} {1:interested in} {3:history}.,
culture-history-03,Culture & customs,History,1,2,{1:La catedral} {2:es} {3:del siglo XVI}.,{1:The cathedral} {2:dates} {3:from the sixteenth century}.,
culture-history-04,Culture & customs,History,1,3,{1:Aquí} {2:hay} {3:restos} {4:arqueológicos}.,{2:There are} {4:archaeological} {3:remains} {1:here}.,
culture-history-05,Culture & customs,History,2,2,{1:La ciudad} {2:fue fundada} {3:hace} {4:dos mil años}.,{1:The city} {2:was founded} {4:two thousand years} {3:ago}.,
culture-history-06,Culture & customs,History,2,2,{1:Aquí} {2:vivía} {3:el rey} {4:en verano}.,{3:The king} {2:used to live} {1:here} {4:in summer}.,
culture-history-07,Culture & customs,History,2,2,{1:La guerra} {2:duró} {3:tres años}.,{1:The war} {2:lasted} {3:three years}.,
culture-history-08,Culture & customs,History,2,2,{1:El edificio} {2:se construyó} {3:en el siglo XVIII}.,{1:The building} {2:was built} {3:in the eighteenth century}.,
culture-history-09,Culture & customs,History,2,2,{1:Me pregunto} {2:cómo} {3:vivía} {4:la gente} {5:en aquella época}.,{1:I wonder} {2:how} {4:people} {3:lived} {5:back then}.,
culture-history-10,Culture & customs,History,2,3,"{1:Durante} {2:la guerra}, {3:muchos} {4:tuvieron que} {5:exiliarse}.","{1:During} {2:the war}, {3:many people} {4:had to} {5:go into exile}.",
culture-history-11,Culture & customs,History,2,3,{1:La batalla} {2:tuvo lugar} {3:en esta llanura}.,{1:The battle} {2:took place} {3:on this plain}.,
culture-history-12,Culture & customs,History,3,3,"{1:Antes de que} {2:se construyera} {3:la muralla}, {4:la ciudad} {5:era} {6:muy vulnerable}.","{1:Before} {3:the wall} {2:was built}, {4:the city} {5:was} {6:very vulnerable}.",
culture-history-13,Culture & customs,History,3,3,{1:Es increíble} que {2:este puente} {3:siga} {4:en pie} {5:después de tantos siglos}.,{1:It's incredible} {2:this bridge} {3:is still} {4:standing} {5:after so many centuries}.,
culture-history-14,Culture & customs,History,3,3,"{1:Si} {2:no} {3:se hubiera descubierto} {4:la tumba}, no {5:sabríamos} {6:casi nada} {7:de esta civilización}.","{1:If} {4:the tomb} {3:had}{2:n't} {3:been discovered}, {5:we'd know} {6:almost nothing} {7:about this civilisation}.",
culture-history-15,Culture & customs,History,3,3,{1:El guía} {2:nos explicó} que {3:la catedral} {4:se había construido} {5:sobre un templo antiguo}.,{1:The guide} {2:explained} that {3:the cathedral} {4:had been built} {5:on top of an ancient temple}.,
culture-music-01,Culture & customs,Music & dance,1,1,¿{1:Qué música} {2:te gusta}?,{1:What music} {2:do you like}?,
culture-music-02,Culture & customs,Music & dance,1,1,{1:Toco} {2:la guitarra}.,{1:I play} {2:the guitar}.,
culture-music-03,Culture & customs,Music & dance,1,1,{1:No} {2:sé} {3:bailar}.,{2:I can}{1:'t} {3:dance}.,saber + infinitive = to know how to do something.
culture-music-04,Culture & customs,Music & dance,1,1,¿{1:Bailamos}?,{1:Shall we dance}?,
culture-music-05,Culture & customs,Music & dance,1,2,{1:Me encanta} {2:la música} {3:en directo}.,{1:I love} {3:live} {2:music}.,
culture-music-06,Culture & customs,Music & dance,1,2,{1:Esta canción} {2:me pone} {3:de buen humor}.,{1:This song} {2:puts me} {3:in a good mood}.,
culture-music-07,Culture & customs,Music & dance,1,2,{1:El concierto} {2:empieza} {3:a las nueve}.,{1:The concert} {2:starts} {3:at nine}.,
culture-music-08,Culture & customs,Music & dance,1,3,{1:El cantante} {2:desafina} {3:un poco}.,{1:The singer} {2:is} {3:a bit} {2:out of tune}.,
culture-music-09,Culture & customs,Music & dance,2,1,{1:Fuimos} {2:a un concierto} {3:el sábado}.,{1:We went} {2:to a concert} {3:on Saturday}.,
culture-music-10,Culture & customs,Music & dance,2,2,{1:Aprendí} {2:a bailar salsa} {3:de joven}.,{1:I learnt} {2:to dance salsa} {3:when I was young}.,
culture-music-11,Culture & customs,Music & dance,2,2,{1:Las entradas} {2:se agotaron} {3:en una hora}.,{1:The tickets} {2:sold out} {3:in an hour}.,
culture-music-12,Culture & customs,Music & dance,2,2,{1:Llevo} {2:años} {3:tocando} {4:en un grupo}.,{1:I've been} {3:playing} {4:in a band} {1:for} {2:years}.,
culture-music-13,Culture & customs,Music & dance,3,1,No {1:hay} {2:nada} que {3:me guste} {4:más} que {5:bailar}.,{1:There's} {2:nothing} {3:I like} {4:more} than {5:dancing}.,
culture-music-14,Culture & customs,Music & dance,3,2,"{1:Cuando} {2:empiece} {3:la música}, {4:sal} {5:a bailar}.","{1:When} {3:the music} {2:starts}, {4:get up} {5:and dance}.",
culture-music-15,Culture & customs,Music & dance,3,2,{1:Me habría encantado} {2:ver} a {3:ese grupo} {4:en directo}.,{1:I'd have loved} {2:to see} {3:that band} {4:live}.,
culture-music-16,Culture & customs,Music & dance,3,2,"{1:Si} {2:hubiera seguido} {3:con el piano}, {4:ahora} {5:tocaría} {6:muy bien}.","{1:If} {2:I'd kept up} {3:the piano}, {5:I'd play} {6:really well} {4:now}.",
culture-festivals-01,Culture & customs,Festivals & fiestas,1,1,{1:Hoy} {2:es} {3:la fiesta} {4:del pueblo}.,{1:Today} {2:is} {4:the village} {3:festival}.,
culture-festivals-02,Culture & customs,Festivals & fiestas,1,1,{1:Las calles} {2:están} {3:llenas de gente}.,{1:The streets} {2:are} {3:full of people}.,
culture-festivals-03,Culture & customs,Festivals & fiestas,1,2,{1:Hay} {2:fuegos artificiales} {3:esta noche}.,{1:There are} {2:fireworks} {3:tonight}.,
culture-festivals-04,Culture & customs,Festivals & fiestas,1,2,¿{1:Cuándo} {2:empieza} {3:el desfile}?,{1:When} {2:does} {3:the parade} {2:start}?,
culture-festivals-05,Culture & customs,Festivals & fiestas,1,3,{1:La procesión} {2:pasa} {3:por esta calle}.,{1:The procession} {2:goes} {3:along this street}.,
culture-festivals-06,Culture & customs,Festivals & fiestas,1,3,{1:Todo el pueblo} {2:se disfraza}.,{1:The whole town} {2:dresses up}.,
culture-festivals-07,Culture & customs,Festivals & fiestas,2,2,{1:Fuimos} {2:a la feria} {3:del pueblo}.,{1:We went} {2:to the} {3:village} {2:fair}.,
culture-festivals-08,Culture & customs,Festivals & fiestas,2,2,{1:Bailamos} {2:en la plaza} {3:hasta el amanecer}.,{1:We danced} {2:in the square} {3:until dawn}.,
culture-festivals-09,Culture & customs,Festivals & fiestas,2,2,{1:Me disfracé} {2:de pirata} {3:para el carnaval}.,{1:I dressed up} {2:as a pirate} {3:for the carnival}.,
culture-festivals-10,Culture & customs,Festivals & fiestas,2,2,"{1:Si} {2:vienes} {3:en agosto}, {4:podrás ver} {5:las fiestas}.","{1:If} {2:you come} {3:in August}, {4:you'll be able to see} {5:the festival}.",
culture-festivals-11,Culture & customs,Festivals & fiestas,2,3,{1:Se celebra} {2:desde la Edad Media}.,{1:It's been celebrated} {2:since the Middle Ages}.,Spanish uses the present with desde for something still going on.
culture-festivals-12,Culture & customs,Festivals & fiestas,3,2,{1:No} {2:te pierdas} {3:los fuegos artificiales}.,{1:Don't} {2:miss} {3:the fireworks}.,
culture-festivals-13,Culture & customs,Festivals & fiestas,3,2,{1:Es mejor} que {2:lleguemos} {3:pronto} {4:para coger sitio}.,{1:It's better} {2:if we get there} {3:early} {4:to get a good spot}.,
culture-festivals-14,Culture & customs,Festivals & fiestas,3,2,"{1:Aunque} {2:haya} {3:mucha gente}, {4:merece la pena} {5:vivirlo} {6:una vez}.","{1:Even though} {2:there are} {3:huge crowds}, {4:it's worth} {5:experiencing it} {6:once}.",
culture-cinema-01,Culture & customs,Cinema & theatre,1,1,{1:Prefiero} {2:las comedias}.,{1:I prefer} {2:comedies}.,
culture-cinema-02,Culture & customs,Cinema & theatre,1,2,"{1:Dos entradas} {2:para la sesión} {3:de las ocho}, {4:por favor}.","{1:Two tickets} {2:for the} {3:eight o'clock} {2:showing}, {4:please}.",
culture-cinema-03,Culture & customs,Cinema & theatre,1,2,¿{1:Quién} {2:sale} {3:en la película}?,{1:Who}{2:'s} {3:in the film}?,
culture-cinema-04,Culture & customs,Cinema & theatre,1,2,{1:La obra} {2:dura} {3:dos horas}.,{1:The play} {2:lasts} {3:two hours}.,
culture-cinema-05,Culture & customs,Cinema & theatre,1,2,{1:Está} {2:basada en} {3:una novela}.,{1:It's} {2:based on} {3:a novel}.,
culture-cinema-06,Culture & customs,Cinema & theatre,1,3,{1:Tenemos} {2:butacas} {3:en primera fila}.,{1:We've got} {2:seats} {3:in the front row}.,
culture-cinema-07,Culture & customs,Cinema & theatre,2,2,{1:Me dormí} {2:a mitad de la película}.,{1:I fell asleep} {2:halfway through the film}.,
culture-cinema-08,Culture & customs,Cinema & theatre,2,2,{1:El final} {2:me sorprendió} {3:muchísimo}.,{1:The ending} {2:surprised me} {3:enormously}.,
culture-cinema-09,Culture & customs,Cinema & theatre,2,3,{1:Ganó} {2:el Óscar} {3:a la mejor actriz}.,{1:She won} {2:the Oscar} {3:for best actress}.,
culture-cinema-10,Culture & customs,Cinema & theatre,2,3,{1:El director} {2:rodó} {3:la película} {4:en el desierto}.,{1:The director} {2:shot} {3:the film} {4:in the desert}.,
culture-cinema-11,Culture & customs,Cinema & theatre,3,1,{1:No} {2:me cuentes} {3:cómo} {4:termina}.,{1:Don't} {2:tell me} {3:how} {4:it ends}.,
culture-cinema-12,Culture & customs,Cinema & theatre,3,2,{1:Me sorprendió} que {2:los actores} {3:fueran} {4:tan jóvenes}.,{1:I was surprised} {2:the actors} {3:were} {4:so young}.,
culture-cinema-13,Culture & customs,Cinema & theatre,3,2,"{1:Si} {2:hubiera leído} {3:el libro} {4:antes}, {5:habría entendido} {6:mejor} {7:la película}.","{1:If} {2:I'd read} {3:the book} {4:first}, {5:I'd have understood} {7:the film} {6:better}.",
culture-cinema-14,Culture & customs,Cinema & theatre,3,3,{1:No} {2:creo} que {3:sea} {4:apta} {5:para niños}.,{2:I do}{1:n't} {2:think} {3:it's} {4:suitable} {5:for children}.,
culture-books-01,Culture & customs,Books & reading,1,1,{1:Me encanta} {2:leer}.,{1:I love} {2:reading}.,
culture-books-02,Culture & customs,Books & reading,1,1,{1:Este libro} {2:es} {3:muy largo}.,{1:This book} {2:is} {3:very long}.,
culture-books-03,Culture & customs,Books & reading,1,1,{1:Leo} {2:antes de dormir}.,{1:I read} {2:before going to sleep}.,
culture-books-04,Culture & customs,Books & reading,1,2,{1:Es} {2:una novela} {3:policíaca}.,{1:It's} {2:a} {3:detective} {2:novel}.,
culture-books-05,Culture & customs,Books & reading,1,2,{1:Prefiero} {2:los libros en papel}.,{1:I prefer} {2:printed books}.,
culture-books-06,Culture & customs,Books & reading,1,3,{1:Estoy en} {2:un club de lectura}.,{1:I'm in} {2:a book club}.,
culture-books-07,Culture & customs,Books & reading,1,3,{1:El protagonista} {2:es} {3:un detective} {4:retirado}.,{1:The main character} {2:is} {3:a} {4:retired} {3:detective}.,
culture-books-08,Culture & customs,Books & reading,2,1,{1:Lo terminé} {2:en dos días}.,{1:I finished it} {2:in two days}.,
culture-books-09,Culture & customs,Books & reading,2,1,{1:Es} {2:el mejor libro} que {3:he leído} {4:este año}.,{1:It's} {2:the best book} {3:I've read} {4:this year}.,
culture-books-10,Culture & customs,Books & reading,2,2,{1:Saqué} {2:tres libros} {3:de la biblioteca}.,{1:I borrowed} {2:three books} {3:from the library}.,
culture-books-11,Culture & customs,Books & reading,2,2,{1:Me lo recomendó} {2:una amiga}.,{2:A friend} {1:recommended it to me}.,
culture-books-12,Culture & customs,Books & reading,2,2,{1:La autora} {2:ha escrito} {3:más de veinte novelas}.,{1:The author} {2:has written} {3:more than twenty novels}.,
culture-books-13,Culture & customs,Books & reading,2,3,{1:No} {2:pude} {3:dejarlo} {4:hasta que} {5:lo terminé}.,{2:I could}{1:n't} {3:put it down} {4:until} {5:I'd finished it}.,
culture-books-14,Culture & customs,Books & reading,3,2,{1:Préstamelo} {2:cuando} {3:lo termines}.,{1:Lend it to me} {2:when} {3:you've finished it}.,
culture-books-15,Culture & customs,Books & reading,3,3,"{1:Aunque} {2:el principio} {3:sea} {4:lento}, {5:no} {6:lo dejes}.","{1:Even if} {2:the beginning} {3:is} {4:slow}, {6:do}{5:n't} {6:give up on it}.",
culture-language-01,Culture & customs,Accents & regional language,1,1,{1:Tienes} {2:acento} {3:inglés}.,{1:You have} {2:an} {3:English} {2:accent}.,
culture-language-02,Culture & customs,Accents & regional language,1,1,{1:Aquí} {2:hablan} {3:muy rápido}.,{2:People speak} {3:very fast} {1:here}.,
culture-language-03,Culture & customs,Accents & regional language,1,2,¿{1:De dónde} {2:es} {3:ese acento}?,{1:Where}{2:'s} {3:that accent} {2:from}?,
culture-language-04,Culture & customs,Accents & regional language,1,2,{1:En cada región} {2:hay} {3:expresiones} {4:distintas}.,{2:There are} {4:different} {3:expressions} {1:in every region}.,
culture-language-05,Culture & customs,Accents & regional language,1,3,{1:Es} {2:un dialecto} {3:muy cerrado}.,{1:It's} {2:a} {3:very broad} {2:dialect}.,
culture-language-06,Culture & customs,Accents & regional language,1,3,{1:Me hace gracia} {2:cómo} {3:pronunciáis} {4:la zeta}.,{1:I find it funny} {2:how} {3:you pronounce} {4:the z}.,
culture-language-07,Culture & customs,Accents & regional language,2,2,{1:Esa palabra} {2:no} {3:se usa} {4:aquí}.,{1:That word} {3:is}{2:n't} {3:used} {4:here}.,
culture-language-08,Culture & customs,Accents & regional language,2,2,{1:Aquí} {2:se habla} {3:otra lengua} {4:también}.,{3:Another language} {2:is spoken} {1:here} {4:too}.,
culture-language-09,Culture & customs,Accents & regional language,2,2,{1:No} {2:entendí} {3:el chiste}.,{2:I did}{1:n't} {2:get} {3:the joke}.,
culture-language-10,Culture & customs,Accents & regional language,2,2,{1:Al principio} {2:me costaba} {3:entender} {4:el acento}.,{1:At first} {2:I found it hard} {3:to understand} {4:the accent}.,
culture-language-11,Culture & customs,Accents & regional language,2,2,{1:Esa expresión} {2:me la enseñó} {3:un amigo} {4:de aquí}.,{3:A friend} {4:from here} {2:taught me} {1:that expression}.,
culture-language-12,Culture & customs,Accents & regional language,2,3,{1:Me corrigieron} {2:la pronunciación} {3:de la erre}.,{1:They corrected} {2:my pronunciation} {3:of the rolled r}.,
culture-language-13,Culture & customs,Accents & regional language,3,2,¿{1:Te importa} que {2:te hable} {3:de tú}?,{1:Do you mind} {2:if I call you} {3:tú}?,hablar de tú = to use the informal 'you'.
culture-language-14,Culture & customs,Accents & regional language,3,2,"{1:Si} {2:viviera} {3:aquí} {4:más tiempo}, {5:acabaría} {6:hablando} {7:como} {8:vosotros}.","{1:If} {2:I lived} {3:here} {4:longer}, {5:I'd end up} {6:talking} {7:like} {8:you}.",
culture-language-15,Culture & customs,Accents & regional language,3,2,"{1:Aunque} {2:hablemos} {3:el mismo idioma}, {4:a veces} {5:no} {6:nos entendemos}.","{1:Even though} {2:we speak} {3:the same language}, {4:sometimes} {6:we do}{5:n't} {6:understand each other}.",
errands-post-01,Services & errands,At the post office,1,1,¿{1:Cuánto} {2:cuesta} {3:enviar} {4:una carta}?,{1:How much} {2:does it cost} {3:to send} {4:a letter}?,
errands-post-02,Services & errands,At the post office,1,2,{1:Quiero} {2:enviar} {3:este paquete} {4:a Inglaterra}.,{1:I'd like} {2:to send} {3:this parcel} {4:to England}.,
errands-post-03,Services & errands,At the post office,1,2,{1:Necesito} {2:sellos} {3:para Europa}.,{1:I need} {2:stamps} {3:for Europe}.,
errands-post-04,Services & errands,At the post office,1,2,¿{1:Dónde} {2:hay} {3:un buzón}?,{1:Where} {2:is there} {3:a postbox}?,
errands-post-05,Services & errands,At the post office,1,2,{1:Vengo} {2:a recoger} {3:un paquete}.,{1:I've come} {2:to collect} {3:a parcel}.,
errands-post-06,Services & errands,At the post office,1,2,{1:Es} {2:frágil}.,{1:It's} {2:fragile}.,
errands-post-07,Services & errands,At the post office,1,2,{1:Tiene que} {2:rellenar} {3:este formulario}.,{1:You have to} {2:fill in} {3:this form}.,
errands-post-08,Services & errands,At the post office,2,1,{1:El paquete} {2:todavía} {3:no} {4:ha llegado}.,{1:The parcel} {4:has}{3:n't} {4:arrived} {2:yet}.,
errands-post-09,Services & errands,At the post office,2,1,¿{1:Cuánto} {2:tardará} {3:en llegar}?,{1:How long} {2:will it take} {3:to arrive}?,
errands-post-10,Services & errands,At the post office,2,2,{1:Me dejaron} {2:un aviso} {3:en el buzón}.,{1:They left me} {2:a card} {3:in the letterbox}.,
errands-post-11,Services & errands,At the post office,2,2,"{1:Si} {2:no hay nadie} {3:en casa}, {4:se lo dejarán} {5:al vecino}.","{1:If} {2:there's no one} {3:at home}, {4:they'll leave it} {5:with the neighbour}.",
errands-post-12,Services & errands,At the post office,2,3,{1:Quiero} {2:mandarlo} {3:certificado}.,{1:I'd like} {2:to send it} {3:recorded delivery}.,
errands-post-13,Services & errands,At the post office,3,1,{1:Quiero} que {2:llegue} {3:antes del viernes}.,{1:I want} {2:it to arrive} {3:before Friday}.,
errands-hairdresser-01,Services & errands,At the hairdresser's,1,1,{1:Quiero} {2:cortarme} {3:el pelo}.,{1:I'd like} {2:to have} {3:my hair} {2:cut}.,
errands-hairdresser-02,Services & errands,At the hairdresser's,1,1,{1:Un poco} {2:más corto}.,{1:A bit} {2:shorter}.,
errands-hairdresser-03,Services & errands,At the hairdresser's,1,2,"{1:Solo} {2:las puntas}, {3:por favor}.","{1:Just} {2:the ends}, {3:please}.",
errands-hairdresser-04,Services & errands,At the hairdresser's,1,2,¿{1:Tiene} {2:hueco} {3:esta tarde}?,{1:Do you have} {2:a slot} {3:this afternoon}?,
errands-hairdresser-05,Services & errands,At the hairdresser's,1,2,{1:No} {2:demasiado} {3:corto} {4:por los lados}.,{1:Not} {2:too} {3:short} {4:at the sides}.,
errands-hairdresser-06,Services & errands,At the hairdresser's,1,3,{1:Quiero} {2:flequillo}.,{1:I'd like} {2:a fringe}.,
errands-hairdresser-07,Services & errands,At the hairdresser's,1,3,{1:Quiero} {2:teñirme} {3:el pelo} {4:de castaño}.,{1:I want} {2:to dye} {3:my hair} {4:brown}.,
errands-hairdresser-08,Services & errands,At the hairdresser's,2,1,{1:La última vez} {2:me lo cortaron} {3:demasiado}.,{1:Last time} {2:they cut} {3:too much} {2:off}.,
errands-hairdresser-09,Services & errands,At the hairdresser's,2,2,{1:Déjemelo} {2:un poco más largo} {3:por detrás}.,{1:Leave it} {2:a bit longer} {3:at the back}.,Two pronouns attached to a command: deje + me + lo.
errands-hairdresser-10,Services & errands,At the hairdresser's,2,2,¿{1:Me} {2:lo} {3:puede} {4:secar con secador}?,{3:Can you} {4:blow-dry} {2:it} {1:for me}?,
errands-hairdresser-11,Services & errands,At the hairdresser's,3,1,¿{1:Qué} {2:haría} {3:usted} {4:si} {5:fuera} {6:yo}?,{1:What} {2:would} {3:you} {2:do} {4:if} {5:you were} {6:me}?,
errands-hairdresser-12,Services & errands,At the hairdresser's,3,2,{1:Quiero} {2:algo} que {3:sea} {4:fácil de peinar}.,{1:I want} {2:something} {3:that's} {4:easy to style}.,
errands-hairdresser-13,Services & errands,At the hairdresser's,3,3,{1:Prefiero} que {2:no} {3:me lo corte} {4:a capas}.,{1:I'd rather} {3:you did}{2:n't} {3:cut it} {4:in layers}.,
errands-repairs-01,Services & errands,Repairs,1,1,{1:No hay} {2:agua caliente}.,{1:There's no} {2:hot water}.,
errands-repairs-02,Services & errands,Repairs,1,1,{1:La puerta} {2:no} {3:cierra} {4:bien}.,{1:The door} {3:does}{2:n't} {3:close} {4:properly}.,
errands-repairs-03,Services & errands,Repairs,1,1,¿{1:Cuándo} {2:puede} {3:venir}?,{1:When} {2:can you} {3:come}?,
errands-repairs-04,Services & errands,Repairs,1,1,¿{1:Cuánto} {2:me va a costar}?,{1:How much} {2:is it going to cost me}?,
errands-repairs-05,Services & errands,Repairs,1,3,{1:Gotea} {2:el techo}.,{2:The ceiling} {1:is leaking}.,
errands-repairs-06,Services & errands,Repairs,1,3,{1:Hay que} {2:cambiar} {3:la cerradura}.,{1:We need to} {2:change} {3:the lock}.,
errands-repairs-07,Services & errands,Repairs,1,3,¿{1:Me} {2:puede} {3:dar} {4:un presupuesto}?,{2:Can you} {3:give} {1:me} {4:a quote}?,
errands-repairs-08,Services & errands,Repairs,2,2,{1:Se ha roto} {2:la lavadora}.,{2:The washing machine} {1:has broken}.,
errands-repairs-09,Services & errands,Repairs,2,2,{1:Se ha ido} {2:la luz} {3:en toda la casa}.,{2:The power} {1:has gone off} {3:in the whole house}.,
errands-repairs-10,Services & errands,Repairs,2,2,"{1:El técnico} {2:vino} {3:ayer}, {4:pero} {5:no} {6:lo arregló}.","{1:The engineer} {2:came} {3:yesterday}, {4:but} {6:he did}{5:n't} {6:fix it}.",
errands-repairs-11,Services & errands,Repairs,3,1,{1:Necesito} que {2:venga} {3:hoy mismo}.,{1:I need} {2:you to come} {3:today}.,
errands-repairs-12,Services & errands,Repairs,3,2,"{1:Si} {2:lo} {3:hubiera revisado} {4:antes}, {5:no} {6:habría pasado} {7:esto}.","{1:If} {3:I'd checked} {2:it} {4:sooner}, {7:this} {6:would}{5:n't} {6:have happened}.",
errands-repairs-13,Services & errands,Repairs,3,3,{1:Me dijo} que {2:tendría que} {3:pedir} {4:una pieza} {5:de recambio}.,{1:He told me} {2:he'd have to} {3:order} {4:a} {5:spare} {4:part}.,
errands-paperwork-01,Services & errands,Paperwork & the town hall,1,1,{1:Necesito} {2:una cita}.,{1:I need} {2:an appointment}.,
errands-paperwork-02,Services & errands,Paperwork & the town hall,1,2,¿{1:Dónde} {2:está} {3:el ayuntamiento}?,{1:Where}{2:'s} {3:the town hall}?,
errands-paperwork-03,Services & errands,Paperwork & the town hall,1,2,¿{1:Qué documentos} {2:tengo que} {3:traer}?,{1:What documents} {2:do I need} {3:to bring}?,
errands-paperwork-04,Services & errands,Paperwork & the town hall,1,2,{1:Falta} {2:una firma} {3:aquí}.,{1:There's} {2:a signature} {1:missing} {3:here}.,
errands-paperwork-05,Services & errands,Paperwork & the town hall,1,3,{1:Vengo} {2:a inscribirme} {3:en el padrón}.,{1:I've come} {2:to register} {3:as a resident}.,The padrón is the local register of residents in Spain.
errands-paperwork-06,Services & errands,Paperwork & the town hall,1,3,{1:Necesito} {2:una fotocopia compulsada} {3:del pasaporte}.,{1:I need} {2:a certified copy} {3:of my passport}.,
errands-paperwork-07,Services & errands,Paperwork & the town hall,2,1,{1:Llevo} {2:tres semanas} {3:esperando} {4:una respuesta}.,{1:I've been} {3:waiting} {4:for an answer} {1:for} {2:three weeks}.,
errands-paperwork-08,Services & errands,Paperwork & the town hall,2,2,"{1:Rellene} {2:este impreso}, {3:por favor}.","{1:Fill in} {2:this form}, {3:please}.",
errands-paperwork-09,Services & errands,Paperwork & the town hall,2,2,{1:He pedido} {2:cita} {3:por internet}.,{1:I've booked} {2:an appointment} {3:online}.,
errands-paperwork-10,Services & errands,Paperwork & the town hall,2,3,{1:Me mandaron} {2:a otra ventanilla}.,{1:They sent me} {2:to another counter}.,
errands-paperwork-11,Services & errands,Paperwork & the town hall,2,3,{1:El trámite} {2:tardará} {3:unos dos meses}.,{1:The process} {2:will take} {3:about two months}.,un trámite = an official procedure.
errands-paperwork-12,Services & errands,Paperwork & the town hall,3,2,{1:Me dijeron} que {2:volviera} {3:con el original}.,{1:They told me} {2:to come back} {3:with the original}.,
errands-paperwork-13,Services & errands,Paperwork & the town hall,3,3,"{1:Hasta que} no {2:esté} {3:sellado}, {4:el documento} {5:no} {6:es válido}.","{1:Until} {2:it's} {3:stamped}, {4:the document} {6:is}{5:n't} {6:valid}.",
errands-paperwork-14,Services & errands,Paperwork & the town hall,3,3,"{1:Si} {2:me hubieran explicado} {3:bien} {4:los requisitos}, {5:no} {6:habría tenido que} {7:venir} {8:tres veces}.","{1:If} {2:they'd explained} {4:the requirements} {3:properly}, {6:I would}{5:n't} {6:have had to} {7:come} {8:three times}.",
errands-paperwork-15,Services & errands,Paperwork & the town hall,3,3,{1:Le ruego} que {2:me dé} {3:un justificante} {4:de que} {5:he presentado} {6:la solicitud}.,{1:Please} {2:give me} {3:proof} {4:that} {5:I've submitted} {6:the application}.,Le ruego que... is a very formal 'please'.
errands-residency-01,Services & errands,Residency & visas,1,2,{1:Quiero} {2:vivir} {3:aquí} {4:de forma permanente}.,{1:I want} {2:to live} {3:here} {4:permanently}.,
errands-residency-02,Services & errands,Residency & visas,1,2,{1:Necesito} {2:un visado} {3:de trabajo}.,{1:I need} {2:a} {3:work} {2:visa}.,
errands-residency-03,Services & errands,Residency & visas,1,3,{1:Mi permiso de residencia} {2:caduca} {3:en marzo}.,{1:My residence permit} {2:expires} {3:in March}.,
errands-residency-04,Services & errands,Residency & visas,1,3,{1:Tengo} {2:la doble nacionalidad}.,{1:I have} {2:dual nationality}.,
errands-residency-05,Services & errands,Residency & visas,1,3,{1:Hay que} {2:demostrar} {3:medios económicos suficientes}.,{1:You have to} {2:show} {3:sufficient financial means}.,
errands-residency-06,Services & errands,Residency & visas,2,1,{1:Llegué} {2:hace} {3:seis meses}.,{1:I arrived} {3:six months} {2:ago}.,
errands-residency-07,Services & errands,Residency & visas,2,2,{1:Presenté} {2:la solicitud} {3:en enero}.,{1:I submitted} {2:the application} {3:in January}.,
errands-residency-08,Services & errands,Residency & visas,2,3,{1:Me han concedido} {2:la residencia}.,{1:I've been granted} {2:residency}.,
errands-residency-09,Services & errands,Residency & visas,2,3,{1:Tuve que} {2:traducir} {3:mi partida de nacimiento}.,{1:I had to} {2:translate} {3:my birth certificate}.,
errands-residency-10,Services & errands,Residency & visas,2,3,{1:Me tomaron} {2:las huellas} {3:en la oficina de extranjería}.,{1:They took} {2:my fingerprints} {3:at the immigration office}.,
errands-residency-11,Services & errands,Residency & visas,2,3,"{1:Si} {2:no} {3:renuevo} {4:el permiso} {5:a tiempo}, {6:podrían} {7:multarme}.","{1:If} {3:I do}{2:n't} {3:renew} {4:the permit} {5:in time}, {6:they could} {7:fine me}.",
errands-residency-12,Services & errands,Residency & visas,3,2,{1:Espero} que {2:me la renueven} {3:sin problemas}.,{1:I hope} {2:they renew it} {3:without any problems}.,
errands-residency-13,Services & errands,Residency & visas,3,2,{1:Me pidieron} que {2:demostrara} {3:que} {4:tenía} {5:trabajo}.,{1:They asked me} {2:to prove} {3:that} {4:I had} {5:a job}.,
errands-residency-14,Services & errands,Residency & visas,3,2,"{1:Una vez que} {2:tenga} {3:la residencia}, {4:podré} {5:trabajar} {6:legalmente}.","{1:Once} {2:I have} {3:residency}, {4:I'll be able to} {5:work} {6:legally}.",
errands-residency-15,Services & errands,Residency & visas,3,3,{1:Es imprescindible} que {2:los documentos} {3:estén} {4:apostillados}.,{1:It's essential} {2:that the documents} {3:are} {4:apostilled}.,An apostille is an international certificate that makes a document valid abroad.
errands-vet-01,Services & errands,At the vet,1,1,{1:Mi perro} {2:está} {3:enfermo}.,{1:My dog} {2:is} {3:ill}.,
errands-vet-02,Services & errands,At the vet,1,1,{1:No} {2:quiere} {3:comer}.,{2:He does}{1:n't} {2:want} {3:to eat}.,
errands-vet-03,Services & errands,At the vet,1,2,{1:Vomita} {2:mucho}.,{1:He's being sick} {2:a lot}.,
errands-vet-04,Services & errands,At the vet,1,2,¿{1:Necesita} {2:vacunas}?,{1:Does she need} {2:vaccinations}?,
errands-vet-05,Services & errands,At the vet,1,3,{1:Cojea} {2:de la pata trasera}.,{1:He's limping} {2:on his back leg}.,
errands-vet-06,Services & errands,At the vet,1,3,{1:Tiene} {2:pulgas}.,{1:She's got} {2:fleas}.,
errands-vet-07,Services & errands,At the vet,1,3,{1:Quiero} {2:esterilizar} a {3:mi gata}.,{1:I'd like} {2:to have} {3:my cat} {2:spayed}.,
errands-vet-08,Services & errands,At the vet,2,1,{1:Se comió} {2:algo} {3:en la calle}.,{1:He ate} {2:something} {3:in the street}.,
errands-vet-09,Services & errands,At the vet,2,2,{1:Dale} {2:una pastilla} {3:cada doce horas}.,{1:Give him} {2:a tablet} {3:every twelve hours}.,
errands-vet-10,Services & errands,At the vet,2,3,{1:Le pusieron} {2:un microchip} {3:de cachorro}.,{1:They put} {2:a microchip} {1:in him} {3:as a puppy}.,
errands-vet-11,Services & errands,At the vet,2,3,{1:Tráigalo} {2:en ayunas} {3:mañana}.,{1:Bring him in} {3:tomorrow} {2:without food}.,en ayunas = without having eaten.
errands-vet-12,Services & errands,At the vet,3,2,"{1:Si} {2:lo hubiera traído} {3:antes}, {4:habría sido} {5:más fácil} {6:curarlo}.","{1:If} {2:you'd brought him} {3:in sooner}, {4:it would have been} {5:easier} {6:to treat him}.",
errands-vet-13,Services & errands,At the vet,3,3,{1:No} {2:le dejes} {3:lamer} {4:la herida}.,{1:Don't} {2:let him} {3:lick} {4:the wound}.,
errands-vet-14,Services & errands,At the vet,3,3,"{1:Es mejor} que {2:pase} {3:la noche} {4:aquí}, {5:en observación}.","{1:It's better} {2:if he spends} {3:the night} {4:here}, {5:under observation}.",
errands-vet-15,Services & errands,At the vet,3,3,{1:Tendrá que} {2:llevar} {3:el collar isabelino} {4:hasta que} {5:cicatrice} {6:la herida}.,{1:He'll have to} {2:wear} {3:the cone} {4:until} {6:the wound} {5:heals}.,
errands-drycleaner-01,Services & errands,Dry cleaner's & tailor,1,1,{1:Traigo} {2:este traje} {3:para limpiar}.,{1:I've brought} {2:this suit} {3:to be cleaned}.,
errands-drycleaner-02,Services & errands,Dry cleaner's & tailor,1,2,{1:Hay} {2:una mancha} {3:de vino} {4:en la camisa}.,{1:There's} {2:a} {3:wine} {2:stain} {4:on the shirt}.,
errands-drycleaner-03,Services & errands,Dry cleaner's & tailor,1,2,{1:Los pantalones} {2:me quedan} {3:largos}.,{1:The trousers} {2:are} {3:too long}.,quedar = to fit (on someone).
errands-drycleaner-04,Services & errands,Dry cleaner's & tailor,1,3,¿{1:Pueden} {2:arreglar} {3:la cremallera}?,{1:Can you} {2:fix} {3:the zip}?,
errands-drycleaner-05,Services & errands,Dry cleaner's & tailor,1,3,{1:Necesito} {2:coger el bajo} {3:de la falda}.,{1:I need} {2:to take up the hem} {3:of the skirt}.,
errands-drycleaner-06,Services & errands,Dry cleaner's & tailor,2,1,¿{1:Cuándo} {2:estará listo}?,{1:When} {2:will it be ready}?,
errands-drycleaner-07,Services & errands,Dry cleaner's & tailor,2,1,{1:Lo traje} {2:el lunes}.,{1:I brought it in} {2:on Monday}.,
errands-drycleaner-08,Services & errands,Dry cleaner's & tailor,2,2,{1:Se ha encogido} {2:el jersey}.,{2:The jumper} {1:has shrunk}.,
errands-drycleaner-09,Services & errands,Dry cleaner's & tailor,2,2,{1:Me han perdido} {2:un botón}.,{1:They've lost} {2:one of my buttons}.,
errands-drycleaner-10,Services & errands,Dry cleaner's & tailor,2,3,{1:La blusa} {2:es de seda}; {3:hay que} {4:lavarla} {5:a mano}.,{1:The blouse} {2:is silk}; {3:it needs} {4:washing} {5:by hand}.,
errands-drycleaner-11,Services & errands,Dry cleaner's & tailor,2,3,{1:Métamelo} {2:un poco} {3:de cintura}.,{1:Take it in} {2:a little} {3:at the waist}.,
errands-drycleaner-12,Services & errands,Dry cleaner's & tailor,3,2,"{1:Lo necesito} {2:para el sábado}, {3:así que} {4:espero} que {5:esté} {6:a tiempo}.","{1:I need it} {2:for Saturday}, {3:so} {4:I hope} {5:it's ready} {6:in time}.",
errands-drycleaner-13,Services & errands,Dry cleaner's & tailor,3,3,{1:No} {2:lo planchen} {3:a mucha temperatura}.,{1:Don't} {2:iron it} {3:on a high heat}.,
errands-drycleaner-14,Services & errands,Dry cleaner's & tailor,3,3,"{1:Si} {2:hubiera tratado} {3:la mancha} {4:enseguida}, {5:habría salido}.","{1:If} {2:I'd treated} {3:the stain} {4:straight away}, {5:it would have come out}.",
errands-drycleaner-15,Services & errands,Dry cleaner's & tailor,3,3,{1:Quisiera} que {2:me hicieran} {3:un traje} {4:a medida}.,{1:I'd like} {2:to have} {3:a suit} {4:made to measure}.,
errands-contracts-01,Services & errands,Phone & internet contracts,1,1,¿{1:Cuánto} {2:cuesta} {3:al mes}?,{1:How much} {2:is it} {3:a month}?,
errands-contracts-02,Services & errands,Phone & internet contracts,1,2,{1:Quiero} {2:cambiar} {3:de tarifa}.,{1:I'd like} {2:to change} {3:my tariff}.,
errands-contracts-03,Services & errands,Phone & internet contracts,1,2,{1:La factura} {2:viene} {3:más alta} {4:de lo normal}.,{1:The bill} {2:is} {3:higher} {4:than usual}.,
errands-contracts-04,Services & errands,Phone & internet contracts,1,3,¿{1:Hay} {2:permanencia}?,{1:Is there} {2:a minimum contract period}?,
errands-contracts-05,Services & errands,Phone & internet contracts,1,3,{1:Necesito} {2:una tarjeta SIM} {3:de prepago}.,{1:I need} {2:a} {3:pay-as-you-go} {2:SIM card}.,
errands-contracts-06,Services & errands,Phone & internet contracts,1,3,"{1:Si} {2:me doy de baja} {3:ahora}, ¿{4:tengo que} {5:pagar} {6:penalización}?","{1:If} {2:I cancel} {3:now}, {4:do I have to} {5:pay} {6:a penalty}?",
errands-contracts-07,Services & errands,Phone & internet contracts,2,2,{1:Me cobraron} {2:llamadas} {3:que no hice}.,{1:They charged me for} {2:calls} {3:I didn't make}.,
errands-contracts-08,Services & errands,Phone & internet contracts,2,2,{1:Me han ofrecido} {2:una oferta} {3:mejor}.,{1:I've been offered} {2:a} {3:better} {2:deal}.,
errands-contracts-09,Services & errands,Phone & internet contracts,2,3,{1:Quiero} {2:darme de baja}.,{1:I'd like} {2:to cancel my contract}.,
errands-contracts-10,Services & errands,Phone & internet contracts,2,3,{1:Recarga} {2:el móvil} {3:en el estanco}.,{1:Top up} {2:your phone} {3:at the corner shop}.,
errands-contracts-11,Services & errands,Phone & internet contracts,2,3,{1:He portado} {2:mi número} {3:a otra compañía}.,{1:I've moved} {2:my number} {3:to another provider}.,
errands-contracts-12,Services & errands,Phone & internet contracts,3,2,{1:No} {2:firmes} {3:nada} {4:sin leer} {5:las condiciones}.,{1:Don't} {2:sign} {3:anything} {4:without reading} {5:the terms}.,
errands-contracts-13,Services & errands,Phone & internet contracts,3,2,{1:Quiero} que {2:me expliquen} {3:este cargo}.,{1:I'd like} {2:you to explain} {3:this charge}.,
errands-contracts-14,Services & errands,Phone & internet contracts,3,3,{1:Me aseguraron} que {2:no} {3:habría} {4:costes adicionales}.,{1:They assured me} {3:there would}{2:n't} {3:be} {4:any extra costs}.,
errands-contracts-15,Services & errands,Phone & internet contracts,3,3,"{1:Si} {2:me hubieran informado} {3:de la permanencia}, {4:no} {5:habría firmado}.","{1:If} {2:they'd told me} {3:about the minimum period}, {5:I would}{4:n't} {5:have signed}.",
errands-locksmith-01,Services & errands,Keys & the locksmith,1,1,{1:No} {2:puedo} {3:entrar} {4:en casa}.,{2:I can}{1:'t} {3:get} {4:into the house}.,
errands-locksmith-02,Services & errands,Keys & the locksmith,1,2,¿{1:Me puede hacer} {2:una copia} {3:de esta llave}?,{1:Could you cut} {2:a copy} {3:of this key}?,
errands-locksmith-03,Services & errands,Keys & the locksmith,1,2,{1:La llave} {2:no} {3:gira}.,{1:The key} {3:wo}{2:n't} {3:turn}.,
errands-locksmith-04,Services & errands,Keys & the locksmith,1,3,{1:Necesito} {2:un cerrajero} {3:urgente}.,{1:I need} {2:a locksmith} {3:urgently}.,
errands-locksmith-05,Services & errands,Keys & the locksmith,1,3,{1:La cerradura} {2:está} {3:atascada}.,{1:The lock} {2:is} {3:jammed}.,
errands-locksmith-06,Services & errands,Keys & the locksmith,1,3,{1:Hay que} {2:cambiar} {3:el bombín}.,{1:We need to} {2:change} {3:the lock cylinder}.,
errands-locksmith-07,Services & errands,Keys & the locksmith,2,1,{1:Me he dejado} {2:las llaves} {3:dentro}.,{1:I've left} {2:my keys} {3:inside}.,
errands-locksmith-08,Services & errands,Keys & the locksmith,2,1,{1:Perdí} {2:las llaves} {3:anoche}.,{1:I lost} {2:my keys} {3:last night}.,
errands-locksmith-09,Services & errands,Keys & the locksmith,2,2,¿{1:Cuánto} {2:me cobrará} {3:por abrir la puerta}?,{1:How much} {2:will you charge me} {3:to open the door}?,
errands-locksmith-10,Services & errands,Keys & the locksmith,2,2,{1:Le dejé} {2:una llave} {3:a la vecina}.,{1:I left} {2:a key} {3:with my neighbour}.,
errands-locksmith-11,Services & errands,Keys & the locksmith,2,3,{1:Se ha roto} {2:la llave} {3:dentro de la cerradura}.,{2:The key} {1:has snapped} {3:in the lock}.,
errands-locksmith-12,Services & errands,Keys & the locksmith,3,2,{1:No} {2:cierres con llave}; {3:no} {4:tengo} {5:copia}.,{1:Don't} {2:lock the door}; {4:I have}{3:n't} {4:got} {5:a key}.,
errands-locksmith-13,Services & errands,Keys & the locksmith,3,2,"{1:Si} {2:hubiera dejado} {3:una copia} {4:a alguien}, {5:no} {6:habría tenido que} {7:llamar} {8:al cerrajero}.","{1:If} {2:I'd left} {3:a spare} {4:with someone}, {6:I would}{5:n't} {6:have had to} {7:call} {8:the locksmith}.",
errands-locksmith-14,Services & errands,Keys & the locksmith,3,3,{1:Quiero} {2:una cerradura} {3:que sea} {4:más segura}.,{1:I'd like} {2:a lock} {3:that's} {4:more secure}.,
errands-locksmith-15,Services & errands,Keys & the locksmith,3,3,{1:Le pediré al casero} que {2:cambie} {3:la cerradura}.,{1:I'll ask the landlord} {2:to change} {3:the lock}.,
stories-story-01,Stories & memories,Telling a story,1,1,{1:Te voy a contar} {2:una cosa}.,{1:I'm going to tell you} {2:something}.,
stories-story-02,Stories & memories,Telling a story,1,1,¿{1:Sabes} {2:qué}?,{1:You know} {2:what}?,
stories-story-03,Stories & memories,Telling a story,2,1,{1:Escucha} {2:esto}.,{1:Listen} {2:to this}.,
stories-story-04,Stories & memories,Telling a story,2,1,{1:Un día} {2:iba} {3:por la calle} {4:y} {5:vi} a {6:un famoso}.,{1:One day} {2:I was walking} {3:down the street} {4:and} {5:I saw} {6:someone famous}.,"Imperfect (iba) for the background, preterite (vi) for what happened."
stories-story-05,Stories & memories,Telling a story,2,1,{1:Era} {2:un día} {3:de lluvia} {4:y} {5:no había} {6:nadie}.,{1:It was} {2:a} {3:rainy} {2:day} {4:and} {5:there was} {6:nobody about}.,
stories-story-06,Stories & memories,Telling a story,2,1,{1:Entonces} {2:sonó} {3:el teléfono}.,{1:Then} {3:the phone} {2:rang}.,
stories-story-07,Stories & memories,Telling a story,2,1,{1:Al final} {2:todo} {3:salió bien}.,{1:In the end} {2:everything} {3:turned out fine}.,
stories-story-08,Stories & memories,Telling a story,2,1,{1:No} {2:me podía creer} {3:lo que} {4:estaba viendo}.,{2:I could}{1:n't} {2:believe} {3:what} {4:I was seeing}.,
stories-story-09,Stories & memories,Telling a story,2,2,"{1:De repente}, {2:se fue} {3:la luz}.","{1:Suddenly}, {3:the lights} {2:went out}.",
stories-story-10,Stories & memories,Telling a story,2,2,{1:Al principio} {2:no} {3:me di cuenta} {4:de nada}.,{1:At first} {3:I did}{2:n't} {3:notice} {4:anything}.,
stories-story-11,Stories & memories,Telling a story,2,2,"{1:Total}, que {2:perdimos} {3:el tren}.","{1:Long story short}, {2:we missed} {3:the train}.","Total, que... = 'so, in the end...', very common in stories."
stories-story-12,Stories & memories,Telling a story,2,3,"{1:Mientras} {2:esperábamos}, {3:empezó a} {4:granizar}.","{1:While} {2:we were waiting}, {3:it started to} {4:hail}.",
stories-story-13,Stories & memories,Telling a story,3,1,"{1:Cuando} {2:llegamos}, {3:ya} {4:se habían ido} {5:todos}.","{1:When} {2:we arrived}, {5:everyone} {4:had} {3:already} {4:left}.",
stories-story-14,Stories & memories,Telling a story,3,1,{1:Me dijo} que {2:no} {3:me preocupara}.,{1:He told me} {2:not} {3:to worry}.,Reported commands take the imperfect subjunctive.
stories-story-15,Stories & memories,Telling a story,3,2,{1:Resulta} que {2:se había equivocado} {3:de día}.,{1:It turns out} {2:she'd got} {3:the wrong day}.,
stories-story-16,Stories & memories,Telling a story,3,2,"{1:Si} {2:no} {3:hubiera sido} {4:por} {5:un desconocido}, {6:habríamos pasado} {7:la noche} {8:en la estación}.","{1:If} {3:it had}{2:n't} {3:been} {4:for} {5:a stranger}, {6:we'd have spent} {7:the night} {8:at the station}.",
stories-funny-01,Stories & memories,Funny moments,1,1,¡{1:Qué} {2:vergüenza}!,{1:How} {2:embarrassing}!,
stories-funny-02,Stories & memories,Funny moments,1,1,¡{1:Qué} {2:risa}!,{1:How} {2:funny}!,
stories-funny-03,Stories & memories,Funny moments,1,1,{1:No} {2:me lo puedo creer}.,{2:I can}{1:'t} {2:believe it}.,
stories-funny-04,Stories & memories,Funny moments,1,2,{1:Me muero} {2:de risa}.,{1:I'm dying} {2:of laughter}.,
stories-funny-05,Stories & memories,Funny moments,2,1,{1:Me caí} {2:delante de} {3:todo el mundo}.,{1:I fell over} {2:in front of} {3:everyone}.,
stories-funny-06,Stories & memories,Funny moments,2,1,{1:Nos reímos} {2:muchísimo}.,{1:We laughed} {2:so much}.,
stories-funny-07,Stories & memories,Funny moments,2,2,{1:Me equivoqué} {2:de nombre} {3:y} {4:la llamé} {5:Marta}.,{1:I got} {2:her name} {1:wrong} {3:and} {4:called her} {5:Marta}.,
stories-funny-08,Stories & memories,Funny moments,2,2,{1:Se me escapó la risa} {2:en el funeral}.,{1:I couldn't help laughing} {2:at the funeral}.,
stories-funny-09,Stories & memories,Funny moments,2,2,{1:Me puse} {2:rojísim[o|a]}.,{1:I went} {2:bright red}.,
stories-funny-10,Stories & memories,Funny moments,2,2,{1:Salí} {2:de casa} {3:en zapatillas}.,{1:I left} {2:the house} {3:in my slippers}.,
stories-funny-11,Stories & memories,Funny moments,2,2,{1:Me quedé} {2:encerrad[o|a]} {3:en el baño} {4:de un restaurante}.,{1:I got} {2:locked} {3:in the toilet} {4:at a restaurant}.,
stories-funny-12,Stories & memories,Funny moments,2,2,"{1:Pensé} que {2:era} {3:mi coche}, {4:pero} {5:resultó ser} {6:el de otra persona}.","{1:I thought} {2:it was} {3:my car}, {4:but} {5:it turned out to be} {6:someone else's}.",
stories-funny-13,Stories & memories,Funny moments,3,1,"{1:No} {2:te rías}, que {3:es} {4:verdad}.",{1:Don't} {2:laugh}; {3:it's} {4:true}.,
stories-funny-14,Stories & memories,Funny moments,3,2,"{1:Si} {2:me hubieras visto}, {3:te habrías muerto de risa}.","{1:If} {2:you'd seen me}, {3:you'd have died laughing}.",
stories-funny-15,Stories & memories,Funny moments,3,2,{1:Hizo como si} {2:no} {3:me conociera}.,{1:He acted as if} {3:he did}{2:n't} {3:know me}.,
stories-funny-16,Stories & memories,Funny moments,3,2,{1:Todavía} {2:me da vergüenza} que {3:me vieran} {4:así}.,{1:It still} {2:embarrasses me} {3:that they saw me} {4:like that}.,
stories-childhood-01,Stories & memories,Childhood memories,1,1,{1:Me acuerdo} {2:de mi primer día} {3:de colegio}.,{1:I remember} {2:my first day} {3:at school}.,
stories-childhood-02,Stories & memories,Childhood memories,2,1,"{1:De pequeñ[o|a]}, {2:vivía} {3:en el campo}.","{1:As a child}, {2:I lived} {3:in the countryside}.",
stories-childhood-03,Stories & memories,Childhood memories,2,1,{1:Jugábamos} {2:en la calle} {3:hasta la hora de cenar}.,{1:We used to play} {2:in the street} {3:until dinner time}.,
stories-childhood-04,Stories & memories,Childhood memories,2,1,{1:Me encantaban} {2:los veranos} {3:en el pueblo}.,{1:I loved} {2:the summers} {3:in the village}.,
stories-childhood-05,Stories & memories,Childhood memories,2,1,{1:Tenía} {2:miedo} {3:a la oscuridad}.,{1:I was} {2:afraid} {3:of the dark}.,
stories-childhood-06,Stories & memories,Childhood memories,2,1,"{1:Cuando} {2:tenía} {3:diez años}, {4:me rompí} {5:el brazo}.","{1:When} {2:I was} {3:ten}, {4:I broke} {5:my arm}.",
stories-childhood-07,Stories & memories,Childhood memories,2,2,{1:Mi abuela} {2:nos contaba} {3:cuentos} {4:por la noche}.,{1:My grandmother} {2:used to tell us} {3:stories} {4:at night}.,
stories-childhood-08,Stories & memories,Childhood memories,2,2,{1:Siempre} {2:me peleaba} {3:con mi hermano}.,{2:I} {1:always} {2:used to fight} {3:with my brother}.,
stories-childhood-09,Stories & memories,Childhood memories,2,2,{1:Mi madre} {2:me obligaba a} {3:comer} {4:verdura}.,{1:My mother} {2:used to make me} {3:eat} {4:vegetables}.,
stories-childhood-10,Stories & memories,Childhood memories,2,2,{1:Íbamos} {2:de acampada} {3:todos los veranos}.,{1:We used to go} {2:camping} {3:every summer}.,
stories-childhood-11,Stories & memories,Childhood memories,2,3,"{1:Aunque} {2:no} {3:teníamos} {4:mucho dinero}, {5:nunca} {6:nos faltó} {7:de nada}.","{1:Although} {3:we did}{2:n't} {3:have} {4:much money}, {6:we} {5:never} {6:went without} {7:anything}.",
stories-childhood-12,Stories & memories,Childhood memories,3,1,{1:Mis padres} {2:no} {3:me dejaban} que {4:saliera} {5:sol[o|a]}.,{1:My parents} {3:did}{2:n't} {3:let me} {4:go out} {5:alone}.,dejar que + subjunctive = to let someone do something.
stories-childhood-13,Stories & memories,Childhood memories,3,1,{1:Me habría gustado} {2:conocer} a {3:mi abuelo}.,{1:I'd have liked} {2:to meet} {3:my grandfather}.,
stories-childhood-14,Stories & memories,Childhood memories,3,2,{1:Ojalá} {2:pudiera} {3:volver} {4:a aquella época}.,{1:I wish} {2:I could} {3:go back} {4:to those days}.,
stories-childhood-15,Stories & memories,Childhood memories,3,2,{1:Recuerdo} que {2:mi padre} {3:siempre} {4:me decía} que {5:estudiara} {6:idiomas}.,{1:I remember} {2:my father} {3:always} {4:telling me} {5:to study} {6:languages}.,
stories-gossip-01,Stories & memories,Gossip,1,1,¿{1:Sabes} {2:lo de} {3:Ana}?,{1:Have you heard} {2:about} {3:Ana}?,lo de = 'the business about'.
stories-gossip-02,Stories & memories,Gossip,1,1,{1:Eso} {2:es} {3:un secreto}.,{1:That}{2:'s} {3:a secret}.,
stories-gossip-03,Stories & memories,Gossip,1,2,{1:Dicen} que {2:están} {3:saliendo}.,{1:They say} {2:they're} {3:going out}.,
stories-gossip-04,Stories & memories,Gossip,2,1,{1:Me lo contó} {2:su hermana}.,{2:Her sister} {1:told me}.,
stories-gossip-05,Stories & memories,Gossip,2,1,{1:Me han dicho} que {2:se va a} {3:mudar} {4:a Australia}.,{1:I've heard} {2:she's going to} {3:move} {4:to Australia}.,
stories-gossip-06,Stories & memories,Gossip,2,2,¿{1:Te has enterado}?,{1:Have you heard}?,enterarse = to find out.
stories-gossip-07,Stories & memories,Gossip,2,2,{1:Se han separado}.,{1:They've split up}.,
stories-gossip-08,Stories & memories,Gossip,2,2,"{1:Al parecer}, {2:lo han despedido}.","{1:Apparently}, {2:he's been sacked}.",
stories-gossip-09,Stories & memories,Gossip,2,3,{1:Se rumorea} que {2:van a} {3:cerrar} {4:la fábrica}.,{1:Rumour has it} {2:they're going to} {3:close} {4:the factory}.,
stories-gossip-10,Stories & memories,Gossip,3,1,{1:No} {2:se lo digas} {3:a nadie}.,{1:Don't} {2:tell} {3:anyone}.,
stories-gossip-11,Stories & memories,Gossip,3,1,{1:No me extraña} que {2:esté} {3:enfadada}.,{1:No wonder} {2:she's} {3:angry}.,
stories-gossip-12,Stories & memories,Gossip,3,1,"{1:No creo} que {2:sea} {3:verdad}, {4:pero} {5:eso} {6:dicen}.","{1:I don't think} {2:it's} {3:true}, {4:but} {5:that's} {6:what they say}.",
stories-gossip-13,Stories & memories,Gossip,3,2,{1:Me dijo} que {2:se lo había contado} {3:su jefe}.,{1:He told me} {3:his boss} {2:had told him}.,
stories-gossip-14,Stories & memories,Gossip,3,2,"{1:No es asunto mío}, {2:pero} {3:me parece} {4:raro} que {5:no} {6:haya dicho} {7:nada}.","{1:It's none of my business}, {2:but} {3:I find it} {4:odd} {6:she has}{5:n't} {6:said} {7:anything}.",
stories-gossip-15,Stories & memories,Gossip,3,3,"{1:Como} {2:se entere} {3:su mujer}, {4:se va a armar} {5:una buena}.","{1:If} {3:his wife} {2:finds out}, {4:there's going to be} {5:real trouble}.","como + subjunctive = 'if', used as a warning."
stories-whatif-01,Stories & memories,Regrets & what-ifs,2,1,{1:Me equivoqué}.,{1:I made a mistake}.,
stories-whatif-02,Stories & memories,Regrets & what-ifs,2,2,{1:Lo siento}; {2:no} {3:debí} {4:decir} {5:eso}.,{1:I'm sorry}; {3:I should}{2:n't} {3:have} {4:said} {5:that}.,no debí + infinitive = 'I shouldn't have'.
stories-whatif-03,Stories & memories,Regrets & what-ifs,2,3,"{1:Lo hecho, hecho está}.",{1:What's done is done}.,
stories-whatif-04,Stories & memories,Regrets & what-ifs,3,1,{1:Debería} {2:haber estudiado} {3:más}.,{1:I should} {2:have studied} {3:more}.,
stories-whatif-05,Stories & memories,Regrets & what-ifs,3,1,{1:Me arrepiento de} {2:no} {3:haber viajado} {4:más}.,{1:I regret} {2:not} {3:travelling} {4:more}.,
stories-whatif-06,Stories & memories,Regrets & what-ifs,3,1,{1:Ojalá} {2:no} {3:lo hubiera hecho}.,{1:I wish} {3:I had}{2:n't} {3:done it}.,
stories-whatif-07,Stories & memories,Regrets & what-ifs,3,1,"{1:Si} {2:lo hubiera sabido}, {3:habría venido} {4:antes}.","{1:If} {2:I'd known}, {3:I'd have come} {4:sooner}.",
stories-whatif-08,Stories & memories,Regrets & what-ifs,3,1,{1:Qué pena} que {2:no} {3:pudieras} {4:venir}.,{1:What a shame} {3:you could}{2:n't} {4:come}.,
stories-whatif-09,Stories & memories,Regrets & what-ifs,3,2,"{1:Si} {2:tuviera} {3:otra oportunidad}, {4:lo haría} {5:de otra manera}.","{1:If} {2:I had} {3:another chance}, {4:I'd do it} {5:differently}.",
stories-whatif-10,Stories & memories,Regrets & what-ifs,3,2,"{1:Si} {2:hubiera aceptado} {3:aquel trabajo}, {4:ahora} {5:viviría} {6:en Nueva York}.","{1:If} {2:I'd accepted} {3:that job}, {5:I'd} {4:now} {5:be living} {6:in New York}.",A mixed 'if': a past condition with a present result.
stories-whatif-11,Stories & memories,Regrets & what-ifs,3,2,{1:Ojalá} {2:te hubiera hecho caso}.,{1:I wish} {2:I'd listened to you}.,
stories-whatif-12,Stories & memories,Regrets & what-ifs,3,2,{1:Nunca} {2:me perdonaré} {3:no} {4:haber estado} {5:allí}.,{2:I'll} {1:never} {2:forgive myself} {3:for not} {4:being} {5:there}.,
stories-whatif-13,Stories & memories,Regrets & what-ifs,3,2,"{1:De haberlo sabido}, {2:no} {3:habría dicho} {4:nada}.","{1:Had I known}, {3:I would}{2:n't} {3:have said} {4:anything}.",de + haber + participle = 'had I...'.
stories-whatif-14,Stories & memories,Regrets & what-ifs,3,3,{1:Quién} {2:me iba a decir} que {3:acabaría} {4:viviendo} {5:aquí}.,{1:Who} {2:would have thought} {3:I'd end up} {4:living} {5:here}.,
stories-whatif-15,Stories & memories,Regrets & what-ifs,3,3,"{1:Si} {2:me hubieran advertido} {3:de los riesgos}, {4:me lo habría pensado dos veces}.","{1:If} {2:they'd warned me} {3:about the risks}, {4:I'd have thought twice}.",
stories-dreams-01,Stories & memories,Plans & dreams,1,1,{1:Quiero} {2:viajar} {3:por todo el mundo}.,{1:I want} {2:to travel} {3:all over the world}.,
stories-dreams-02,Stories & memories,Plans & dreams,1,1,{1:Mi sueño} {2:es} {3:tener} {4:una casa} {5:en el campo}.,{1:My dream} {2:is} {3:to have} {4:a house} {5:in the country}.,
stories-dreams-03,Stories & memories,Plans & dreams,1,1,{1:Algún día} {2:voy a} {3:escribir} {4:un libro}.,{1:One day} {2:I'm going to} {3:write} {4:a book}.,
stories-dreams-04,Stories & memories,Plans & dreams,1,2,{1:Estoy ahorrando} {2:para} {3:dar la vuelta al mundo}.,{1:I'm saving} {2:to} {3:travel round the world}.,
stories-dreams-05,Stories & memories,Plans & dreams,1,2,"{1:Dentro de} {2:cinco años}, {3:me veo} {4:con mi propio negocio}.","{1:In} {2:five years' time}, {3:I see myself} {4:with my own business}.",
stories-dreams-06,Stories & memories,Plans & dreams,1,3,{1:Tengo pensado} {2:montar} {3:una empresa}.,{1:I'm planning} {2:to set up} {3:a company}.,
stories-dreams-07,Stories & memories,Plans & dreams,2,1,{1:El año que viene} {2:empezaré} {3:a estudiar} {4:piano}.,{1:Next year} {2:I'll start} {3:learning} {4:the piano}.,
stories-dreams-08,Stories & memories,Plans & dreams,2,1,{1:Me encantaría} {2:vivir} {3:en el extranjero}.,{1:I'd love} {2:to live} {3:abroad}.,
stories-dreams-09,Stories & memories,Plans & dreams,3,1,"{1:Cuando} {2:tenga} {3:hijos}, {4:quiero} {5:pasar} {6:más tiempo} {7:con ellos}.","{1:When} {2:I have} {3:children}, {4:I want} {5:to spend} {6:more time} {7:with them}.",
stories-dreams-10,Stories & memories,Plans & dreams,3,1,"{1:Si} {2:me tocara} {3:la lotería}, {4:me compraría} {5:un barco}.","{1:If} {2:I won} {3:the lottery}, {4:I'd buy} {5:a boat}.","tocar = to win (a prize), literally 'if the lottery touched me'."
stories-dreams-11,Stories & memories,Plans & dreams,3,1,{1:Me gustaría} que {2:mis hijos} {3:aprendieran} {4:otro idioma}.,{1:I'd like} {2:my children} {3:to learn} {4:another language}.,
stories-dreams-12,Stories & memories,Plans & dreams,3,2,{1:Espero} que {2:para entonces} {3:haya terminado} {4:la carrera}.,{1:I hope} {3:I'll have finished} {4:my degree} {2:by then}.,
stories-dreams-13,Stories & memories,Plans & dreams,3,2,"{1:En cuanto} {2:ahorre} {3:lo suficiente}, {4:me iré} {5:a vivir} {6:a la costa}.","{1:As soon as} {2:I've saved} {3:enough}, {4:I'll go} {5:and live} {6:on the coast}.",
stories-dreams-14,Stories & memories,Plans & dreams,3,2,{1:Lo que} {2:más} {3:deseo} {4:es} que {5:mi familia} {6:esté} {7:bien}.,{1:What} {3:I want} {2:most} {4:is} {5:for my family} {6:to be} {7:well}.,
stories-dreams-15,Stories & memories,Plans & dreams,3,3,"{1:Para cuando} {2:me jubile}, {3:espero} {4:haber pagado} {5:la hipoteca}.","{1:By the time} {2:I retire}, {3:I hope} {4:to have paid off} {5:the mortgage}.",
stories-travel-01,Stories & memories,Travel tales,1,1,{1:Te voy a contar} {2:una cosa} {3:de mi viaje}.,{1:Let me tell you} {2:something} {3:about my trip}.,
stories-travel-02,Stories & memories,Travel tales,2,1,{1:Esto} {2:pasó} {3:en Tailandia}.,{1:This} {2:happened} {3:in Thailand}.,
stories-travel-03,Stories & memories,Travel tales,2,1,{1:Perdimos} {2:el último tren}.,{1:We missed} {2:the last train}.,
stories-travel-04,Stories & memories,Travel tales,2,1,{1:No} {2:entendíamos} {3:nada} {4:del menú}.,{2:We could}{1:n't} {2:understand} {3:anything} {4:on the menu}.,
stories-travel-05,Stories & memories,Travel tales,2,1,{1:Dormimos} {2:en el aeropuerto}.,{1:We slept} {2:at the airport}.,
stories-travel-06,Stories & memories,Travel tales,2,2,{1:Nos perdimos} {2:en medio de la montaña}.,{1:We got lost} {2:in the middle of the mountains}.,
stories-travel-07,Stories & memories,Travel tales,2,2,{1:Un señor} {2:nos invitó} {3:a comer} {4:a su casa}.,{1:A man} {2:invited us} {4:to his house} {3:for lunch}.,
stories-travel-08,Stories & memories,Travel tales,2,2,{1:Resulta} que {2:el hotel} {3:no existía}.,{1:It turned out} {2:the hotel} {3:didn't exist}.,
stories-travel-09,Stories & memories,Travel tales,2,3,{1:Hicimos autostop} {2:durante tres días}.,{1:We hitchhiked} {2:for three days}.,
stories-travel-10,Stories & memories,Travel tales,2,3,{1:Se nos pinchó} {2:una rueda} {3:en el desierto}.,{1:We got} {2:a flat tyre} {3:in the desert}.,
stories-travel-11,Stories & memories,Travel tales,3,1,"{1:Cuando} {2:por fin} {3:llegamos}, {4:ya} {5:habían cerrado}.","{1:When} {3:we} {2:finally} {3:arrived}, {5:they'd} {4:already} {5:closed}.",
stories-travel-12,Stories & memories,Travel tales,3,2,"{1:Si} {2:no} {3:hubiéramos perdido} {4:el vuelo}, {5:no} {6:la habría conocido}.","{1:If} {3:we had}{2:n't} {3:missed} {4:the flight}, {6:I would}{5:n't} {6:have met her}.",
stories-travel-13,Stories & memories,Travel tales,3,2,{1:Nadie} {2:se creía} que {3:hubiéramos llegado} {4:en bici}.,{1:Nobody} {2:believed} {3:we'd got there} {4:by bike}.,
stories-travel-14,Stories & memories,Travel tales,3,2,"{1:De haberlo sabido}, {2:habríamos reservado} {3:con antelación}.","{1:Had we known}, {2:we'd have booked} {3:in advance}.",
stories-travel-15,Stories & memories,Travel tales,3,2,{1:El guía} {2:nos contó} que {3:nadie} {4:había subido} {5:hasta allí} {6:en años}.,{1:The guide} {2:told us} {3:nobody} {4:had climbed} {5:up there} {6:in years}.,
stories-scary-01,Stories & memories,Scary moments,1,1,{1:Tengo} {2:miedo} {3:a la oscuridad}.,{1:I'm} {2:afraid} {3:of the dark}.,
stories-scary-02,Stories & memories,Scary moments,1,2,¡{1:Qué} {2:susto}!,{1:What} {2:a fright}!,
stories-scary-03,Stories & memories,Scary moments,1,2,{1:Me dan miedo} {2:las arañas}.,{1:I'm scared of} {2:spiders}.,
stories-scary-04,Stories & memories,Scary moments,1,2,{1:Casi} {2:me da} {3:un infarto}.,{2:I} {1:nearly} {2:had} {3:a heart attack}.,Spanish often uses the present for a near miss.
stories-scary-05,Stories & memories,Scary moments,2,2,{1:Se oían} {2:ruidos} {3:en el piso de arriba}.,{1:You could hear} {2:noises} {3:upstairs}.,
stories-scary-06,Stories & memories,Scary moments,2,2,{1:Se fue} {2:la luz} {3:de repente}.,{2:The power} {1:went off} {3:suddenly}.,
stories-scary-07,Stories & memories,Scary moments,2,2,{1:Me quedé} {2:paralizad[o|a]} {3:del miedo}.,{1:I} {2:froze} {3:with fear}.,
stories-scary-08,Stories & memories,Scary moments,2,2,{1:Alguien} {2:llamó} {3:a la puerta} {4:a las tres de la mañana}.,{1:Someone} {2:knocked} {3:on the door} {4:at three in the morning}.,
stories-scary-09,Stories & memories,Scary moments,2,2,{1:Resultó} {2:ser} {3:el gato}.,{1:It turned out} {2:to be} {3:the cat}.,
stories-scary-10,Stories & memories,Scary moments,2,3,{1:Se me pusieron} {2:los pelos de punta}.,{2:My hair} {1:stood on end}.,
stories-scary-11,Stories & memories,Scary moments,2,3,{1:Juraría} que {2:había} {3:alguien} {4:en el jardín}.,{1:I could have sworn} {2:there was} {3:someone} {4:in the garden}.,
stories-scary-12,Stories & memories,Scary moments,2,3,{1:Pasé} {2:toda la noche} {3:sin pegar ojo}.,{1:I spent} {2:the whole night} {3:without sleeping a wink}.,
stories-scary-13,Stories & memories,Scary moments,3,1,{1:No} {2:me dejes} {3:sol[o|a]}.,{1:Don't} {2:leave me} {3:alone}.,
stories-scary-14,Stories & memories,Scary moments,3,2,"{1:Si} {2:hubieras visto} {3:su cara}, {4:te habrías reído}.","{1:If} {2:you'd seen} {3:his face}, {4:you'd have laughed}.",
stories-scary-15,Stories & memories,Scary moments,3,2,{1:Nunca} {2:había pasado} {3:tanto miedo} {4:en mi vida}.,{2:I'd} {1:never} {2:been} {3:so scared} {4:in my life}.,
stories-scary-16,Stories & memories,Scary moments,3,3,"{1:Por si fuera poco}, {2:se nos acabó} {3:la batería}.","{1:To make matters worse}, {3:our battery} {2:ran out}.",
news-news-01,News & media,The news,1,1,{1:Leo} {2:el periódico} {3:todas las mañanas}.,{1:I read} {2:the paper} {3:every morning}.,
news-news-02,News & media,The news,1,1,{1:Escucho} {2:la radio} {3:en el coche}.,{1:I listen to} {2:the radio} {3:in the car}.,
news-news-03,News & media,The news,1,1,{1:No} {2:me creo} {3:todo lo que} {4:dicen} {5:en la tele}.,{2:I do}{1:n't} {2:believe} {3:everything} {4:they say} {5:on TV}.,
news-news-04,News & media,The news,1,2,{1:Hay} {2:una huelga} {3:de transporte} {4:mañana}.,{1:There's} {2:a} {3:transport} {2:strike} {4:tomorrow}.,
news-news-05,News & media,The news,1,2,{1:Ponen} {2:las noticias} {3:a las nueve}.,{2:The news} {1:is on} {3:at nine}.,
news-news-06,News & media,The news,1,2,{1:Sale} {2:en todos los periódicos}.,{1:It's} {2:in all the papers}.,
news-news-07,News & media,The news,1,3,{1:El titular} {2:es} {3:muy sensacionalista}.,{1:The headline} {2:is} {3:very sensationalist}.,
news-news-08,News & media,The news,2,1,¿{1:Has visto} {2:las noticias}?,{1:Have you seen} {2:the news}?,
news-news-09,News & media,The news,2,1,{1:Lo leí} {2:en un artículo}.,{1:I read it} {2:in an article}.,
news-news-10,News & media,The news,2,2,{1:Ha habido} {2:un terremoto} {3:en Japón}.,{1:There's been} {2:an earthquake} {3:in Japan}.,
news-news-11,News & media,The news,2,2,"{1:Según} {2:la radio}, {3:han cortado} {4:la autopista}.","{1:According to} {2:the radio}, {3:they've closed} {4:the motorway}.",
news-news-12,News & media,The news,2,3,{1:El alcalde} {2:dimitió} {3:ayer}.,{1:The mayor} {2:resigned} {3:yesterday}.,
news-news-13,News & media,The news,3,2,{1:Es una pena} que {2:solo} {3:den} {4:malas noticias}.,{1:It's a shame} {3:they} {2:only} {3:report} {4:bad news}.,
news-news-14,News & media,The news,3,3,{1:Se espera} que {2:suban} {3:los tipos de interés}.,{3:Interest rates} {1:are expected} {2:to rise}.,
news-news-15,News & media,The news,3,3,{1:El periodista} {2:dijo} que {3:la noticia} {4:no} {5:había sido confirmada}.,{1:The journalist} {2:said} {3:the story} {5:had}{4:n't} {5:been confirmed}.,
news-news-16,News & media,The news,3,3,"{1:Antes de} {2:compartir} {3:una noticia}, {4:conviene} {5:comprobar} que {6:sea} {7:cierta}.","{1:Before} {2:sharing} {3:a news story}, {4:it's wise} {5:to check} {6:it's} {7:true}.",
news-social-01,News & media,Social media,1,1,¿{1:Tienes} {2:Instagram}?,{1:Are you on} {2:Instagram}?,
news-social-02,News & media,Social media,1,1,{1:Paso} {2:demasiado tiempo} {3:en el móvil}.,{1:I spend} {2:too much time} {3:on my phone}.,
news-social-03,News & media,Social media,1,2,{1:Te sigo} {2:en redes}.,{1:I follow you} {2:on social media}.,
news-social-04,News & media,Social media,1,2,{1:Subo} {2:fotos} {3:casi todos los días}.,{1:I post} {2:photos} {3:almost every day}.,
news-social-05,News & media,Social media,1,2,{1:Tiene} {2:miles de seguidores}.,{1:She has} {2:thousands of followers}.,
news-social-06,News & media,Social media,1,3,{1:Hay} {2:muchos comentarios} {3:ofensivos}.,{1:There are} {2:a lot of} {3:offensive} {2:comments}.,
news-social-07,News & media,Social media,2,2,{1:Este vídeo} {2:se ha hecho viral}.,{1:This video} {2:has gone viral}.,
news-social-08,News & media,Social media,2,2,{1:He borrado} {2:mi cuenta}.,{1:I've deleted} {2:my account}.,
news-social-09,News & media,Social media,2,2,{1:Me ha bloqueado}.,{1:He's blocked me}.,
news-social-10,News & media,Social media,2,3,{1:Etiquétame} {2:en la foto}.,{1:Tag me} {2:in the photo}.,
news-social-11,News & media,Social media,2,3,{1:Lo denuncié} {2:por acoso}.,{1:I reported him} {2:for harassment}.,
news-social-12,News & media,Social media,3,2,"{1:No} {2:subas} {3:esa foto}, {4:por favor}.","{1:Don't} {2:post} {3:that photo}, {4:please}.",
news-social-13,News & media,Social media,3,2,{1:Me molesta} que {2:la gente} {3:esté} {4:siempre} {5:mirando} {6:el móvil}.,{1:It annoys me} {2:that people} {3:are} {4:always} {5:looking at} {6:their phones}.,
news-social-14,News & media,Social media,3,2,"{1:Si} {2:no} {3:existieran} {4:las redes sociales}, {5:viviríamos} {6:más tranquilos}.","{1:If} {4:social media} {3:did}{2:n't} {3:exist}, {5:we'd live} {6:more peacefully}.",
news-social-15,News & media,Social media,3,3,{1:Te aconsejo} que {2:configures} {3:tu perfil} {4:como privado}.,{1:I'd advise you} {2:to set} {3:your profile} {4:to private}.,
news-politics-01,News & media,Elections & local politics,1,2,{1:Mañana} {2:hay} {3:elecciones}.,{2:There's} {3:an election} {1:tomorrow}.,
news-politics-02,News & media,Elections & local politics,1,2,{1:No} {2:me interesa} {3:la política}.,{2:I'm} {1:not} {2:interested in} {3:politics}.,
news-politics-03,News & media,Elections & local politics,1,2,{1:Prefiero} {2:no} {3:hablar de política} {4:en el trabajo}.,{1:I'd rather} {2:not} {3:talk politics} {4:at work}.,
news-politics-04,News & media,Elections & local politics,1,3,{1:Hay que} {2:llevar} {3:el DNI} {4:para votar}.,{1:You have to} {2:take} {3:your ID card} {4:to vote}.,
news-politics-05,News & media,Elections & local politics,1,3,{1:Los colegios electorales} {2:cierran} {3:dentro de una hora}.,{1:Polling stations} {2:close} {3:in an hour}.,
news-politics-06,News & media,Elections & local politics,1,3,{1:Hay} {2:cinco candidatos} {3:a la alcaldía}.,{1:There are} {2:five candidates} {3:for mayor}.,
news-politics-07,News & media,Elections & local politics,2,2,¿{1:Dónde} {2:se vota}?,{1:Where} {2:do you vote}?,
news-politics-08,News & media,Elections & local politics,2,2,¿{1:Fuiste} {2:a votar}?,{1:Did you go} {2:and vote}?,
news-politics-09,News & media,Elections & local politics,2,2,{1:Ganó} {2:por muy pocos votos}.,{1:She won} {2:by very few votes}.,
news-politics-10,News & media,Elections & local politics,2,3,{1:La participación} {2:fue} {3:muy alta}.,{1:Turnout} {2:was} {3:very high}.,
news-politics-11,News & media,Elections & local politics,2,3,{1:El ayuntamiento} {2:ha aprobado} {3:una nueva ordenanza}.,{1:The council} {2:has passed} {3:a new by-law}.,
news-politics-12,News & media,Elections & local politics,3,2,{1:Es importante} que {2:todo el mundo} {3:vote}.,{1:It's important} {2:that everyone} {3:votes}.,
news-politics-13,News & media,Elections & local politics,3,2,{1:No} {2:creo} que {3:cambie} {4:nada} {5:con el nuevo gobierno}.,{2:I do}{1:n't} {2:think} {4:anything} {3:will change} {5:with the new government}.,
news-politics-14,News & media,Elections & local politics,3,3,{1:Las encuestas} {2:decían} que {3:ganaría} {4:el otro partido}.,{1:The polls} {2:said} {4:the other party} {3:would win}.,
news-politics-15,News & media,Elections & local politics,3,3,"{1:Independientemente de} {2:quién} {3:gane}, {4:habrá que} {5:llegar a acuerdos}.","{1:Regardless of} {2:who} {3:wins}, {4:they'll have to} {5:reach agreements}.",
news-podcasts-01,News & media,Podcasts & radio,1,1,{1:Escucho} {2:podcasts} {3:en el tren}.,{1:I listen to} {2:podcasts} {3:on the train}.,
news-podcasts-02,News & media,Podcasts & radio,1,1,{1:Me gusta} {2:la radio} {3:por la mañana}.,{1:I like} {2:the radio} {3:in the morning}.,
news-podcasts-03,News & media,Podcasts & radio,1,2,{1:Es} {2:un programa} {3:de entrevistas}.,{1:It's} {2:an} {3:interview} {2:show}.,
news-podcasts-04,News & media,Podcasts & radio,1,2,{1:Sale} {2:un episodio nuevo} {3:cada semana}.,{2:A new episode} {1:comes out} {3:every week}.,
news-podcasts-05,News & media,Podcasts & radio,1,2,{1:El presentador} {2:tiene} {3:una voz} {4:muy agradable}.,{1:The presenter} {2:has} {3:a} {4:very pleasant} {3:voice}.,
news-podcasts-06,News & media,Podcasts & radio,1,2,{1:Te paso} {2:el enlace} {3:del episodio}.,{1:I'll send you} {2:the link} {3:to the episode}.,
news-podcasts-07,News & media,Podcasts & radio,1,3,{1:Estoy suscrit[o|a]} {2:a varios podcasts}.,{1:I'm subscribed} {2:to several podcasts}.,
news-podcasts-08,News & media,Podcasts & radio,1,3,{1:Lo escucho} {2:a doble velocidad}.,{1:I listen to it} {2:at double speed}.,
news-podcasts-09,News & media,Podcasts & radio,2,2,{1:Ayer} {2:escuché} {3:una entrevista} {4:muy interesante}.,{1:Yesterday} {2:I heard} {3:a} {4:really interesting} {3:interview}.,
news-podcasts-10,News & media,Podcasts & radio,2,2,{1:Llamé} {2:al programa} {3:para dar mi opinión}.,{1:I rang} {2:the programme} {3:to give my opinion}.,
news-podcasts-11,News & media,Podcasts & radio,2,3,{1:Han entrevistado} a {2:una científica} {3:famosa}.,{1:They've interviewed} {2:a} {3:famous} {2:scientist}.,
news-podcasts-12,News & media,Podcasts & radio,3,1,{1:Escúchalo} {2:cuando} {3:tengas} {4:un rato}.,{1:Listen to it} {2:when} {3:you have} {4:a moment}.,
news-podcasts-13,News & media,Podcasts & radio,3,2,{1:Me sorprende} que {2:tenga} {3:tantos oyentes}.,{1:I'm surprised} {2:it has} {3:so many listeners}.,
news-podcasts-14,News & media,Podcasts & radio,3,2,"{1:Si} {2:el sonido} {3:fuera} {4:mejor}, {5:lo escucharía} {6:más a menudo}.","{1:If} {2:the sound} {3:were} {4:better}, {5:I'd listen to it} {6:more often}.",
news-podcasts-15,News & media,Podcasts & radio,3,3,{1:La invitada} {2:dijo} que {3:se arrepentía} {4:de no haber hablado} {5:antes}.,{1:The guest} {2:said} {3:she regretted} {4:not speaking out} {5:sooner}.,
news-currentaffairs-01,News & media,Current affairs,1,1,{1:Todo el mundo} {2:habla de} {3:eso}.,{1:Everyone}{2:'s talking about} {3:it}.,
news-currentaffairs-02,News & media,Current affairs,1,1,{1:Los precios} {2:están subiendo} {3:mucho}.,{1:Prices} {2:are going up} {3:a lot}.,
news-currentaffairs-03,News & media,Current affairs,1,2,{1:El alquiler} {2:es} {3:un problema} {4:para los jóvenes}.,{1:Rent} {2:is} {3:a problem} {4:for young people}.,
news-currentaffairs-04,News & media,Current affairs,1,3,{1:Es} {2:un tema} {3:muy polémico}.,{1:It's} {2:a} {3:very controversial} {2:subject}.,
news-currentaffairs-05,News & media,Current affairs,1,3,{1:Hay} {2:mucho paro} {3:en esta región}.,{1:There's} {2:a lot of unemployment} {3:in this region}.,
news-currentaffairs-06,News & media,Current affairs,1,3,{1:Hay} {2:una manifestación} {3:en el centro}.,{1:There's} {2:a demonstration} {3:in the centre}.,
news-currentaffairs-07,News & media,Current affairs,2,2,¿{1:Te has enterado de} {2:lo que ha pasado}?,{1:Have you heard} {2:what's happened}?,
news-currentaffairs-08,News & media,Current affairs,2,2,{1:Han subido} {2:los impuestos} {3:otra vez}.,{1:They've put up} {2:taxes} {3:again}.,
news-currentaffairs-09,News & media,Current affairs,2,3,{1:Prefiero} {2:informarme} {3:bien} {4:antes de} {5:opinar}.,{1:I prefer} {2:to get informed} {3:properly} {4:before} {5:giving an opinion}.,
news-currentaffairs-10,News & media,Current affairs,2,3,{1:La gente} {2:salió} {3:a la calle} {4:a protestar}.,{1:People} {2:took} {3:to the streets} {4:in protest}.,
news-currentaffairs-11,News & media,Current affairs,2,3,{1:Se ha convocado} {2:una huelga general}.,{2:A general strike} {1:has been called}.,
news-currentaffairs-12,News & media,Current affairs,3,1,{1:Depende de} {2:a quién} {3:le preguntes}.,{1:It depends} {2:who} {3:you ask}.,
news-currentaffairs-13,News & media,Current affairs,3,2,{1:No creo} que {2:se solucione} {3:pronto}.,{1:I don't think} {2:it'll be solved} {3:soon}.,
news-currentaffairs-14,News & media,Current affairs,3,3,{1:Es preocupante} que {2:los jóvenes} {3:no} {4:puedan} {5:independizarse}.,{1:It's worrying} {2:that young people} {4:can}{3:'t} {5:afford to leave home}.,
news-currentaffairs-15,News & media,Current affairs,3,3,"{1:Si} {2:hubiera más vivienda} {3:asequible}, {4:no} {5:habría} {6:tantos problemas}.","{1:If} {2:there were more} {3:affordable} {2:housing}, {5:there would}{4:n't} {5:be} {6:so many problems}.",
learn-university-01,Learning & education,At university,1,1,{1:Estudio} {2:Derecho}.,{1:I'm studying} {2:law}.,
learn-university-02,Learning & education,At university,1,1,{1:Estoy} {2:en segundo}.,{1:I'm} {2:in my second year}.,
learn-university-03,Learning & education,At university,1,2,¿{1:Qué} {2:carrera} {3:estudias}?,{1:What} {2:degree} {3:are you doing}?,
learn-university-04,Learning & education,At university,1,2,{1:Vivo} {2:en una residencia} {3:de estudiantes}.,{1:I live} {2:in a} {3:student} {2:hall}.,
learn-university-05,Learning & education,At university,1,2,{1:Tengo} {2:clase} {3:a las ocho}.,{1:I have} {2:a lecture} {3:at eight}.,
learn-university-06,Learning & education,At university,1,3,{1:La matrícula} {2:es} {3:muy cara}.,{1:Tuition fees} {2:are} {3:very expensive}.,
learn-university-07,Learning & education,At university,1,3,{1:Estoy haciendo} {2:un máster} {3:en el extranjero}.,{1:I'm doing} {2:a master's} {3:abroad}.,
learn-university-08,Learning & education,At university,2,1,{1:Me matriculé} {2:el año pasado}.,{1:I enrolled} {2:last year}.,
learn-university-09,Learning & education,At university,2,2,{1:He pedido} {2:una beca}.,{1:I've applied for} {2:a grant}.,
learn-university-10,Learning & education,At university,2,2,{1:Me cambié} {2:de carrera} {3:en primero}.,{1:I changed} {2:courses} {3:in my first year}.,
learn-university-11,Learning & education,At university,2,3,{1:Fui} {2:de Erasmus} {3:a Italia}.,{1:I went} {3:to Italy} {2:on an exchange}.,
learn-university-12,Learning & education,At university,3,2,"{1:Si} {2:hubiera elegido} {3:otra carrera}, {4:ahora} {5:tendría} {6:más salidas}.","{1:If} {2:I'd chosen} {3:a different degree}, {5:I'd have} {6:more job prospects} {4:now}.",
learn-university-13,Learning & education,At university,3,2,{1:Mis padres} {2:querían} que {3:estudiara} {4:Medicina}.,{1:My parents} {2:wanted} {3:me to study} {4:medicine}.,
learn-university-14,Learning & education,At university,3,3,{1:Me falta} {2:entregar} {3:el trabajo de fin de grado}.,{1:I still have to} {2:hand in} {3:my dissertation}.,
learn-university-15,Learning & education,At university,3,3,"{1:Cuando} {2:termine} {3:la carrera}, {4:me gustaría} {5:hacer} {6:un doctorado}.","{1:When} {2:I finish} {3:my degree}, {4:I'd like} {5:to do} {6:a PhD}.",
learn-exams-01,Learning & education,Exams & results,1,1,{1:El examen} {2:es} {3:el lunes}.,{1:The exam} {2:is} {3:on Monday}.,
learn-exams-02,Learning & education,Exams & results,1,1,{1:Estoy} {2:muy nervios[o|a]}.,{1:I'm} {2:really nervous}.,
learn-exams-03,Learning & education,Exams & results,1,2,{1:Tengo que} {2:estudiar} {3:toda la noche}.,{1:I have to} {2:study} {3:all night}.,
learn-exams-04,Learning & education,Exams & results,1,2,¿{1:Cuándo} {2:salen} {3:las notas}?,{1:When} {2:do} {3:the results} {2:come out}?,
learn-exams-05,Learning & education,Exams & results,1,3,{1:El examen} {2:es} {3:tipo test}.,{1:The exam} {2:is} {3:multiple choice}.,
learn-exams-06,Learning & education,Exams & results,2,1,¡{1:He aprobado}!,{1:I've passed}!,
learn-exams-07,Learning & education,Exams & results,2,1,{1:Suspendí} {2:Matemáticas}.,{1:I failed} {2:maths}.,
learn-exams-08,Learning & education,Exams & results,2,2,{1:Saqué} {2:un nueve} {3:en Historia}.,{1:I got} {2:a nine} {3:in history}.,Spain and Mexico mark out of ten.
learn-exams-09,Learning & education,Exams & results,2,2,{1:El examen} {2:fue} {3:más difícil de lo que} {4:esperaba}.,{1:The exam} {2:was} {3:harder than} {4:I expected}.,
learn-exams-10,Learning & education,Exams & results,2,3,{1:Me quedé en blanco} {2:en la segunda pregunta}.,{1:My mind went blank} {2:on the second question}.,
learn-exams-11,Learning & education,Exams & results,2,3,{1:Tengo que} {2:repetir} {3:la asignatura}.,{1:I have to} {2:retake} {3:the subject}.,
learn-exams-12,Learning & education,Exams & results,3,1,{1:Ojalá} {2:apruebe}.,{1:I hope} {2:I pass}.,
learn-exams-13,Learning & education,Exams & results,3,2,"{1:Si} {2:hubiera estudiado} {3:más}, {4:habría sacado} {5:mejor nota}.","{1:If} {2:I'd studied} {3:more}, {4:I'd have got} {5:a better mark}.",
learn-exams-14,Learning & education,Exams & results,3,2,{1:No} {2:copies}; {3:te pueden} {4:expulsar}.,{1:Don't} {2:cheat}; {3:they can} {4:throw you out}.,
learn-exams-15,Learning & education,Exams & results,3,3,{1:El profesor} {2:dijo} que {3:revisaría} {4:el examen} {5:si} {6:se lo pedíamos}.,{1:The teacher} {2:said} {3:he'd review} {4:the exam} {5:if} {6:we asked him}.,
learn-spanish-01,Learning & education,Learning Spanish,1,1,{1:Estoy aprendiendo} {2:español}.,{1:I'm learning} {2:Spanish}.,
learn-spanish-02,Learning & education,Learning Spanish,1,1,{1:Quiero} {2:mejorar} {3:mi español}.,{1:I want} {2:to improve} {3:my Spanish}.,
learn-spanish-03,Learning & education,Learning Spanish,1,1,¿{1:Cómo} {2:se pronuncia} {3:esta palabra}?,{1:How} {2:do you pronounce} {3:this word}?,
learn-spanish-04,Learning & education,Learning Spanish,1,2,{1:Me cuesta} {2:entender} {3:a la gente} {4:cuando habla rápido}.,{1:I find it hard} {2:to understand} {3:people} {4:when they talk fast}.,
learn-spanish-05,Learning & education,Learning Spanish,1,2,{1:Los verbos irregulares} {2:son} {3:un lío}.,{1:Irregular verbs} {2:are} {3:a nightmare}.,
learn-spanish-06,Learning & education,Learning Spanish,1,3,{1:Confundo} {2:ser} {3:y} {4:estar}.,{1:I mix up} {2:ser} {3:and} {4:estar}.,
learn-spanish-07,Learning & education,Learning Spanish,1,3,{1:No} {2:sé} {3:cuándo} {4:usar} {5:el subjuntivo}.,{2:I do}{1:n't} {2:know} {3:when} {4:to use} {5:the subjunctive}.,
learn-spanish-08,Learning & education,Learning Spanish,2,1,{1:Corrígeme} {2:si} {3:me equivoco}.,{1:Correct me} {2:if} {3:I make a mistake}.,
learn-spanish-09,Learning & education,Learning Spanish,2,1,"{1:Habla} {2:más despacio}, {3:por favor}, que {4:no} {5:te entiendo}.","{1:Speak} {2:more slowly}, {3:please}; {5:I can}{4:'t} {5:understand you}.",
learn-spanish-10,Learning & education,Learning Spanish,2,2,{1:Empecé} {2:a estudiar} {3:hace dos años}.,{1:I started} {2:learning} {3:two years ago}.,
learn-spanish-11,Learning & education,Learning Spanish,2,2,{1:He mejorado} {2:mucho} {3:desde que} {4:vivo aquí}.,{1:I've improved} {2:a lot} {3:since} {4:I've been living here}.,
learn-spanish-12,Learning & education,Learning Spanish,2,2,"{1:Apúntamelo} {2:aquí}, {3:por favor}.","{1:Write it down for me} {2:here}, {3:please}.",
learn-spanish-13,Learning & education,Learning Spanish,2,3,{1:Hago} {2:un intercambio de idiomas} {3:los jueves}.,{1:I do} {2:a language exchange} {3:on Thursdays}.,
learn-spanish-14,Learning & education,Learning Spanish,3,2,{1:Me gustaría} {2:hablar} {3:con tanta fluidez} {4:como} {5:tú}.,{1:I'd like} {2:to speak} {3:as fluently} {4:as} {5:you}.,
learn-spanish-15,Learning & education,Learning Spanish,3,3,"{1:Aunque} {2:entienda} {3:casi todo}, {4:me cuesta} {5:expresarme} {6:con soltura}.","{1:Even though} {2:I understand} {3:almost everything}, {4:I find it hard} {5:to express myself} {6:fluently}.",
learn-classroom-01,Learning & education,In class,1,1,¿{1:Puedo} {2:ir} {3:al baño}?,{1:Can I} {2:go} {3:to the toilet}?,
learn-classroom-02,Learning & education,In class,1,1,{1:No} {2:entiendo} {3:este ejercicio}.,{2:I do}{1:n't} {2:understand} {3:this exercise}.,
learn-classroom-03,Learning & education,In class,1,2,¿{1:Qué} {2:hay} {3:de deberes}?,{1:What} {2:is there} {3:for homework}?,
learn-classroom-04,Learning & education,In class,1,2,¿{1:Cómo} {2:se escribe} {3:eso}?,{1:How} {2:do you spell} {3:that}?,
learn-classroom-05,Learning & education,In class,1,2,{1:Se me ha olvidado} {2:el cuaderno}.,{1:I've forgotten} {2:my exercise book}.,
learn-classroom-06,Learning & education,In class,1,3,{1:Necesito} {2:un sacapuntas}.,{1:I need} {2:a pencil sharpener}.,
learn-classroom-07,Learning & education,In class,2,1,{1:Abrid} {2:el libro} {3:por la página veinte}.,{1:Open} {2:your books} {3:at page twenty}.,"Abrid is a vosotros command, Spain only."
learn-classroom-08,Learning & education,In class,2,1,"{1:Repite} {2:la pregunta}, {3:por favor}.","{1:Repeat} {2:the question}, {3:please}.",
learn-classroom-09,Learning & education,In class,2,2,{1:Trabajad} {2:en parejas}.,{1:Work} {2:in pairs}.,
learn-classroom-10,Learning & education,In class,2,2,{1:Ayer} {2:no} {3:vine} {4:porque} {5:estaba} {6:enferm[o|a]}.,{3:I did}{2:n't} {3:come} {1:yesterday} {4:because} {5:I was} {6:ill}.,
learn-classroom-11,Learning & education,In class,2,3,{1:Entregadme} {2:las redacciones} {3:el lunes}.,{1:Hand in} {2:your essays} {3:on Monday}.,
learn-classroom-12,Learning & education,In class,3,1,{1:No} {2:habléis} {3:mientras} {4:explico}.,{1:Don't} {2:talk} {3:while} {4:I'm explaining}.,
learn-classroom-13,Learning & education,In class,3,2,{1:Quiero} que {2:leáis} {3:el capítulo tres} {4:para mañana}.,{1:I want} {2:you to read} {3:chapter three} {4:for tomorrow}.,
learn-classroom-14,Learning & education,In class,3,2,{1:La profesora} {2:nos pidió} que {3:apagáramos} {4:los móviles}.,{1:The teacher} {2:asked us} {3:to switch off} {4:our phones}.,
learn-classroom-15,Learning & education,In class,3,3,"{1:Si} {2:no} {3:hubiera faltado} {4:tanto}, {5:entendería} {6:mejor} {7:el temario}.","{1:If} {3:I had}{2:n't} {3:missed} {4:so many classes}, {5:I'd understand} {7:the syllabus} {6:better}.",
learn-parents-01,Learning & education,School & parents,1,1,{1:Mi hijo} {2:tiene} {3:ocho años}.,{1:My son} {2:is} {3:eight}.,
learn-parents-02,Learning & education,School & parents,1,1,{1:Va} {2:a un colegio} {3:público}.,{1:She goes} {2:to a} {3:state} {2:school}.,
learn-parents-03,Learning & education,School & parents,1,2,¿{1:A qué hora} {2:salen} {3:los niños}?,{1:What time} {2:do} {3:the children} {2:finish}?,
learn-parents-04,Learning & education,School & parents,1,2,{1:Tenemos} {2:reunión} {3:con la tutora} {4:el martes}.,{1:We have} {2:a meeting} {3:with the form teacher} {4:on Tuesday}.,
learn-parents-05,Learning & education,School & parents,1,2,{1:Le cuesta} {2:mucho} {3:leer}.,{1:He finds} {3:reading} {2:really} {1:hard}.,
learn-parents-06,Learning & education,School & parents,1,3,{1:El comedor} {2:es} {3:bastante caro}.,{1:School lunches} {2:are} {3:quite expensive}.,
learn-parents-07,Learning & education,School & parents,1,3,{1:Hay} {2:una excursión} {3:el viernes}.,{1:There's} {2:a school trip} {3:on Friday}.,
learn-parents-08,Learning & education,School & parents,2,1,{1:Hoy} {2:no} {3:ha ido} {4:al colegio}.,{3:She has}{2:n't} {3:gone} {4:to school} {1:today}.,
learn-parents-09,Learning & education,School & parents,2,2,{1:Se peleó} {2:con un compañero} {3:en el recreo}.,{1:He got into a fight} {2:with a classmate} {3:at break}.,
learn-parents-10,Learning & education,School & parents,2,2,"{1:Firma} {2:esta autorización}, {3:por favor}.","{1:Sign} {2:this consent form}, {3:please}.",
learn-parents-11,Learning & education,School & parents,2,3,{1:Lo han castigado} {2:sin recreo}.,{1:He's been kept in} {2:at break}.,
learn-parents-12,Learning & education,School & parents,3,2,{1:Me preocupa} que {2:no} {3:tenga} {4:amigos} {5:en clase}.,{1:I'm worried} {3:he does}{2:n't} {3:have} {4:any friends} {5:in his class}.,
learn-parents-13,Learning & education,School & parents,3,2,{1:La tutora} {2:nos recomendó} que {3:le pusiéramos} {4:un profesor particular}.,{1:The form teacher} {2:recommended} {3:we get him} {4:a private tutor}.,
learn-parents-14,Learning & education,School & parents,3,3,"{1:Si} {2:siguiera} {3:con estas notas}, {4:tendría que} {5:repetir} {6:curso}.","{1:If} {2:he carried on} {3:with these marks}, {4:he'd have to} {5:repeat} {6:the year}.",
learn-parents-15,Learning & education,School & parents,3,3,{1:No} {2:dejes} que {3:pase} {4:tantas horas} {5:con la tableta}.,{1:Don't} {2:let} {3:her spend} {4:so many hours} {5:on the tablet}.,
learn-courses-01,Learning & education,Courses & training,1,1,{1:Quiero} {2:hacer} {3:un curso} {4:de cocina}.,{1:I want} {2:to do} {3:a} {4:cooking} {3:course}.,
learn-courses-02,Learning & education,Courses & training,1,2,¿{1:Cuánto} {2:dura} {3:el curso}?,{1:How long} {2:is} {3:the course}?,
learn-courses-03,Learning & education,Courses & training,1,2,¿{1:Hay} {2:clases} {3:por la tarde}?,{1:Are there} {2:classes} {3:in the evening}?,
learn-courses-04,Learning & education,Courses & training,1,2,{1:El curso} {2:es} {3:online}.,{1:The course} {2:is} {3:online}.,
learn-courses-05,Learning & education,Courses & training,1,3,¿{1:Dan} {2:un certificado} {3:al final}?,{1:Do you get} {2:a certificate} {3:at the end}?,
learn-courses-06,Learning & education,Courses & training,1,3,{1:La empresa} {2:me paga} {3:la formación}.,{1:My company} {2:pays for} {3:my training}.,
learn-courses-07,Learning & education,Courses & training,2,1,{1:Me apunté} {2:a clases de baile}.,{1:I signed up} {2:for dance classes}.,
learn-courses-08,Learning & education,Courses & training,2,2,{1:He hecho} {2:un curso} {3:de primeros auxilios}.,{1:I've done} {2:a} {3:first-aid} {2:course}.,
learn-courses-09,Learning & education,Courses & training,2,2,{1:Lo dejé} {2:a mitad de curso}.,{1:I gave it up} {2:halfway through the course}.,
learn-courses-10,Learning & education,Courses & training,2,3,{1:Me sacaré} {2:el título} {3:en junio}.,{1:I'll get} {2:my qualification} {3:in June}.,
learn-courses-11,Learning & education,Courses & training,2,3,{1:Las plazas} {2:son} {3:limitadas}.,{1:Places} {2:are} {3:limited}.,
learn-courses-12,Learning & education,Courses & training,3,1,"{1:Cuando} {2:termine} {3:el curso}, {4:buscaré} {5:trabajo}.","{1:When} {2:I finish} {3:the course}, {4:I'll look for} {5:work}.",
learn-courses-13,Learning & education,Courses & training,3,2,{1:Me recomendaron} que {2:me apuntara} {3:cuanto antes}.,{1:They advised me} {2:to sign up} {3:as soon as possible}.,
learn-courses-14,Learning & education,Courses & training,3,3,{1:Es imprescindible} que {2:asistas} {3:al ochenta por ciento} {4:de las clases}.,{1:It's essential} {2:that you attend} {3:eighty per cent} {4:of the classes}.,
learn-courses-15,Learning & education,Courses & training,3,3,"{1:De haber sabido} que {2:era} {3:tan exigente}, {4:me lo habría pensado}.","{1:Had I known} {2:it was} {3:so demanding}, {4:I'd have thought twice}.",
